# WaveFront *.obj file (generated by Cheetah3D)

mtllib MQ-9.mtl

g Engine
v 2.020487 2.364961 0.003246
v 2.017125 2.557543 0.003246
v 2.017125 2.557543 -0.003247
v 2.020487 2.364961 -0.003247
v 2.147937 2.367187 -0.007999
v 2.144576 2.559769 -0.007999
v 2.144576 2.559769 0.007998
v 2.147937 2.367187 0.007998
v 2.024726 2.365036 0.007998
v 2.021364 2.557618 0.007998
v 2.021364 2.557618 -0.007999
v 2.024726 2.365036 -0.007999
v 3.993102 2.639133 0.155495
v 4.000673 2.605922 0.153454
v 4.006968 2.578720 0.140489
v 4.010735 2.562930 0.115706
v 4.012615 2.555534 0.082061
v 4.013229 2.553511 0.042507
v 4.013234 2.553844 -0.000001
v 4.013229 2.553511 -0.042508
v 4.012615 2.555534 -0.082062
v 4.010735 2.562930 -0.115707
v 4.006968 2.578720 -0.140489
v 4.000673 2.605922 -0.153455
v 3.993102 2.639133 -0.155496
v 3.985531 2.672948 -0.147505
v 3.979204 2.701962 -0.130374
v 3.975384 2.720771 -0.104997
v 3.973457 2.731488 -0.073435
v 3.972795 2.736228 -0.037749
v 3.972779 2.737103 -0.000001
v 3.972795 2.736228 0.037747
v 3.973457 2.731488 0.073434
v 3.975384 2.720771 0.104997
v 3.985531 2.672948 0.147505
v 3.979204 2.701962 0.130374
v 3.943707 2.672218 0.147505
v 3.944310 2.638281 0.155495
v 3.945675 2.561795 0.115706
v 3.945814 2.554368 0.082061
v 3.942569 2.735701 0.037747
v 3.942652 2.730951 0.073434
v 3.944901 2.604949 -0.153455
v 3.944310 2.638281 -0.155496
v 3.945849 2.552335 -0.042508
v 3.945814 2.554368 -0.082062
v 3.942850 2.720203 -0.104997
v 3.942652 2.730951 -0.073435
v 3.945398 2.577645 0.140489
v 3.944901 2.604949 0.153454
v 3.945844 2.552668 -0.000001
v 3.945849 2.552335 0.042507
v 3.943179 2.701333 0.130374
v 3.942850 2.720203 0.104997
v 3.943179 2.701333 -0.130374
v 3.943707 2.672218 -0.147505
v 3.945398 2.577645 -0.140489
v 3.945675 2.561795 -0.115707
v 3.942554 2.736576 -0.000001
v 3.942569 2.735701 -0.037749
v 3.951756 2.672359 0.147505
v 3.952368 2.638422 0.155495
v 3.953733 2.561935 0.115706
v 3.953863 2.554508 0.082061
v 3.950628 2.735842 0.037747
v 3.950711 2.731091 0.073434
v 3.952960 2.605089 -0.153455
v 3.952368 2.638422 -0.155496
v 3.953898 2.552476 -0.042508
v 3.953863 2.554508 -0.082062
v 3.950899 2.720344 -0.104997
v 3.950711 2.731091 -0.073435
v 3.953447 2.577786 0.140489
v 3.952960 2.605089 0.153454
v 3.953893 2.552809 -0.000001
v 3.953898 2.552476 0.042507
v 3.951238 2.701474 0.130374
v 3.950899 2.720344 0.104997
v 3.951238 2.701474 -0.130374
v 3.951756 2.672359 -0.147505
v 3.953447 2.577786 -0.140489
v 3.953733 2.561935 -0.115707
v 3.950613 2.736717 -0.000001
v 3.950628 2.735842 -0.037749
v 2.125053 2.421107 0.147635
v 2.125338 2.404748 0.137617
v 2.125548 2.392129 0.121345
v 2.125681 2.384557 0.097572
v 2.125747 2.380772 0.068173
v 2.125769 2.379509 0.035024
v 2.125769 2.379509 -0.000000
v 2.125769 2.379509 -0.035025
v 2.125747 2.380772 -0.068174
v 2.125681 2.384557 -0.097573
v 2.125548 2.392129 -0.121345
v 2.125338 2.404748 -0.137617
v 2.125053 2.421107 -0.147635
v 2.124725 2.439895 -0.152648
v 2.124377 2.459806 -0.153903
v 2.124033 2.479531 -0.152648
v 2.123710 2.498060 -0.147635
v 2.123425 2.514385 -0.137617
v 2.123186 2.527497 -0.121345
v 2.123031 2.536386 -0.097573
v 2.122936 2.541790 -0.068174
v 2.122890 2.544444 -0.035025
v 2.122879 2.545084 -0.000000
v 2.122890 2.544444 0.035024
v 2.122936 2.541790 0.068173
v 2.123031 2.536386 0.097572
v 2.123186 2.527497 0.121345
v 2.123425 2.514385 0.137617
v 2.123710 2.498060 0.147635
v 2.124033 2.479531 0.152648
v 2.124377 2.459806 0.153903
v 2.124725 2.439895 0.152648
v 2.132395 2.460550 -0.000086
v 2.131626 2.504625 0.056592
v 2.131716 2.499469 0.070380
v 2.132212 2.471650 0.088535
v 2.133214 2.413637 0.020314
v 2.132411 2.460209 0.089263
v 2.132959 2.428275 0.079817
v 2.133086 2.420956 0.070380
v 2.131545 2.509300 -0.020315
v 2.131538 2.509671 -0.000000
v 2.131849 2.491864 -0.079818
v 2.131716 2.499469 -0.070381
v 2.133214 2.413637 -0.000000
v 2.133163 2.416565 -0.056593
v 2.133086 2.420956 -0.070381
v 2.132613 2.448661 -0.088536
v 2.132411 2.460209 -0.089264
v 2.131545 2.509300 0.020314
v 2.131571 2.507760 0.039540
v 2.131849 2.491864 0.079817
v 2.132024 2.482397 0.085628
v 2.133163 2.416565 0.056592
v 2.133202 2.414369 0.039540
v 2.132613 2.448661 0.088535
v 2.132803 2.437764 0.085628
v 2.131626 2.504625 -0.056593
v 2.131571 2.507760 -0.039541
v 2.132212 2.471650 -0.088536
v 2.132024 2.482397 -0.085629
v 2.133214 2.413637 -0.020315
v 2.133202 2.414369 -0.039541
v 2.132959 2.428275 -0.079818
v 2.132803 2.437764 -0.085629
v 2.131069 2.536527 0.097572
v 2.131224 2.527637 0.121345
v 2.132072 2.479671 0.152648
v 2.133807 2.379649 0.035024
v 2.132416 2.459946 0.153903
v 2.133367 2.404889 0.137617
v 2.133587 2.392270 0.121345
v 2.130929 2.544584 -0.035025
v 2.130917 2.545224 -0.000000
v 2.131453 2.514525 -0.137617
v 2.131224 2.527637 -0.121345
v 2.133807 2.379649 -0.000000
v 2.133719 2.384698 -0.097573
v 2.133587 2.392270 -0.121345
v 2.132763 2.440035 -0.152648
v 2.132416 2.459946 -0.153903
v 2.130929 2.544584 0.035024
v 2.130975 2.541931 0.068173
v 2.131453 2.514525 0.137617
v 2.131748 2.498200 0.147635
v 2.133719 2.384698 0.097572
v 2.133785 2.380912 0.068173
v 2.132763 2.440035 0.152648
v 2.133091 2.421247 0.147635
v 2.131069 2.536527 -0.097573
v 2.130975 2.541931 -0.068174
v 2.132072 2.479671 -0.152648
v 2.131748 2.498200 -0.147635
v 2.133807 2.379649 -0.035025
v 2.133785 2.380912 -0.068174
v 2.133367 2.404889 -0.137617
v 2.133091 2.421247 -0.147635
v 4.025643 2.673751 0.147998
v 4.055507 2.606757 0.153967
v 4.040586 2.639952 0.156015
v 4.050725 2.606796 0.153454
v 4.020965 2.673567 0.147505
v 4.075389 2.563793 0.116093
v 4.067933 2.579571 0.140959
v 4.080345 2.554386 0.042649
v 4.079109 2.556404 0.082335
v 4.075490 2.554598 0.042507
v 4.070546 2.563973 0.115706
v 4.000645 2.737031 0.037874
v 4.005695 2.721564 0.105348
v 4.013185 2.702756 0.130810
v 4.001917 2.732286 0.073679
v 4.001081 2.721220 0.104997
v 3.996051 2.736634 0.037747
v 4.055507 2.606757 -0.153968
v 4.025643 2.673751 -0.147998
v 4.040575 2.639952 -0.156016
v 4.020965 2.673567 -0.147505
v 4.050725 2.606796 -0.153455
v 4.080345 2.554386 -0.042651
v 4.080339 2.554719 -0.000001
v 4.075389 2.563793 -0.116094
v 4.067933 2.579571 -0.140959
v 4.079109 2.556404 -0.082336
v 3.944258 2.641262 -0.000025
v 4.070546 2.563973 -0.115707
v 3.943893 2.661569 0.096861
v 3.944292 2.639283 0.102108
v 3.945189 2.589057 0.075980
v 4.075490 2.554598 -0.042508
v 3.945274 2.584180 0.053886
v 3.943146 2.703256 0.024787
v 4.005695 2.721564 -0.105348
v 4.013185 2.702756 -0.130811
v 4.000645 2.737031 -0.037875
v 4.000629 2.737909 -0.000001
v 4.001917 2.732286 -0.073680
v 3.943200 2.700136 0.048221
v 3.944684 2.617395 -0.100769
v 3.996051 2.736634 -0.037749
v 3.944292 2.639283 -0.102109
v 3.945297 2.582845 -0.027914
v 3.945274 2.584180 -0.053888
v 4.001081 2.721220 -0.104997
v 3.943323 2.693079 -0.068948
v 3.943200 2.700136 -0.048222
v 4.037504 2.675491 0.155280
v 4.068826 2.605199 0.161544
v 4.053166 2.640028 0.163692
v 4.063437 2.606250 0.156705
v 4.059800 2.606590 0.154994
v 4.066445 2.605773 0.158941
v 4.033052 2.674435 0.150629
v 4.035624 2.674932 0.152778
v 4.048245 2.640034 0.158789
v 4.029739 2.674031 0.148984
v 4.089695 2.560121 0.121806
v 4.081876 2.576675 0.147895
v 4.094889 2.550251 0.044748
v 4.093592 2.552368 0.086387
v 4.088721 2.552946 0.043408
v 4.084805 2.553869 0.042934
v 4.092083 2.551709 0.044027
v 4.083673 2.562520 0.118157
v 4.076092 2.578579 0.143465
v 4.086973 2.561420 0.119843
v 4.087465 2.555000 0.083799
v 4.079808 2.563338 0.116867
v 4.011272 2.741884 0.039737
v 4.016566 2.725656 0.110532
v 4.024431 2.705922 0.137247
v 4.012609 2.736904 0.077305
v 4.012740 2.723097 0.107221
v 4.009645 2.722162 0.106050
v 4.015019 2.724288 0.108751
v 4.020365 2.703955 0.133136
v 4.007605 2.738838 0.038547
v 4.009810 2.740254 0.039097
v 4.008899 2.734009 0.074989
v 4.004573 2.737731 0.038126
v 4.068826 2.605199 -0.161544
v 4.037504 2.675491 -0.155281
v 4.053166 2.640028 -0.163693
v 4.033052 2.674435 -0.150629
v 4.029739 2.674031 -0.148985
v 4.035624 2.674932 -0.152779
v 4.063437 2.606250 -0.156705
v 4.066445 2.605773 -0.158941
v 4.048245 2.640034 -0.158789
v 4.059800 2.606590 -0.154994
v 4.094889 2.550251 -0.044749
v 4.094883 2.550601 -0.000001
v 4.089695 2.560121 -0.121806
v 4.081876 2.576675 -0.147895
v 4.093592 2.552368 -0.086388
v 4.083673 2.562520 -0.118158
v 4.079808 2.563338 -0.116868
v 4.086973 2.561420 -0.119844
v 4.076092 2.578579 -0.143465
v 4.088721 2.552946 -0.043409
v 4.088715 2.553286 -0.000001
v 4.092083 2.551709 -0.044028
v 4.087465 2.555000 -0.083800
v 4.084805 2.553869 -0.042935
v 4.016566 2.725656 -0.110532
v 4.024431 2.705922 -0.137247
v 4.011272 2.741884 -0.039738
v 4.011256 2.742805 -0.000001
v 4.012609 2.736904 -0.077306
v 4.007605 2.738838 -0.038548
v 4.004573 2.737731 -0.038127
v 4.009810 2.740254 -0.039098
v 4.007589 2.739732 -0.000001
v 4.012740 2.723097 -0.107221
v 4.020365 2.703955 -0.133136
v 4.015019 2.724288 -0.108751
v 4.008899 2.734009 -0.074990
v 4.009645 2.722162 -0.106051
v 4.026340 2.679635 0.168803
v 4.062970 2.598631 0.179008
v 4.043338 2.640348 0.179157
v 4.071789 2.603912 0.167214
v 4.070607 2.604567 0.164354
v 4.070017 2.602259 0.171604
v 4.039354 2.676669 0.160730
v 4.036265 2.677705 0.164135
v 4.055577 2.639961 0.169438
v 4.038734 2.676080 0.157982
v 4.094605 2.543579 0.134805
v 4.081347 2.563403 0.165256
v 4.105315 2.531670 0.048001
v 4.102634 2.534542 0.093702
v 4.098766 2.547034 0.046319
v 4.097117 2.548662 0.045527
v 4.101078 2.542370 0.047139
v 4.093376 2.557250 0.126081
v 4.085286 2.574386 0.153086
v 4.094309 2.553097 0.129349
v 4.097417 2.549226 0.089419
v 4.091831 2.558703 0.123925
v 4.000052 2.751478 0.042837
v 4.005368 2.733449 0.119436
v 4.013251 2.712126 0.148658
v 4.001401 2.745827 0.083406
v 4.017685 2.728596 0.114411
v 4.017430 2.727118 0.112455
v 4.014580 2.730551 0.116654
v 4.025822 2.708170 0.142064
v 4.012210 2.745393 0.041132
v 4.009098 2.747801 0.041913
v 4.013591 2.740239 0.080018
v 4.012042 2.743628 0.040429
v 4.062970 2.598631 -0.179008
v 4.026340 2.679635 -0.168803
v 4.043338 2.640348 -0.179157
v 4.039354 2.676669 -0.160731
v 4.038734 2.676080 -0.157982
v 4.036265 2.677705 -0.164135
v 4.071789 2.603912 -0.167214
v 4.070017 2.602259 -0.171604
v 4.055577 2.639961 -0.169438
v 4.070607 2.604567 -0.164355
v 4.105315 2.531670 -0.048002
v 4.105313 2.531776 -0.000001
v 4.094605 2.543579 -0.134805
v 4.081347 2.563403 -0.165257
v 4.102634 2.534542 -0.093704
v 4.093376 2.557250 -0.126081
v 4.091831 2.558703 -0.123925
v 4.094309 2.553097 -0.129349
v 4.085286 2.574386 -0.153086
v 4.098766 2.547034 -0.046320
v 4.098759 2.547396 -0.000001
v 4.101078 2.542370 -0.047140
v 4.097417 2.549226 -0.089420
v 4.097117 2.548662 -0.045528
v 4.005368 2.733449 -0.119437
v 4.013251 2.712126 -0.148658
v 4.000052 2.751478 -0.042838
v 4.000032 2.752622 -0.000001
v 4.001401 2.745827 -0.083407
v 4.012210 2.745393 -0.041133
v 4.012042 2.743629 -0.040430
v 4.009098 2.747801 -0.041914
v 4.012194 2.746347 -0.000001
v 4.017685 2.728596 -0.114411
v 4.025822 2.708170 -0.142064
v 4.014580 2.730551 -0.116654
v 4.013591 2.740239 -0.080019
v 4.017430 2.727118 -0.112455
v 2.002571 2.537624 0.101862
v 2.002414 2.546036 0.036564
v 2.002462 2.543265 0.071170
v 2.014726 2.543740 0.035517
v 2.021745 2.542678 0.035024
v 2.008135 2.544844 0.036026
v 2.014868 2.535568 0.098946
v 2.008280 2.536556 0.100363
v 2.014773 2.541049 0.069134
v 2.021886 2.534621 0.097572
v 2.003617 2.478268 0.159358
v 2.002972 2.514655 0.143666
v 2.002733 2.528342 0.126679
v 2.003269 2.497612 0.154125
v 2.015258 2.513257 0.139555
v 2.022280 2.512619 0.137617
v 2.008675 2.513925 0.141552
v 2.015026 2.526554 0.123054
v 2.015885 2.477912 0.154798
v 2.009311 2.478075 0.157013
v 2.015557 2.496702 0.149715
v 2.022888 2.477766 0.152648
v 2.005419 2.373851 0.036564
v 2.005337 2.379120 0.101862
v 2.005396 2.375169 0.071170
v 2.017556 2.381601 0.098946
v 2.024536 2.382792 0.097572
v 2.011006 2.380385 0.100363
v 2.017645 2.376482 0.035517
v 2.011097 2.375193 0.036026
v 2.017623 2.377762 0.069134
v 2.024624 2.377744 0.035024
v 2.004969 2.400199 0.143666
v 2.005199 2.387025 0.126679
v 2.004339 2.436892 0.159358
v 2.003976 2.457677 0.160668
v 2.004671 2.417276 0.154125
v 2.016586 2.437718 0.154798
v 2.023580 2.438130 0.152648
v 2.010023 2.437306 0.157013
v 2.016234 2.457909 0.156070
v 2.017199 2.402076 0.139555
v 2.017422 2.389279 0.123054
v 2.010643 2.401153 0.141552
v 2.016919 2.418665 0.149715
v 2.024194 2.402983 0.137617
v 2.002414 2.546036 -0.036565
v 2.002402 2.546702 -0.000000
v 2.002571 2.537624 -0.101862
v 2.002462 2.543265 -0.071171
v 2.014868 2.535568 -0.098947
v 2.021886 2.534621 -0.097573
v 2.008280 2.536556 -0.100363
v 2.014726 2.543740 -0.035518
v 2.014714 2.544388 -0.000000
v 2.008135 2.544844 -0.036027
v 2.014773 2.541049 -0.069134
v 2.021745 2.542678 -0.035025
v 2.002972 2.514655 -0.143666
v 2.002733 2.528342 -0.126679
v 2.003617 2.478268 -0.159358
v 2.003269 2.497612 -0.154125
v 2.015885 2.477912 -0.154798
v 2.022888 2.477766 -0.152648
v 2.009311 2.478075 -0.157013
v 2.015258 2.513257 -0.139555
v 2.015026 2.526554 -0.123054
v 2.008675 2.513925 -0.141552
v 2.015557 2.496702 -0.149715
v 2.022280 2.512619 -0.137617
v 2.005337 2.379120 -0.101862
v 2.005419 2.373851 -0.036565
v 2.005419 2.373851 -0.000000
v 2.005396 2.375169 -0.071171
v 2.017645 2.376482 -0.035518
v 2.024624 2.377744 -0.035025
v 2.011097 2.375193 -0.036027
v 2.017645 2.376482 -0.000000
v 2.017556 2.381601 -0.098947
v 2.011006 2.380385 -0.100363
v 2.017623 2.377761 -0.069134
v 2.024536 2.382792 -0.097573
v 2.004339 2.436892 -0.159358
v 2.003976 2.457677 -0.160668
v 2.004969 2.400199 -0.143666
v 2.005199 2.387025 -0.126679
v 2.004671 2.417276 -0.154125
v 2.017199 2.402077 -0.139555
v 2.024194 2.402983 -0.137617
v 2.010643 2.401153 -0.141552
v 2.017422 2.389279 -0.123054
v 2.016586 2.437718 -0.154798
v 2.016234 2.457909 -0.156071
v 2.010023 2.437306 -0.157013
v 2.016919 2.418665 -0.149715
v 2.023580 2.438130 -0.152648
v 1.994153 2.543109 0.109095
v 1.993996 2.552119 0.039160
v 1.994048 2.549151 0.076224
v 1.995364 2.548852 0.037789
v 1.998010 2.547357 0.037147
v 1.994125 2.550460 0.038468
v 1.995515 2.540158 0.105275
v 1.994290 2.541610 0.107166
v 1.995414 2.545990 0.073555
v 1.998169 2.538811 0.103485
v 1.995273 2.479540 0.170674
v 1.994583 2.518509 0.153868
v 1.994327 2.533170 0.135675
v 1.994912 2.500257 0.165069
v 1.995930 2.516420 0.148480
v 1.998577 2.515476 0.145956
v 1.994712 2.517445 0.151148
v 1.995683 2.530567 0.130924
v 1.996596 2.478815 0.164698
v 1.995390 2.479164 0.167657
v 1.996247 2.498806 0.159289
v 1.999232 2.478510 0.161898
v 1.997215 2.367707 0.039160
v 1.997117 2.373351 0.109095
v 1.997190 2.369117 0.076224
v 1.998375 2.376344 0.105275
v 2.000980 2.377782 0.103485
v 1.997201 2.374853 0.107166
v 1.998470 2.370898 0.037789
v 1.997287 2.369308 0.038468
v 1.998446 2.372259 0.073555
v 2.001063 2.372428 0.037147
v 1.996723 2.395926 0.153868
v 1.996969 2.381817 0.135675
v 1.996047 2.435224 0.170674
v 1.995658 2.457486 0.172077
v 1.996413 2.414216 0.165069
v 1.997342 2.436050 0.164698
v 1.999965 2.436473 0.161898
v 1.996150 2.435632 0.167657
v 1.996967 2.457533 0.166052
v 1.997994 2.398129 0.148480
v 1.998232 2.384513 0.130924
v 1.996813 2.397028 0.151148
v 1.997696 2.415778 0.159289
v 2.000606 2.399196 0.145956
v 1.993996 2.552119 -0.039161
v 1.993984 2.552834 -0.000000
v 1.994153 2.543109 -0.109095
v 1.994048 2.549151 -0.076225
v 1.995515 2.540158 -0.105275
v 1.998169 2.538811 -0.103485
v 1.994290 2.541610 -0.107166
v 1.995364 2.548852 -0.037790
v 1.995352 2.549542 -0.000000
v 1.994125 2.550460 -0.038469
v 1.995414 2.545990 -0.073556
v 1.998010 2.547357 -0.037147
v 1.994583 2.518509 -0.153868
v 1.994327 2.533170 -0.135675
v 1.995273 2.479540 -0.170674
v 1.994912 2.500257 -0.165069
v 1.996596 2.478815 -0.164698
v 1.999232 2.478510 -0.161898
v 1.995390 2.479164 -0.167657
v 1.995930 2.516420 -0.148481
v 1.995683 2.530567 -0.130924
v 1.994712 2.517445 -0.151148
v 1.996247 2.498807 -0.159290
v 1.998577 2.515476 -0.145956
v 1.997117 2.373351 -0.109095
v 1.997215 2.367707 -0.039161
v 1.997215 2.367707 -0.000000
v 1.997190 2.369117 -0.076225
v 1.998470 2.370898 -0.037790
v 2.001063 2.372428 -0.037147
v 1.997287 2.369308 -0.038469
v 1.998470 2.370898 -0.000000
v 1.998375 2.376344 -0.105275
v 1.997201 2.374853 -0.107166
v 1.998446 2.372259 -0.073556
v 2.000980 2.377782 -0.103485
v 1.996047 2.435224 -0.170674
v 1.995658 2.457486 -0.172077
v 1.996723 2.395926 -0.153868
v 1.996969 2.381817 -0.135675
v 1.996413 2.414216 -0.165069
v 1.997994 2.398129 -0.148481
v 2.000606 2.399196 -0.145956
v 1.996813 2.397028 -0.151148
v 1.998232 2.384513 -0.130924
v 1.997342 2.436050 -0.164698
v 1.996967 2.457533 -0.166052
v 1.996150 2.435632 -0.167657
v 1.997696 2.415778 -0.159290
v 1.999965 2.436473 -0.161898
v 2.004210 2.553115 0.117170
v 2.004020 2.564003 0.041999
v 2.004085 2.560303 0.081792
v 1.995700 2.555344 0.040492
v 1.994628 2.553767 0.039843
v 1.998429 2.558279 0.041185
v 1.995863 2.546028 0.112804
v 1.998600 2.548497 0.114777
v 1.995754 2.552275 0.078816
v 1.994788 2.544600 0.110996
v 2.005462 2.482012 0.184912
v 2.004708 2.525208 0.165852
v 2.004410 2.541672 0.145926
v 2.005062 2.504923 0.178373
v 1.996317 2.520591 0.159100
v 1.995235 2.519572 0.156549
v 1.999068 2.522245 0.162031
v 1.996052 2.535750 0.140288
v 1.997030 2.480297 0.176477
v 1.999790 2.480909 0.179965
v 1.996646 2.501718 0.170682
v 1.995927 2.479923 0.173648
v 2.007606 2.358591 0.042825
v 2.007497 2.364819 0.119235
v 2.007579 2.360147 0.083341
v 1.998927 2.370497 0.112804
v 1.997802 2.371885 0.110996
v 2.001744 2.368404 0.115293
v 1.999029 2.364661 0.040492
v 2.001848 2.362425 0.041392
v 1.999003 2.366120 0.078816
v 1.997903 2.366142 0.039843
v 2.007072 2.389734 0.167918
v 2.007334 2.374162 0.148198
v 2.006315 2.433104 0.185738
v 2.005887 2.457673 0.186893
v 2.006720 2.409919 0.179922
v 1.997830 2.434474 0.176477
v 1.996714 2.434835 0.173648
v 2.000609 2.433957 0.180171
v 1.997428 2.457493 0.177928
v 1.998529 2.393840 0.159100
v 1.998784 2.379251 0.140288
v 2.001336 2.392323 0.162547
v 1.998199 2.412752 0.170682
v 1.997411 2.394853 0.156549
v 2.004020 2.564003 -0.042000
v 2.004003 2.564981 -0.000000
v 2.004210 2.553115 -0.117170
v 2.004085 2.560303 -0.081793
v 1.995863 2.546028 -0.112804
v 1.994788 2.544600 -0.110996
v 1.998600 2.548497 -0.114777
v 1.995700 2.555344 -0.040493
v 1.995687 2.556083 -0.000000
v 1.998429 2.558279 -0.041186
v 1.995754 2.552275 -0.078817
v 1.994628 2.553767 -0.039843
v 2.004708 2.525208 -0.165852
v 2.004410 2.541672 -0.145926
v 2.005462 2.482012 -0.184912
v 2.005062 2.504923 -0.178373
v 1.997030 2.480297 -0.176477
v 1.995927 2.479923 -0.173648
v 1.999790 2.480909 -0.179965
v 1.996317 2.520591 -0.159100
v 1.996052 2.535750 -0.140288
v 1.999068 2.522245 -0.162031
v 1.996646 2.501718 -0.170682
v 1.995235 2.519572 -0.156549
v 2.007497 2.364819 -0.119235
v 2.007606 2.358591 -0.042826
v 2.007606 2.358591 -0.000000
v 2.007579 2.360147 -0.083342
v 1.999029 2.364661 -0.040493
v 1.997903 2.366142 -0.039843
v 2.001848 2.362425 -0.041392
v 1.999029 2.364661 -0.000000
v 1.998927 2.370497 -0.112804
v 2.001744 2.368404 -0.115293
v 1.999003 2.366120 -0.078817
v 1.997802 2.371885 -0.110996
v 2.006315 2.433104 -0.185739
v 2.005887 2.457673 -0.186893
v 2.007072 2.389734 -0.167918
v 2.007334 2.374162 -0.148198
v 2.006720 2.409919 -0.179923
v 1.998529 2.393840 -0.159100
v 1.997411 2.394853 -0.156549
v 2.001336 2.392323 -0.162548
v 1.998784 2.379251 -0.140288
v 1.997830 2.434474 -0.176477
v 1.997428 2.457493 -0.177928
v 2.000609 2.433957 -0.180171
v 1.998199 2.412752 -0.170682
v 1.996714 2.434835 -0.173648
v 3.887249 2.614323 0.245949
v 4.003746 2.600633 0.207862
v 4.043308 2.596825 0.190677
v 3.949860 2.607364 0.227356
v 3.973547 2.687969 0.184366
v 3.987035 2.646953 0.200172
v 4.006470 2.682907 0.175344
v 3.874093 2.701090 0.207307
v 3.880286 2.660276 0.230121
v 3.928961 2.694227 0.195233
v 2.365768 2.304272 0.293227
v 2.205352 2.292946 0.252905
v 2.277547 2.297848 0.276511
v 2.206518 2.227284 0.252905
v 2.207111 2.194454 0.252905
v 2.205935 2.260115 0.252905
v 2.367647 2.197801 0.293226
v 2.366708 2.251036 0.293227
v 2.279061 2.212254 0.276511
v 2.368596 2.144566 0.293226
v 3.572406 2.453578 0.310414
v 3.751148 2.422954 0.280608
v 3.665382 2.438587 0.296106
v 3.747142 2.528127 0.293625
v 3.749174 2.476486 0.289388
v 3.570846 2.543568 0.323886
v 3.571636 2.498318 0.319575
v 3.663150 2.536086 0.309633
v 2.358083 2.744001 0.057676
v 2.192630 2.688301 0.052426
v 2.268776 2.716702 0.055069
v 2.193159 2.657972 0.149179
v 2.192833 2.676659 0.102828
v 2.358662 2.711397 0.164773
v 2.358310 2.731572 0.113289
v 2.269331 2.684921 0.157058
v 3.739082 2.714258 0.232525
v 3.810343 2.707964 0.219950
v 3.567675 2.724633 0.255564
v 3.658723 2.719854 0.244555
v 3.569221 2.636613 0.308258
v 3.570043 2.589581 0.320922
v 3.568412 2.682388 0.286328
v 3.742934 2.627079 0.279955
v 3.817681 2.621049 0.263521
v 3.740902 2.673004 0.260279
v 3.660841 2.632304 0.294962
v 3.745068 2.578212 0.291190
v 2.825684 2.459222 0.340911
v 2.824292 2.539581 0.354293
v 2.825006 2.498670 0.350182
v 2.576177 2.515311 0.339004
v 2.696941 2.528749 0.348213
v 2.577614 2.432413 0.326726
v 2.698358 2.447006 0.335223
v 2.576900 2.473372 0.335293
v 3.091856 2.474033 0.342928
v 2.957533 2.468440 0.343558
v 3.351613 2.473031 0.332394
v 3.468918 2.465776 0.322766
v 3.224568 2.475674 0.339161
v 3.350234 2.553181 0.345628
v 3.350936 2.512380 0.341536
v 3.467465 2.549593 0.336008
v 3.090499 2.552329 0.356403
v 2.956163 2.547532 0.357079
v 3.091197 2.512333 0.352262
v 3.223218 2.554153 0.352507
v 3.347116 2.731274 0.272611
v 3.464332 2.728479 0.265075
v 3.087381 2.730991 0.281031
v 3.220098 2.732337 0.277990
v 3.088965 2.640808 0.338726
v 3.089767 2.594872 0.352757
v 3.088146 2.687171 0.314691
v 3.348683 2.642036 0.328567
v 3.465889 2.639893 0.319555
v 3.347871 2.688010 0.305263
v 3.221675 2.642516 0.335041
v 3.349484 2.596158 0.342147
v 3.355814 2.235204 0.320727
v 3.356994 2.168803 0.320727
v 3.353456 2.368006 0.320728
v 3.354636 2.301606 0.320727
v 3.093851 2.360316 0.330998
v 3.226507 2.365726 0.327353
v 3.096554 2.207783 0.330998
v 3.097895 2.131516 0.330998
v 3.229063 2.221011 0.327352
v 3.095202 2.284050 0.330998
v 2.822735 2.628733 0.336719
v 2.954622 2.636389 0.339370
v 2.823539 2.582691 0.350666
v 2.821161 2.718346 0.279372
v 2.821930 2.674889 0.312829
v 2.953038 2.726554 0.281552
v 2.573102 2.690944 0.267600
v 2.693830 2.706449 0.274664
v 2.574628 2.604087 0.322147
v 2.575419 2.558718 0.335431
v 2.695385 2.617934 0.330927
v 2.573844 2.648975 0.299440
v 2.201138 2.367037 0.264776
v 2.364112 2.398592 0.302244
v 2.465512 2.416067 0.315655
v 2.275354 2.381683 0.285586
v 2.362672 2.481699 0.311861
v 2.363401 2.439910 0.309156
v 2.464066 2.499536 0.326831
v 2.196826 2.447918 0.276575
v 2.198245 2.407887 0.273661
v 2.273200 2.463820 0.294856
v 4.107040 2.491291 0.142966
v 4.097700 2.524407 0.140119
v 4.136883 2.405403 0.146567
v 4.154265 2.359602 0.148557
v 4.120737 2.449776 0.144673
v 4.157280 2.392587 0.052031
v 4.152134 2.398619 0.101681
v 4.175832 2.342778 0.053127
v 4.124627 2.480175 0.049909
v 4.112750 2.511938 0.048920
v 4.120211 2.483912 0.098128
v 4.139841 2.439389 0.050952
v 3.743831 2.286937 0.270502
v 3.815763 2.297757 0.255961
v 3.734009 2.260041 0.272580
v 3.753366 2.341153 0.268992
v 3.751121 2.313938 0.269086
v 3.836219 2.330242 0.252939
v 3.574043 2.360394 0.298828
v 3.470661 2.366462 0.311195
v 3.667114 2.351418 0.284477
v 3.575793 2.262998 0.298828
v 3.576663 2.214300 0.298828
v 3.665848 2.275541 0.284855
v 3.574923 2.311696 0.298828
v 3.472743 2.249490 0.311195
v 2.359744 2.649440 0.247096
v 2.359142 2.683884 0.210063
v 2.461047 2.671914 0.258353
v 2.194143 2.601607 0.221631
v 2.270380 2.625382 0.234599
v 2.193599 2.632776 0.189455
v 2.195437 2.527495 0.263130
v 2.196133 2.487622 0.273178
v 2.194765 2.566002 0.246068
v 2.361172 2.567626 0.296231
v 2.462534 2.587286 0.310531
v 2.360432 2.610031 0.275832
v 2.271747 2.547048 0.280136
v 2.361930 2.524193 0.308254
v 2.830464 2.187701 0.329060
v 2.962332 2.196389 0.331591
v 2.831838 2.110099 0.329060
v 2.827724 2.342906 0.329061
v 2.829089 2.265303 0.329060
v 2.959568 2.352477 0.331592
v 2.579552 2.321964 0.315732
v 2.467334 2.312287 0.305488
v 2.700367 2.332453 0.323682
v 2.582015 2.182003 0.315732
v 2.583247 2.112022 0.315731
v 2.703003 2.182609 0.323681
v 2.580784 2.251983 0.315732
v 2.469545 2.186770 0.305488
v 2.819982 2.785899 0.185256
v 2.820499 2.756287 0.236722
v 2.819388 2.819901 0.064690
v 2.819612 2.807122 0.127178
v 2.571365 2.789838 0.062076
v 2.459355 2.768835 0.060071
v 2.692066 2.806898 0.063634
v 2.571959 2.756368 0.177672
v 2.572463 2.727555 0.226914
v 2.692666 2.773117 0.182202
v 2.571596 2.777192 0.122013
v 2.459932 2.735759 0.171814
v 3.914483 2.408636 0.250246
v 3.920853 2.353677 0.243115
v 3.833062 2.411396 0.264972
v 4.056126 2.411418 0.212524
v 4.106550 2.410486 0.184309
v 3.990478 2.410151 0.233680
v 4.069096 2.364537 0.211508
v 4.032609 2.504979 0.212518
v 4.020123 2.552233 0.210843
v 4.043757 2.458250 0.213030
v 4.079666 2.499314 0.181927
v 3.901350 2.514698 0.257831
v 3.825624 2.520671 0.276233
v 3.908010 2.462632 0.255708
v 3.971348 2.509653 0.237049
v 3.894458 2.565155 0.255087
v 3.953537 2.765141 0.045378
v 3.982422 2.757050 0.043970
v 3.864078 2.785499 0.049038
v 3.913920 2.774905 0.047065
v 3.866241 2.759597 0.139538
v 3.869233 2.734839 0.177211
v 3.864670 2.776206 0.096182
v 3.957638 2.743931 0.127630
v 3.987300 2.737755 0.123011
v 3.954591 2.758033 0.088630
v 3.917061 2.751404 0.133178
v 3.963636 2.721141 0.160251
v 2.120488 2.247711 0.175272
v 2.152747 2.240051 0.219971
v 2.120845 2.227856 0.175272
v 2.119765 2.287422 0.175272
v 2.120131 2.267567 0.175272
v 2.151864 2.289493 0.219971
v 2.098376 2.286041 0.062345
v 2.103721 2.286386 0.121750
v 2.098976 2.252818 0.062345
v 2.099286 2.236206 0.062345
v 2.104359 2.251541 0.121750
v 2.098676 2.269429 0.062345
v 2.084627 2.633654 0.047745
v 2.130841 2.660163 0.049926
v 2.028619 2.589540 0.044300
v 2.013678 2.573946 0.043012
v 2.051409 2.609777 0.045874
v 2.028903 2.573218 0.124241
v 2.028722 2.583594 0.086435
v 2.013905 2.560987 0.120239
v 2.085054 2.609208 0.134964
v 2.131330 2.632187 0.141645
v 2.084789 2.624359 0.093423
v 2.051764 2.589422 0.129156
v 2.030424 2.486683 0.202396
v 2.015261 2.483853 0.192122
v 2.086983 2.499233 0.229936
v 2.133457 2.510909 0.246101
v 2.053483 2.491484 0.215184
v 2.085872 2.562350 0.197361
v 2.085416 2.588453 0.170299
v 2.086408 2.532182 0.216967
v 2.132241 2.579975 0.208961
v 2.029532 2.537779 0.178206
v 2.014452 2.530161 0.171074
v 2.029954 2.513580 0.193416
v 2.052490 2.548396 0.187039
v 2.029168 2.558062 0.155553
v 3.086182 2.799134 0.186351
v 3.086702 2.769301 0.238124
v 2.951840 2.794606 0.186688
v 3.345933 2.798446 0.180762
v 3.218904 2.800180 0.184343
v 3.346447 2.769021 0.230986
v 3.345345 2.832179 0.063120
v 3.345565 2.819510 0.124091
v 3.085586 2.833284 0.065072
v 2.951244 2.828735 0.065188
v 3.085809 2.820468 0.127928
v 3.218309 2.834212 0.064372
v 2.085142 2.323427 0.160253
v 2.032799 2.350034 0.134569
v 2.017431 2.358957 0.125403
v 2.054920 2.338154 0.146322
v 2.032926 2.342771 0.048431
v 2.032894 2.344587 0.094180
v 2.017547 2.352319 0.045077
v 2.074540 2.317117 0.057340
v 2.077193 2.318695 0.111739
v 2.052368 2.330764 0.052610
v 2.088180 2.430116 0.239234
v 2.087585 2.464783 0.237085
v 2.134754 2.436009 0.257781
v 2.031419 2.429655 0.206527
v 2.016171 2.431730 0.194187
v 2.054582 2.428557 0.221846
v 2.030919 2.458304 0.206361
v 2.032292 2.379085 0.188534
v 2.032609 2.360927 0.166913
v 2.031891 2.402621 0.201161
v 2.016977 2.385509 0.176238
v 2.092270 2.362540 0.222354
v 2.140456 2.359154 0.242727
v 2.089509 2.395835 0.234838
v 2.056304 2.371186 0.204131
v 2.092227 2.336361 0.198564
v 3.566535 2.789433 0.169272
v 3.567029 2.761073 0.216401
v 3.463168 2.794630 0.175706
v 3.736627 2.775849 0.154226
v 3.805866 2.767938 0.146593
v 3.657269 2.783094 0.161949
v 3.737614 2.749115 0.197053
v 3.735764 2.805796 0.053860
v 3.736039 2.794672 0.105883
v 3.804524 2.796078 0.051301
v 3.565958 2.821875 0.059079
v 3.462588 2.827846 0.061345
v 3.566171 2.809704 0.116167
v 3.656631 2.814461 0.056518
v 3.973547 2.687969 -0.184367
v 4.006470 2.682907 -0.175344
v 4.003746 2.600633 -0.207863
v 3.987035 2.646953 -0.200172
v 4.043308 2.596825 -0.190677
v 3.887249 2.614323 -0.245949
v 3.949860 2.607364 -0.227357
v 3.874093 2.701090 -0.207307
v 3.928961 2.694227 -0.195234
v 3.880286 2.660276 -0.230121
v 2.206518 2.227284 -0.252905
v 2.207111 2.194454 -0.252905
v 2.205352 2.292946 -0.252905
v 2.205935 2.260115 -0.252905
v 2.365768 2.304272 -0.293227
v 2.277547 2.297848 -0.276512
v 2.367647 2.197801 -0.293227
v 2.368596 2.144566 -0.293226
v 2.279061 2.212254 -0.276511
v 2.366708 2.251036 -0.293227
v 3.747142 2.528127 -0.293625
v 3.751148 2.422954 -0.280609
v 3.749174 2.476486 -0.289388
v 3.572406 2.453578 -0.310414
v 3.665382 2.438587 -0.296106
v 3.570846 2.543568 -0.323886
v 3.663150 2.536086 -0.309634
v 3.571636 2.498318 -0.319575
v 2.193159 2.657972 -0.149179
v 2.192630 2.688301 -0.052427
v 2.192559 2.692361 -0.000000
v 2.192833 2.676659 -0.102828
v 2.358083 2.744001 -0.057677
v 2.268776 2.716702 -0.055070
v 2.358008 2.748281 -0.000000
v 2.358662 2.711397 -0.164773
v 2.269331 2.684921 -0.157058
v 2.358310 2.731572 -0.113289
v 3.569221 2.636613 -0.308258
v 3.570043 2.589581 -0.320922
v 3.567675 2.724633 -0.255565
v 3.568412 2.682388 -0.286328
v 3.739082 2.714258 -0.232525
v 3.810343 2.707964 -0.219950
v 3.658723 2.719854 -0.244556
v 3.742934 2.627079 -0.279955
v 3.745068 2.578212 -0.291191
v 3.660841 2.632304 -0.294963
v 3.740902 2.673004 -0.260279
v 3.817681 2.621049 -0.263522
v 2.576177 2.515311 -0.339004
v 2.824292 2.539581 -0.354294
v 2.696941 2.528749 -0.348213
v 2.825684 2.459222 -0.340911
v 2.825006 2.498670 -0.350182
v 2.577614 2.432413 -0.326726
v 2.576900 2.473372 -0.335293
v 2.698358 2.447006 -0.335223
v 3.350234 2.553181 -0.345629
v 3.467465 2.549593 -0.336009
v 3.351613 2.473031 -0.332394
v 3.350936 2.512380 -0.341536
v 3.468918 2.465776 -0.322766
v 3.091856 2.474033 -0.342928
v 2.957533 2.468440 -0.343558
v 3.224568 2.475674 -0.339161
v 3.090499 2.552329 -0.356404
v 3.223218 2.554153 -0.352507
v 3.091197 2.512333 -0.352262
v 2.956173 2.547532 -0.357079
v 3.088955 2.640808 -0.338727
v 3.089767 2.594872 -0.352757
v 3.087381 2.730991 -0.281031
v 3.088146 2.687171 -0.314691
v 3.347116 2.731274 -0.272611
v 3.464332 2.728478 -0.265076
v 3.220098 2.732337 -0.277990
v 3.348683 2.642036 -0.328567
v 3.349484 2.596158 -0.342147
v 3.221675 2.642516 -0.335042
v 3.347871 2.688010 -0.305263
v 3.465889 2.639893 -0.319555
v 3.093851 2.360316 -0.330999
v 3.353456 2.368006 -0.320728
v 3.226507 2.365726 -0.327353
v 3.355814 2.235204 -0.320728
v 3.356994 2.168803 -0.320727
v 3.354636 2.301606 -0.320728
v 3.096554 2.207783 -0.330998
v 3.095202 2.284050 -0.330998
v 3.229063 2.221011 -0.327353
v 3.097895 2.131516 -0.330998
v 2.573102 2.690944 -0.267600
v 2.821161 2.718346 -0.279372
v 2.953038 2.726554 -0.281552
v 2.693830 2.706449 -0.274664
v 2.822735 2.628733 -0.336719
v 2.823539 2.582691 -0.350666
v 2.821930 2.674889 -0.312829
v 2.954622 2.636389 -0.339370
v 2.574628 2.604087 -0.322147
v 2.573844 2.648975 -0.299440
v 2.695385 2.617934 -0.330927
v 2.575419 2.558718 -0.335431
v 2.362672 2.481699 -0.311862
v 2.464066 2.499536 -0.326831
v 2.364112 2.398592 -0.302244
v 2.363401 2.439910 -0.309157
v 2.465512 2.416067 -0.315655
v 2.201138 2.367037 -0.264776
v 2.275354 2.381683 -0.285586
v 2.196826 2.447918 -0.276575
v 2.273200 2.463820 -0.294856
v 2.198245 2.407887 -0.273661
v 4.157280 2.392587 -0.052032
v 4.175832 2.342778 -0.053128
v 4.157330 2.389759 -0.000001
v 4.136883 2.405403 -0.146568
v 4.152134 2.398619 -0.101681
v 4.154265 2.359602 -0.148557
v 4.107049 2.491291 -0.142966
v 4.097700 2.524407 -0.140120
v 4.120737 2.449776 -0.144673
v 4.124627 2.480175 -0.049911
v 4.124643 2.479218 -0.000001
v 4.139841 2.439389 -0.050954
v 4.120211 2.483912 -0.098130
v 4.112750 2.511938 -0.048921
v 3.574043 2.360394 -0.298829
v 3.470661 2.366462 -0.311196
v 3.753366 2.341153 -0.268992
v 3.836219 2.330242 -0.252939
v 3.667114 2.351418 -0.284477
v 3.743831 2.286937 -0.270503
v 3.734009 2.260041 -0.272580
v 3.751121 2.313938 -0.269086
v 3.815763 2.297757 -0.255961
v 3.575783 2.262998 -0.298828
v 3.472743 2.249490 -0.311195
v 3.574923 2.311696 -0.298828
v 3.665848 2.275541 -0.284855
v 3.576663 2.214300 -0.298828
v 2.195437 2.527495 -0.263130
v 2.196133 2.487622 -0.273178
v 2.194143 2.601607 -0.221631
v 2.193599 2.632774 -0.189455
v 2.194765 2.566002 -0.246068
v 2.359744 2.649440 -0.247096
v 2.461047 2.671914 -0.258353
v 2.270380 2.625382 -0.234599
v 2.359142 2.683884 -0.210063
v 2.361172 2.567626 -0.296232
v 2.361930 2.524193 -0.308255
v 2.271747 2.547048 -0.280136
v 2.360432 2.610031 -0.275832
v 2.462534 2.587286 -0.310531
v 2.579552 2.321964 -0.315732
v 2.467334 2.312287 -0.305488
v 2.827724 2.342906 -0.329061
v 2.959568 2.352477 -0.331592
v 2.700367 2.332453 -0.323682
v 2.830464 2.187701 -0.329060
v 2.831838 2.110099 -0.329060
v 2.829089 2.265303 -0.329061
v 2.962332 2.196389 -0.331592
v 2.582015 2.182003 -0.315732
v 2.469545 2.186770 -0.305488
v 2.580784 2.251983 -0.315732
v 2.703003 2.182609 -0.323682
v 2.583247 2.112022 -0.315732
v 2.571365 2.789838 -0.062077
v 2.571290 2.794118 -0.000000
v 2.459355 2.768835 -0.060072
v 2.819388 2.819901 -0.064691
v 2.692066 2.806898 -0.063635
v 2.819314 2.824181 -0.000000
v 2.819982 2.785899 -0.185256
v 2.820499 2.756287 -0.236722
v 2.819612 2.807122 -0.127178
v 2.571959 2.756368 -0.177673
v 2.459932 2.735759 -0.171814
v 2.571596 2.777192 -0.122014
v 2.692666 2.773117 -0.182202
v 2.572463 2.727555 -0.226914
v 4.032609 2.504979 -0.212518
v 4.079666 2.499314 -0.181927
v 4.020123 2.552233 -0.210843
v 4.056126 2.411418 -0.212524
v 4.069096 2.364537 -0.211509
v 4.043757 2.458250 -0.213031
v 4.106550 2.410486 -0.184309
v 3.914483 2.408636 -0.250246
v 3.833062 2.411396 -0.264972
v 3.990478 2.410151 -0.233681
v 3.920853 2.353677 -0.243115
v 3.901350 2.514698 -0.257831
v 3.894458 2.565155 -0.255087
v 3.971348 2.509653 -0.237049
v 3.908010 2.462632 -0.255708
v 3.825624 2.520671 -0.276233
v 3.866241 2.759597 -0.139539
v 3.869233 2.734839 -0.177211
v 3.864078 2.785499 -0.049039
v 3.864029 2.788317 -0.000001
v 3.864670 2.776206 -0.096183
v 3.953537 2.765141 -0.045379
v 3.982422 2.757050 -0.043972
v 3.913920 2.774905 -0.047067
v 3.953506 2.766944 -0.000001
v 3.957638 2.743931 -0.127631
v 3.963636 2.721141 -0.160251
v 3.917061 2.751404 -0.133179
v 3.954591 2.758033 -0.088631
v 3.987300 2.737755 -0.123011
v 2.098376 2.286041 -0.062346
v 2.098376 2.286041 -0.000000
v 2.119765 2.287422 -0.175273
v 2.151864 2.289493 -0.219971
v 2.103721 2.286386 -0.121750
v 2.120488 2.247711 -0.175272
v 2.120845 2.227856 -0.175272
v 2.120131 2.267567 -0.175272
v 2.152747 2.240051 -0.219971
v 2.098976 2.252818 -0.062346
v 2.098976 2.252818 -0.000000
v 2.098676 2.269429 -0.062346
v 2.104359 2.251541 -0.121750
v 2.099286 2.236206 -0.062346
v 2.028903 2.573218 -0.124241
v 2.013905 2.560987 -0.120239
v 2.028619 2.589540 -0.044300
v 2.028586 2.591405 -0.000000
v 2.028722 2.583594 -0.086436
v 2.013678 2.573946 -0.043013
v 2.084627 2.633654 -0.047746
v 2.130841 2.660163 -0.049927
v 2.051409 2.609777 -0.045875
v 2.084571 2.636837 -0.000000
v 2.085054 2.609208 -0.134964
v 2.051764 2.589422 -0.129156
v 2.084789 2.624359 -0.093424
v 2.131330 2.632187 -0.141645
v 2.085872 2.562350 -0.197361
v 2.132241 2.579975 -0.208962
v 2.085416 2.588453 -0.170299
v 2.086983 2.499233 -0.229936
v 2.086408 2.532182 -0.216967
v 2.133457 2.510909 -0.246101
v 2.030424 2.486683 -0.202396
v 2.015261 2.483853 -0.192122
v 2.053483 2.491484 -0.215184
v 2.029532 2.537779 -0.178207
v 2.029168 2.558062 -0.155553
v 2.052490 2.548396 -0.187039
v 2.029954 2.513580 -0.193416
v 2.014452 2.530161 -0.171074
v 3.345345 2.832179 -0.063121
v 3.345270 2.836414 -0.000001
v 3.345933 2.798446 -0.180763
v 3.346447 2.769021 -0.230986
v 3.345565 2.819510 -0.124091
v 3.086182 2.799134 -0.186351
v 2.951840 2.794606 -0.186688
v 3.218904 2.800180 -0.184344
v 3.086702 2.769301 -0.238124
v 3.085586 2.833284 -0.065073
v 3.085511 2.837564 -0.000000
v 3.218309 2.834212 -0.064373
v 3.085809 2.820468 -0.127929
v 2.951244 2.828735 -0.065189
v 2.032916 2.342771 -0.048431
v 2.017547 2.352319 -0.045078
v 2.032916 2.342771 -0.000000
v 2.032799 2.350034 -0.134569
v 2.032894 2.344587 -0.094181
v 2.017431 2.358957 -0.125403
v 2.085142 2.323427 -0.160253
v 2.054920 2.338154 -0.146322
v 2.074540 2.317117 -0.057341
v 2.074540 2.317117 -0.000000
v 2.052368 2.330764 -0.052611
v 2.077193 2.318695 -0.111739
v 2.032292 2.379085 -0.188534
v 2.016977 2.385509 -0.176238
v 2.032609 2.360927 -0.166913
v 2.031419 2.429655 -0.206527
v 2.030919 2.458304 -0.206361
v 2.031891 2.402621 -0.201161
v 2.016171 2.431730 -0.194187
v 2.088180 2.430116 -0.239234
v 2.134754 2.436009 -0.257781
v 2.054582 2.428557 -0.221846
v 2.087585 2.464783 -0.237085
v 2.092270 2.362540 -0.222354
v 2.092227 2.336361 -0.198565
v 2.056304 2.371186 -0.204131
v 2.089509 2.395835 -0.234838
v 2.140456 2.359154 -0.242728
v 3.735764 2.805796 -0.053861
v 3.804524 2.796078 -0.051302
v 3.735701 2.809434 -0.000001
v 3.736627 2.775849 -0.154227
v 3.737614 2.749115 -0.197054
v 3.736039 2.794672 -0.105883
v 3.805866 2.767938 -0.146594
v 3.566535 2.789433 -0.169272
v 3.463168 2.794630 -0.175706
v 3.657269 2.783094 -0.161949
v 3.567029 2.761073 -0.216402
v 3.565958 2.821875 -0.059080
v 3.565887 2.825936 -0.000001
v 3.656631 2.814461 -0.056520
v 3.566171 2.809704 -0.116167
v 3.462588 2.827846 -0.061346
v 3.092500 2.436583 0.330998
v 2.364829 2.357508 0.293227
v 3.573173 2.409091 0.298828
v 2.578310 2.391944 0.315732
v 2.119409 2.307277 0.175273
v 3.352277 2.434408 -0.320728
v 2.204769 2.325776 -0.252906
v 3.753099 2.368473 -0.269558
v 2.826350 2.420509 -0.329061
v 2.098066 2.302653 -0.062346
v 3.352277 2.434408 0.320728
v 2.204769 2.325776 0.252905
v 3.753099 2.368473 0.269558
v 2.826350 2.420509 0.329061
v 2.098066 2.302653 0.062345
v 3.092500 2.436583 -0.330999
v 2.364829 2.357508 -0.293227
v 3.573173 2.409091 -0.298829
v 2.578310 2.391944 -0.315732
v 2.119409 2.307277 -0.175273
v 3.944997 2.599466 0.092254
v 4.035856 2.639879 0.155495
v 4.063120 2.579699 0.140489
v 3.944684 2.617395 0.100768
v 4.074255 2.556609 0.082061
v 4.008549 2.702474 0.130374
v 3.945293 2.583064 -0.000001
v 3.997324 2.731905 0.073434
v 3.945297 2.582845 0.027913
v 4.035856 2.639879 -0.155496
v 4.075484 2.554930 -0.000001
v 4.063120 2.579699 -0.140489
v 3.943549 2.680687 0.085612
v 4.074255 2.556610 -0.082062
v 4.008549 2.702474 -0.130374
v 3.996046 2.737509 -0.000001
v 3.943323 2.693079 0.068947
v 3.997324 2.731905 -0.073435
v 4.044775 2.640005 0.157056
v 4.051035 2.640039 0.161055
v 4.079278 2.577709 0.145512
v 4.083559 2.555900 0.082884
v 4.090806 2.553792 0.084995
v 4.022759 2.704873 0.135036
v 4.005857 2.732955 0.074170
v 4.011125 2.735356 0.076059
v 4.044775 2.640005 -0.157056
v 4.051035 2.640039 -0.161055
v 4.092087 2.552054 -0.000001
v 4.079278 2.577709 -0.145512
v 4.083559 2.555900 -0.082885
v 4.090806 2.553792 -0.084996
v 4.022759 2.704873 -0.135036
v 4.009804 2.741161 -0.000001
v 4.005857 2.732955 -0.074172
v 4.011125 2.735356 -0.076060
v 4.054676 2.640000 0.166540
v 4.052815 2.640035 0.173329
v 4.084854 2.571052 0.157448
v 4.095799 2.550816 0.087890
v 4.099386 2.544750 0.091261
v 4.022725 2.709724 0.144938
v 4.013410 2.738564 0.078650
v 4.010481 2.742479 0.081555
v 4.054676 2.640000 -0.166541
v 4.052815 2.640035 -0.173329
v 4.101072 2.542671 -0.000001
v 4.084854 2.571052 -0.157449
v 4.095799 2.550816 -0.087891
v 4.099386 2.544750 -0.091262
v 4.022725 2.709725 -0.144938
v 4.009080 2.748811 -0.000001
v 4.013410 2.738564 -0.078651
v 4.010481 2.742479 -0.081556
v 2.021791 2.540025 0.068173
v 2.008183 2.542115 0.070123
v 2.008440 2.527412 0.124815
v 2.022565 2.496295 0.147635
v 2.008978 2.497134 0.151857
v 2.024602 2.379006 0.068173
v 2.011074 2.376491 0.070123
v 2.010870 2.388173 0.124815
v 2.009665 2.457786 0.158304
v 2.023908 2.419341 0.147635
v 2.010360 2.417980 0.151857
v 2.008124 2.545502 -0.000000
v 2.021791 2.540025 -0.068174
v 2.008183 2.542115 -0.070124
v 2.008440 2.527412 -0.124815
v 2.022565 2.496295 -0.147635
v 2.008978 2.497134 -0.151857
v 2.011097 2.375193 -0.000000
v 2.024602 2.379006 -0.068174
v 2.011074 2.376491 -0.070124
v 2.009665 2.457786 -0.158304
v 2.010870 2.388173 -0.124815
v 2.023908 2.419341 -0.147635
v 2.010360 2.417980 -0.151857
v 1.998069 2.544543 0.072305
v 1.994176 2.547545 0.074877
v 1.994460 2.531846 0.133277
v 1.998879 2.498162 0.156581
v 1.995025 2.499515 0.162151
v 2.001050 2.373767 0.072305
v 1.997263 2.370694 0.074877
v 1.997055 2.383168 0.133277
v 1.995768 2.457500 0.169035
v 2.000303 2.416545 0.156581
v 1.996500 2.414995 0.162151
v 1.994113 2.551162 -0.000000
v 1.998069 2.544543 -0.072305
v 1.994176 2.547545 -0.074878
v 1.994460 2.531846 -0.133277
v 1.998879 2.498162 -0.156582
v 1.995025 2.499515 -0.162152
v 1.997287 2.369308 -0.000000
v 2.001050 2.373767 -0.072305
v 1.997263 2.370694 -0.074878
v 1.995768 2.457500 -0.169035
v 1.997055 2.383168 -0.133277
v 2.000303 2.416545 -0.156582
v 1.996500 2.414995 -0.162152
v 1.994680 2.550748 0.077552
v 1.998486 2.555028 0.080176
v 1.998796 2.537848 0.142794
v 1.995559 2.501001 0.167945
v 1.999407 2.502871 0.173938
v 1.997878 2.367577 0.077552
v 2.001822 2.363919 0.080563
v 2.001597 2.377374 0.143362
v 2.000208 2.457544 0.181559
v 1.997087 2.413461 0.167945
v 2.000998 2.411700 0.174326
v 1.998415 2.559083 -0.000000
v 1.994680 2.550748 -0.077553
v 1.998486 2.555028 -0.080176
v 1.998796 2.537848 -0.142794
v 1.995559 2.501001 -0.167946
v 1.999407 2.502871 -0.173938
v 2.001848 2.362424 -0.000000
v 1.997878 2.367577 -0.077553
v 2.001822 2.363919 -0.080564
v 2.000208 2.457544 -0.181559
v 2.001597 2.377374 -0.143362
v 1.997087 2.413461 -0.167946
v 2.000998 2.411700 -0.174326
v 4.022843 2.642215 0.187809
v 3.938615 2.653371 0.214768
v 2.279828 2.169456 0.276511
v 2.278304 2.255051 0.276511
v 3.664278 2.487550 0.305231
v 2.268988 2.704533 0.108101
v 3.813798 2.667032 0.245526
v 3.661999 2.584301 0.306986
v 3.659730 2.678140 0.274005
v 2.697656 2.487257 0.344241
v 2.956867 2.507172 0.352921
v 3.468206 2.507144 0.331862
v 3.223907 2.514090 0.348401
v 3.465089 2.685695 0.296872
v 3.222476 2.596687 0.348909
v 3.220869 2.688709 0.311277
v 3.230346 2.148654 0.327352
v 3.227780 2.293368 0.327353
v 2.696184 2.572102 0.344616
v 2.953802 2.682771 0.315283
v 2.694587 2.663599 0.307494
v 2.464790 2.457445 0.323533
v 2.274087 2.422736 0.292440
v 4.108980 2.515347 0.096180
v 4.170370 2.350881 0.103548
v 4.135033 2.443811 0.099859
v 3.663949 2.237656 0.285374
v 3.831036 2.313787 0.253128
v 3.471703 2.307976 0.311195
v 3.667117 2.313453 0.284501
v 2.461769 2.631094 0.288832
v 2.269794 2.658370 0.199903
v 2.272478 2.505178 0.291273
v 2.271038 2.587696 0.261293
v 2.704331 2.107688 0.323681
v 2.960950 2.274433 0.331592
v 2.468440 2.249529 0.305488
v 2.701685 2.257531 0.323681
v 2.693177 2.743837 0.232784
v 2.459574 2.756287 0.118043
v 2.692298 2.794175 0.125094
v 3.829394 2.467417 0.272671
v 4.000179 2.359775 0.229735
v 4.091976 2.455262 0.183145
v 3.961262 2.558643 0.234337
v 3.980843 2.460214 0.236495
v 3.983662 2.750830 0.085716
v 3.921556 2.727661 0.168215
v 3.914743 2.766728 0.092127
v 2.104673 2.234119 0.121750
v 2.152305 2.264773 0.219971
v 2.104035 2.268964 0.121750
v 2.131029 2.649439 0.097819
v 2.013758 2.569393 0.083825
v 2.051542 2.602164 0.089631
v 2.014833 2.508339 0.184646
v 2.132829 2.546861 0.231009
v 2.052087 2.571512 0.162331
v 2.052963 2.521309 0.204313
v 2.951468 2.815924 0.128158
v 3.219432 2.770472 0.235554
v 3.218533 2.821436 0.126552
v 2.017518 2.353979 0.087697
v 2.053006 2.332611 0.102343
v 2.136507 2.398030 0.254050
v 2.054030 2.460155 0.220684
v 2.016602 2.407022 0.188519
v 2.056541 2.350107 0.181325
v 2.055289 2.398349 0.216913
v 3.462806 2.815373 0.120608
v 3.657881 2.755489 0.207056
v 3.804914 2.785756 0.100775
v 3.656856 2.802730 0.111136
v 4.022843 2.642215 -0.187810
v 3.938615 2.653371 -0.214768
v 2.279828 2.169456 -0.276511
v 2.278304 2.255051 -0.276511
v 3.664278 2.487550 -0.305232
v 2.268702 2.720926 -0.000000
v 2.268988 2.704533 -0.108101
v 3.661999 2.584301 -0.306986
v 3.813788 2.667032 -0.245526
v 3.659730 2.678140 -0.274005
v 2.697656 2.487257 -0.344241
v 3.468206 2.507144 -0.331862
v 2.956867 2.507172 -0.352921
v 3.223907 2.514090 -0.348402
v 3.222476 2.596687 -0.348910
v 3.465089 2.685695 -0.296873
v 3.220869 2.688709 -0.311277
v 3.230346 2.148654 -0.327353
v 3.227780 2.293368 -0.327353
v 2.953802 2.682771 -0.315283
v 2.696184 2.572102 -0.344616
v 2.694587 2.663599 -0.307494
v 2.464790 2.457445 -0.323533
v 2.274087 2.422736 -0.292440
v 4.139873 2.437564 -0.000001
v 4.170370 2.350881 -0.103549
v 4.108980 2.515347 -0.096181
v 4.135033 2.443811 -0.099860
v 3.471703 2.307976 -0.311195
v 3.831036 2.313787 -0.253129
v 3.663949 2.237656 -0.285374
v 3.667117 2.313453 -0.284501
v 2.272478 2.505178 -0.291274
v 2.269794 2.658370 -0.199903
v 2.461769 2.631094 -0.288832
v 2.271038 2.587696 -0.261294
v 2.468440 2.249529 -0.305488
v 2.960950 2.274433 -0.331592
v 2.704331 2.107688 -0.323682
v 2.701685 2.257531 -0.323682
v 2.459574 2.756287 -0.118043
v 2.691991 2.811178 -0.000000
v 2.693177 2.743837 -0.232784
v 2.692298 2.794175 -0.125094
v 3.961262 2.558643 -0.234337
v 4.091976 2.455262 -0.183146
v 4.000179 2.359775 -0.229735
v 3.829394 2.467418 -0.272671
v 3.980843 2.460214 -0.236496
v 3.921556 2.727661 -0.168216
v 3.913880 2.777206 -0.000001
v 3.983662 2.750830 -0.085717
v 3.914743 2.766728 -0.092128
v 2.098676 2.269429 -0.000000
v 2.152305 2.264773 -0.219971
v 2.104673 2.234119 -0.121750
v 2.104035 2.268964 -0.121750
v 2.013758 2.569393 -0.083826
v 2.051365 2.612303 -0.000000
v 2.131029 2.649439 -0.097820
v 2.051542 2.602164 -0.089632
v 2.052087 2.571512 -0.162331
v 2.132829 2.546861 -0.231009
v 2.014833 2.508339 -0.184646
v 2.052963 2.521309 -0.204313
v 3.218235 2.838480 -0.000000
v 3.219432 2.770472 -0.235554
v 2.951468 2.815924 -0.128158
v 3.218533 2.821436 -0.126552
v 2.052368 2.330764 -0.000000
v 2.017518 2.353979 -0.087698
v 2.053006 2.332611 -0.102343
v 2.056541 2.350107 -0.181325
v 2.016602 2.407022 -0.188519
v 2.054030 2.460155 -0.220684
v 2.136507 2.398030 -0.254050
v 2.055289 2.398349 -0.216913
v 3.656563 2.818349 -0.000001
v 3.804914 2.785756 -0.100776
v 3.657881 2.755489 -0.207056
v 3.462806 2.815373 -0.120608
v 3.656856 2.802730 -0.111136
v 3.225224 2.438082 0.327353
v 2.276790 2.340646 0.276512
v 3.666491 2.389410 0.284619
v 2.699040 2.407374 0.323682
v 2.103406 2.303808 0.121750
v 3.225224 2.438082 -0.327353
v 2.276790 2.340646 -0.276512
v 3.666491 2.389410 -0.284619
v 2.699040 2.407374 -0.323682
v 2.103406 2.303808 -0.121750
v 3.943549 2.680687 -0.085613
v 3.943893 2.661569 -0.096862
v 3.944997 2.599466 -0.092255
v 3.945189 2.589057 -0.075981
v 3.943136 2.703830 -0.000001
v 3.943146 2.703256 -0.024788
v 4.072310 2.579222 0.141898
v 4.017197 2.703228 0.131682
v 4.072310 2.579222 -0.141899
v 4.084798 2.554204 -0.000001
v 4.004558 2.738616 -0.000001
v 4.017197 2.703228 -0.131683
v 4.083876 2.575546 0.150468
v 4.025432 2.707042 0.139635
v 4.083876 2.575546 -0.150468
v 4.097121 2.549018 -0.000001
v 4.012035 2.744565 -0.000001
v 4.025432 2.707042 -0.139635
v 2.022051 2.525731 0.121345
v 2.023232 2.458040 0.153903
v 2.024414 2.390364 0.121345
v 2.021734 2.543318 -0.000000
v 2.022051 2.525731 -0.121345
v 2.024624 2.377744 -0.000000
v 2.024414 2.390364 -0.121345
v 2.023232 2.458040 -0.153903
v 1.998334 2.529382 0.128698
v 1.999597 2.457590 0.163229
v 2.000840 2.385812 0.128698
v 1.997998 2.548035 -0.000000
v 1.998334 2.529382 -0.128699
v 2.001063 2.372428 -0.000000
v 2.000840 2.385812 -0.128699
v 1.999597 2.457590 -0.163229
v 1.994964 2.534488 0.138039
v 1.996318 2.457486 0.175075
v 1.997652 2.380497 0.138039
v 1.994615 2.554494 -0.000000
v 1.994964 2.534488 -0.138039
v 1.997903 2.366142 -0.000000
v 1.997652 2.380497 -0.138039
v 1.996318 2.457486 -0.175075
v 2.466228 2.375046 0.305488
v 2.153198 2.215330 0.219971
v 2.134110 2.473500 0.254828
v 2.460424 2.707539 0.219284
v 3.994514 2.715791 0.153628
v 4.122260 2.365350 0.185445
v 3.785171 2.280419 0.262193
v 4.070969 2.546021 0.181100
v 3.807606 2.742161 0.186927
v 3.836534 2.348853 0.254638
v 3.473784 2.191004 0.311195
v 2.015714 2.457914 0.194852
v 3.463684 2.765654 0.224556
v 3.469620 2.424948 0.311195
v 2.955426 2.590334 0.353429
v 3.466696 2.593662 0.332731
v 2.952370 2.764808 0.238559
v 2.958195 2.430521 0.331592
v 3.821723 2.571700 0.273802
v 2.963705 2.118345 0.331591
v 2.470650 2.124012 0.305488
v 2.463312 2.542697 0.323260
v 2.131737 2.608876 0.179370
v 2.151412 2.314214 0.219971
v 2.014139 2.548114 0.150055
v 2.017257 2.368915 0.155735
v 2.466228 2.375046 -0.305488
v 2.153198 2.215330 -0.219971
v 2.134110 2.473500 -0.254829
v 2.460424 2.707539 -0.219284
v 4.112755 2.511647 -0.000001
v 2.013655 2.575260 -0.000000
v 2.099286 2.236206 -0.000000
v 3.994514 2.715791 -0.153629
v 4.122260 2.365350 -0.185446
v 3.785171 2.280419 -0.262193
v 4.070969 2.546021 -0.181101
v 3.807606 2.742161 -0.186928
v 3.836534 2.348853 -0.254638
v 3.473784 2.191004 -0.311195
v 2.015714 2.457914 -0.194852
v 3.463684 2.765654 -0.224556
v 3.469620 2.424948 -0.311196
v 2.955426 2.590334 -0.353429
v 3.466696 2.593662 -0.332731
v 2.952370 2.764808 -0.238559
v 2.958195 2.430521 -0.331592
v 3.821723 2.571700 -0.273802
v 2.963705 2.118345 -0.331592
v 2.470650 2.124012 -0.305488
v 2.463312 2.542697 -0.323261
v 3.462515 2.832016 -0.000001
v 3.804467 2.799364 -0.000001
v 2.131737 2.608876 -0.179370
v 2.151412 2.314214 -0.219971
v 2.951170 2.833014 -0.000000
v 2.098066 2.302653 -0.000000
v 2.017547 2.352319 -0.000000
v 3.982398 2.758446 -0.000001
v 4.175900 2.338880 -0.000001
v 2.459280 2.773115 -0.000000
v 2.130776 2.663895 -0.000000
v 2.014139 2.548114 -0.150055
v 2.017257 2.368915 -0.155736

vt 0.716897 0.968894
vt 0.716897 0.969153
vt 0.722933 0.969764
vt 0.722933 0.969493
vt 0.722933 0.968682
vt 0.729816 0.969180
vt 0.729816 0.967797
vt 0.722932 0.967330
vt 0.716891 0.966802
vt 0.716883 0.964961
vt 0.711575 0.964444
vt 0.711610 0.966227
vt 0.711627 0.967482
vt 0.707047 0.966808
vt 0.707061 0.967496
vt 0.711633 0.968224
vt 0.824085 0.941208
vt 0.824094 0.939803
vt 0.821731 0.938845
vt 0.821698 0.940590
vt 0.821843 0.942813
vt 0.818708 0.942904
vt 0.818781 0.945438
vt 0.821892 0.945099
vt 0.824133 0.945035
vt 0.824133 0.947141
vt 0.825676 0.947045
vt 0.825676 0.945135
vt 0.825676 0.943332
vt 0.826690 0.943643
vt 0.826690 0.942209
vt 0.825677 0.941763
vt 0.824395 0.938519
vt 0.822933 0.937583
vt 0.822754 0.937685
vt 0.821024 0.936662
vt 0.819953 0.936875
vt 0.822219 0.937991
vt 0.824216 0.939008
vt 0.825677 0.940552
vt 0.825677 0.939826
vt 0.825677 0.939463
vt 0.826691 0.940107
vt 0.826691 0.939996
vt 0.825677 0.939342
vt 0.746091 0.970720
vt 0.746091 0.971005
vt 0.754939 0.971098
vt 0.754939 0.970813
vt 0.754939 0.969958
vt 0.763899 0.969812
vt 0.763899 0.968390
vt 0.754939 0.968536
vt 0.746091 0.968451
vt 0.746091 0.966470
vt 0.737626 0.966226
vt 0.737626 0.968188
vt 0.737626 0.969592
vt 0.729816 0.970012
vt 0.737626 0.970437
vt 0.824133 0.953025
vt 0.824133 0.954566
vt 0.825677 0.953696
vt 0.825676 0.952344
vt 0.825676 0.950731
vt 0.826690 0.950399
vt 0.826690 0.948766
vt 0.825676 0.948937
vt 0.824133 0.949230
vt 0.821891 0.947411
vt 0.821891 0.949708
vt 0.821891 0.951905
vt 0.818780 0.952829
vt 0.818781 0.955037
vt 0.821892 0.953916
vt 0.824134 0.955761
vt 0.821892 0.955657
vt 0.821892 0.957041
vt 0.821892 0.958051
vt 0.818781 0.959669
vt 0.818781 0.960384
vt 0.821892 0.958671
vt 0.824134 0.957118
vt 0.824134 0.957286
vt 0.825677 0.955920
vt 0.825677 0.955795
vt 0.825677 0.955399
vt 0.826691 0.954470
vt 0.826691 0.953909
vt 0.825677 0.954707
vt 0.821379 0.934376
vt 0.821379 0.933269
vt 0.821021 0.933177
vt 0.821021 0.932016
vt 0.819950 0.931579
vt 0.819951 0.932903
vt 0.819951 0.934227
vt 0.817810 0.934004
vt 0.817811 0.935652
vt 0.819953 0.935551
vt 0.821023 0.935501
vt 0.821381 0.936592
vt 0.821380 0.935484
vt 0.699611 0.964387
vt 0.699339 0.962800
vt 0.696542 0.962316
vt 0.696915 0.963842
vt 0.697102 0.964786
vt 0.695173 0.964272
vt 0.695248 0.964688
vt 0.697164 0.965261
vt 0.699793 0.965958
vt 0.699793 0.966111
vt 0.703103 0.966910
vt 0.703103 0.966722
vt 0.703075 0.966102
vt 0.707004 0.965619
vt 0.702989 0.964993
vt 0.696274 0.948210
vt 0.696889 0.951487
vt 0.701335 0.951999
vt 0.700934 0.948628
vt 0.700551 0.945149
vt 0.705785 0.945560
vt 0.705606 0.941821
vt 0.700182 0.941543
vt 0.695115 0.941555
vt 0.694527 0.938186
vt 0.689927 0.938423
vt 0.690737 0.941563
vt 0.691507 0.944699
vt 0.688297 0.944444
vt 0.689066 0.947395
vt 0.692196 0.947827
vt 0.789265 0.967672
vt 0.796757 0.966409
vt 0.796757 0.965040
vt 0.789265 0.966283
vt 0.781200 0.967259
vt 0.781200 0.965307
vt 0.772699 0.965989
vt 0.772699 0.967963
vt 0.772699 0.969378
vt 0.763899 0.970666
vt 0.772699 0.970230
vt 0.781201 0.969512
vt 0.781201 0.969797
vt 0.789266 0.968800
vt 0.789266 0.968515
vt 0.789264 0.932652
vt 0.796755 0.932620
vt 0.796755 0.928435
vt 0.789263 0.927986
vt 0.781198 0.927886
vt 0.781197 0.922891
vt 0.772695 0.922903
vt 0.772696 0.928077
vt 0.772697 0.933251
vt 0.763897 0.933707
vt 0.763899 0.938910
vt 0.772698 0.938426
vt 0.781199 0.937877
vt 0.781201 0.942873
vt 0.789266 0.941985
vt 0.789265 0.937319
vt 0.809520 0.952680
vt 0.809520 0.949888
vt 0.803535 0.951052
vt 0.803535 0.953948
vt 0.803535 0.956775
vt 0.796756 0.958061
vt 0.796757 0.960783
vt 0.803535 0.959403
vt 0.809520 0.957903
vt 0.809521 0.960103
vt 0.814629 0.958485
vt 0.814629 0.956407
vt 0.814629 0.954033
vt 0.818780 0.950432
vt 0.814629 0.951466
vt 0.722929 0.935476
vt 0.729813 0.935348
vt 0.729812 0.931449
vt 0.722928 0.932229
vt 0.716910 0.932960
vt 0.717081 0.930437
vt 0.712385 0.931848
vt 0.711699 0.933629
vt 0.711181 0.935421
vt 0.705855 0.935317
vt 0.705490 0.936408
vt 0.711000 0.937232
vt 0.716737 0.938017
vt 0.716735 0.940550
vt 0.722932 0.941970
vt 0.722931 0.938723
vt 0.685125 0.943330
vt 0.685125 0.943209
vt 0.686091 0.946003
vt 0.686091 0.946067
vt 0.686381 0.946321
vt 0.687093 0.948429
vt 0.687835 0.949046
vt 0.687250 0.946828
vt 0.686386 0.944045
vt 0.687377 0.941443
vt 0.685361 0.941068
vt 0.684353 0.940599
vt 0.683193 0.937395
vt 0.682838 0.936849
vt 0.684017 0.940190
vt 0.809520 0.947131
vt 0.814629 0.948807
vt 0.814629 0.946160
vt 0.814581 0.943490
vt 0.818490 0.940308
vt 0.814436 0.940763
vt 0.809472 0.941653
vt 0.809424 0.938916
vt 0.803536 0.939938
vt 0.803536 0.942677
vt 0.803535 0.945432
vt 0.796757 0.946483
vt 0.796756 0.949289
vt 0.803535 0.948218
vt 0.789265 0.959123
vt 0.796756 0.955140
vt 0.789265 0.956130
vt 0.781199 0.956912
vt 0.781199 0.953856
vt 0.772698 0.954414
vt 0.772698 0.957484
vt 0.772698 0.960561
vt 0.763899 0.960933
vt 0.763899 0.963853
vt 0.772699 0.963459
vt 0.781200 0.962814
vt 0.789265 0.964362
vt 0.789265 0.961921
vt 0.754937 0.934191
vt 0.763896 0.928503
vt 0.754936 0.929106
vt 0.746088 0.929834
vt 0.746087 0.925009
vt 0.737621 0.926205
vt 0.737623 0.930632
vt 0.737624 0.935060
vt 0.729815 0.939248
vt 0.737625 0.939487
vt 0.746090 0.939483
vt 0.746091 0.944307
vt 0.754940 0.944362
vt 0.754939 0.939277
vt 0.746090 0.957938
vt 0.746090 0.954883
vt 0.737625 0.954700
vt 0.737625 0.957759
vt 0.737625 0.960824
vt 0.729815 0.960533
vt 0.729815 0.963386
vt 0.737625 0.963709
vt 0.746091 0.963927
vt 0.754939 0.966547
vt 0.754939 0.963992
vt 0.754939 0.961070
vt 0.763898 0.957841
vt 0.754939 0.957979
vt 0.746090 0.952047
vt 0.754938 0.954916
vt 0.754939 0.952080
vt 0.754939 0.949413
vt 0.763899 0.949225
vt 0.763899 0.946642
vt 0.754939 0.946859
vt 0.746091 0.946814
vt 0.737627 0.943915
vt 0.737626 0.946490
vt 0.737625 0.949114
vt 0.729815 0.948628
vt 0.729815 0.951458
vt 0.737625 0.951834
vt 0.789265 0.947414
vt 0.796757 0.943724
vt 0.789265 0.944683
vt 0.781200 0.945515
vt 0.772699 0.943600
vt 0.772699 0.946181
vt 0.772698 0.948812
vt 0.763898 0.951916
vt 0.772698 0.951539
vt 0.781199 0.950966
vt 0.789265 0.953105
vt 0.789265 0.950210
vt 0.716829 0.956747
vt 0.716807 0.953546
vt 0.711277 0.953043
vt 0.711363 0.956303
vt 0.711445 0.959367
vt 0.706593 0.958884
vt 0.706775 0.961616
vt 0.711518 0.962119
vt 0.716868 0.962585
vt 0.722932 0.965439
vt 0.722931 0.963010
vt 0.722931 0.960193
vt 0.729815 0.957479
vt 0.722931 0.957141
vt 0.809521 0.961873
vt 0.803535 0.961699
vt 0.803535 0.963534
vt 0.803535 0.964879
vt 0.796757 0.967245
vt 0.803536 0.965708
vt 0.809521 0.963992
vt 0.809521 0.964274
vt 0.814629 0.962458
vt 0.814629 0.962188
vt 0.814629 0.961411
vt 0.818781 0.958518
vt 0.814629 0.960165
vt 0.716787 0.950331
vt 0.722931 0.954005
vt 0.722931 0.950937
vt 0.722931 0.947920
vt 0.729815 0.945870
vt 0.722931 0.944936
vt 0.716751 0.943829
vt 0.710986 0.939053
vt 0.711053 0.942687
vt 0.711122 0.946258
vt 0.705975 0.949114
vt 0.711197 0.949702
vt 0.809422 0.930355
vt 0.809421 0.927502
vt 0.803533 0.925739
vt 0.803534 0.929289
vt 0.803535 0.932838
vt 0.796756 0.936804
vt 0.803535 0.936388
vt 0.809423 0.936063
vt 0.814242 0.938009
vt 0.814241 0.935820
vt 0.814241 0.933631
vt 0.817809 0.932355
vt 0.814240 0.931442
vt 0.698885 0.960562
vt 0.702819 0.963339
vt 0.702534 0.961084
vt 0.702169 0.958356
vt 0.706387 0.955814
vt 0.701758 0.955285
vt 0.697593 0.954748
vt 0.692973 0.950991
vt 0.694009 0.954237
vt 0.695069 0.957344
vt 0.692687 0.956986
vt 0.693731 0.959718
vt 0.695920 0.960093
vt 0.266165 0.079544
vt 0.259282 0.080042
vt 0.259282 0.080874
vt 0.266165 0.080355
vt 0.272201 0.079756
vt 0.272201 0.080015
vt 0.277465 0.079329
vt 0.277465 0.079086
vt 0.277471 0.078344
vt 0.282051 0.077670
vt 0.282094 0.076481
vt 0.277488 0.077089
vt 0.272207 0.077664
vt 0.272215 0.075823
vt 0.266166 0.076301
vt 0.266166 0.078192
vt 0.167255 0.053675
vt 0.170390 0.053767
vt 0.170608 0.051171
vt 0.167400 0.051452
vt 0.165013 0.052071
vt 0.165004 0.050665
vt 0.163421 0.051414
vt 0.163421 0.052625
vt 0.163422 0.054194
vt 0.162408 0.054505
vt 0.162408 0.056153
vt 0.163422 0.055997
vt 0.164965 0.055897
vt 0.164965 0.058004
vt 0.167207 0.058273
vt 0.167206 0.055962
vt 0.166344 0.048547
vt 0.168074 0.047525
vt 0.167717 0.047454
vt 0.166165 0.048445
vt 0.164703 0.049381
vt 0.163421 0.050204
vt 0.163421 0.050325
vt 0.162407 0.050969
vt 0.162407 0.051301
vt 0.163421 0.050688
vt 0.164882 0.049870
vt 0.167367 0.049708
vt 0.166879 0.048854
vt 0.234159 0.080820
vt 0.225199 0.080674
vt 0.225199 0.081528
vt 0.234159 0.081675
vt 0.243007 0.081582
vt 0.243007 0.081867
vt 0.251472 0.081581
vt 0.251472 0.081299
vt 0.251472 0.080454
vt 0.259282 0.078659
vt 0.251472 0.079050
vt 0.243007 0.079313
vt 0.243007 0.077332
vt 0.234159 0.077409
vt 0.234159 0.079398
vt 0.163422 0.061593
vt 0.162408 0.061261
vt 0.162408 0.062716
vt 0.163422 0.063206
vt 0.164965 0.063887
vt 0.164965 0.065429
vt 0.167206 0.066519
vt 0.167206 0.064778
vt 0.167207 0.062767
vt 0.170318 0.063691
vt 0.170318 0.061294
vt 0.167207 0.060570
vt 0.164965 0.060092
vt 0.163422 0.057907
vt 0.163422 0.059799
vt 0.167206 0.068913
vt 0.170317 0.070531
vt 0.170317 0.069381
vt 0.167206 0.067903
vt 0.164964 0.066623
vt 0.163421 0.064559
vt 0.163421 0.065569
vt 0.163421 0.066261
vt 0.162407 0.065332
vt 0.162407 0.065635
vt 0.163421 0.066658
vt 0.164964 0.067980
vt 0.164964 0.068148
vt 0.167206 0.069745
vt 0.167206 0.069533
vt 0.168077 0.044040
vt 0.168077 0.042878
vt 0.167721 0.043023
vt 0.167719 0.044131
vt 0.167719 0.045239
vt 0.167718 0.046346
vt 0.168075 0.046363
vt 0.169145 0.047737
vt 0.169145 0.046413
vt 0.169147 0.045089
vt 0.171288 0.044866
vt 0.171289 0.043217
vt 0.169147 0.043766
vt 0.291996 0.075648
vt 0.293925 0.075134
vt 0.294153 0.074258
vt 0.292183 0.074704
vt 0.289487 0.075250
vt 0.289759 0.073662
vt 0.286279 0.074201
vt 0.286109 0.075855
vt 0.286023 0.076964
vt 0.282037 0.078358
vt 0.285995 0.077584
vt 0.289305 0.076820
vt 0.289305 0.076973
vt 0.291934 0.076243
vt 0.291934 0.076123
vt 0.288547 0.056012
vt 0.283313 0.056422
vt 0.283123 0.059976
vt 0.288164 0.059490
vt 0.292824 0.059072
vt 0.292209 0.062349
vt 0.296125 0.061854
vt 0.296902 0.058689
vt 0.297591 0.055562
vt 0.300801 0.055306
vt 0.301720 0.052305
vt 0.298361 0.052426
vt 0.293983 0.052417
vt 0.294571 0.049048
vt 0.289277 0.048734
vt 0.288916 0.052405
vt 0.207898 0.078122
vt 0.207898 0.076169
vt 0.199833 0.075224
vt 0.199833 0.077145
vt 0.199833 0.078534
vt 0.192341 0.077271
vt 0.192341 0.078108
vt 0.199832 0.079377
vt 0.207897 0.080374
vt 0.207897 0.080659
vt 0.216399 0.081378
vt 0.216399 0.081093
vt 0.216399 0.080240
vt 0.225199 0.079252
vt 0.216399 0.078825
vt 0.207900 0.038748
vt 0.207901 0.033753
vt 0.199835 0.034183
vt 0.199835 0.038849
vt 0.199834 0.043515
vt 0.192343 0.043482
vt 0.192342 0.047666
vt 0.199833 0.048181
vt 0.207899 0.048739
vt 0.207897 0.053735
vt 0.216399 0.054462
vt 0.216400 0.049288
vt 0.216401 0.044114
vt 0.225201 0.044569
vt 0.225202 0.039365
vt 0.216402 0.038939
vt 0.185563 0.067637
vt 0.192342 0.068923
vt 0.192342 0.066002
vt 0.185563 0.064810
vt 0.179578 0.063542
vt 0.179578 0.060750
vt 0.174469 0.059669
vt 0.174469 0.062328
vt 0.174469 0.064895
vt 0.170317 0.065899
vt 0.174469 0.067269
vt 0.179578 0.068765
vt 0.179577 0.070965
vt 0.185563 0.072562
vt 0.185563 0.070265
vt 0.272188 0.043823
vt 0.272017 0.041299
vt 0.266172 0.039844
vt 0.266171 0.043091
vt 0.266169 0.046338
vt 0.259285 0.046210
vt 0.259283 0.050110
vt 0.266167 0.049585
vt 0.272361 0.048879
vt 0.272363 0.051412
vt 0.278112 0.049916
vt 0.278098 0.048094
vt 0.277917 0.046283
vt 0.283243 0.046180
vt 0.282207 0.045129
vt 0.277399 0.044491
vt 0.302716 0.057183
vt 0.302005 0.059291
vt 0.302252 0.059060
vt 0.303007 0.056929
vt 0.303973 0.054193
vt 0.303973 0.054071
vt 0.305081 0.050864
vt 0.305081 0.051053
vt 0.304745 0.051461
vt 0.305905 0.048257
vt 0.304842 0.048857
vt 0.303737 0.051931
vt 0.302712 0.054907
vt 0.300032 0.058257
vt 0.301847 0.057690
vt 0.174517 0.054352
vt 0.170317 0.056300
vt 0.174469 0.057022
vt 0.179578 0.057993
vt 0.185563 0.061914
vt 0.185563 0.059081
vt 0.185563 0.056294
vt 0.192341 0.057345
vt 0.192341 0.054586
vt 0.185562 0.053539
vt 0.179626 0.052515
vt 0.179674 0.049778
vt 0.174856 0.048871
vt 0.174662 0.051625
vt 0.207899 0.067774
vt 0.207899 0.064718
vt 0.199833 0.063967
vt 0.199833 0.066992
vt 0.199833 0.069985
vt 0.192341 0.071645
vt 0.199833 0.072783
vt 0.207898 0.073676
vt 0.216399 0.076851
vt 0.216399 0.074321
vt 0.216400 0.071424
vt 0.225199 0.071796
vt 0.225200 0.068703
vt 0.216400 0.068346
vt 0.243010 0.040696
vt 0.243011 0.035871
vt 0.234163 0.034883
vt 0.234162 0.039968
vt 0.234161 0.045054
vt 0.225199 0.049773
vt 0.234159 0.050139
vt 0.243008 0.050345
vt 0.243007 0.055170
vt 0.251471 0.054777
vt 0.251473 0.050349
vt 0.251474 0.045922
vt 0.259286 0.042311
vt 0.251475 0.041494
vt 0.251473 0.071686
vt 0.259283 0.071396
vt 0.259283 0.068342
vt 0.251473 0.068621
vt 0.243008 0.068801
vt 0.243008 0.065745
vt 0.234160 0.065778
vt 0.234160 0.068841
vt 0.234159 0.071932
vt 0.225199 0.074715
vt 0.234159 0.074854
vt 0.243007 0.074790
vt 0.251472 0.077088
vt 0.251473 0.074571
vt 0.234159 0.060275
vt 0.225199 0.060087
vt 0.225199 0.062778
vt 0.234159 0.062942
vt 0.243008 0.062909
vt 0.251473 0.065562
vt 0.251473 0.062696
vt 0.251473 0.059976
vt 0.259283 0.059490
vt 0.259283 0.056732
vt 0.251472 0.057352
vt 0.243007 0.057676
vt 0.234158 0.055224
vt 0.234159 0.057721
vt 0.207898 0.056377
vt 0.199832 0.052847
vt 0.199833 0.055545
vt 0.199833 0.058276
vt 0.192342 0.060151
vt 0.199833 0.061073
vt 0.207899 0.061828
vt 0.216400 0.065276
vt 0.216400 0.062402
vt 0.216400 0.059674
vt 0.225199 0.057505
vt 0.216399 0.057044
vt 0.277653 0.070229
vt 0.282505 0.069746
vt 0.282711 0.066676
vt 0.277735 0.067165
vt 0.272269 0.067609
vt 0.272291 0.064408
vt 0.266167 0.064867
vt 0.266167 0.068003
vt 0.266167 0.071055
vt 0.259283 0.074248
vt 0.266167 0.073872
vt 0.272230 0.073447
vt 0.277523 0.075306
vt 0.277580 0.072981
vt 0.185563 0.075741
vt 0.192341 0.075902
vt 0.185563 0.074396
vt 0.179577 0.072735
vt 0.174469 0.069348
vt 0.174469 0.071028
vt 0.174469 0.072273
vt 0.170317 0.071246
vt 0.174469 0.073050
vt 0.179577 0.074854
vt 0.179577 0.075136
vt 0.185562 0.076855
vt 0.185562 0.076570
vt 0.266167 0.058782
vt 0.259283 0.062321
vt 0.266167 0.061799
vt 0.272311 0.061193
vt 0.277821 0.063905
vt 0.277901 0.060564
vt 0.277976 0.057120
vt 0.283492 0.052684
vt 0.278045 0.053549
vt 0.272347 0.054691
vt 0.266166 0.052832
vt 0.266167 0.055799
vt 0.185563 0.043701
vt 0.192343 0.039297
vt 0.185564 0.040151
vt 0.179676 0.041218
vt 0.179677 0.038364
vt 0.174859 0.040115
vt 0.174858 0.042304
vt 0.174857 0.044493
vt 0.171287 0.046514
vt 0.174857 0.046682
vt 0.179675 0.046925
vt 0.185562 0.050800
vt 0.185563 0.047250
vt 0.286929 0.069218
vt 0.282323 0.072478
vt 0.286564 0.071946
vt 0.290213 0.071424
vt 0.292556 0.073178
vt 0.293178 0.070956
vt 0.294029 0.068206
vt 0.296411 0.067848
vt 0.297722 0.064799
vt 0.295089 0.065099
vt 0.291505 0.065610
vt 0.287763 0.062861
vt 0.287340 0.066147
vt 0.827725 0.945457
vt 0.827724 0.947030
vt 0.827909 0.947030
vt 0.827909 0.945495
vt 0.827910 0.944047
vt 0.827983 0.944095
vt 0.827983 0.942855
vt 0.827910 0.942786
vt 0.827725 0.942681
vt 0.827725 0.941684
vt 0.827346 0.941464
vt 0.827345 0.942502
vt 0.827345 0.943848
vt 0.826690 0.945291
vt 0.827345 0.945394
vt 0.827725 0.941086
vt 0.827910 0.941813
vt 0.827911 0.941229
vt 0.827911 0.940937
vt 0.827984 0.941036
vt 0.827984 0.940940
vt 0.827911 0.940840
vt 0.827725 0.940688
vt 0.827346 0.940425
vt 0.827346 0.940529
vt 0.826691 0.940438
vt 0.827346 0.940841
vt 0.827725 0.951344
vt 0.827725 0.952384
vt 0.827910 0.952248
vt 0.827910 0.951237
vt 0.827910 0.949979
vt 0.827983 0.949932
vt 0.827983 0.948527
vt 0.827909 0.948550
vt 0.827725 0.948588
vt 0.827345 0.947032
vt 0.827345 0.948655
vt 0.827345 0.950182
vt 0.826690 0.951854
vt 0.827345 0.951535
vt 0.827725 0.953747
vt 0.827725 0.953800
vt 0.827911 0.953603
vt 0.827911 0.953554
vt 0.827911 0.953350
vt 0.827984 0.953249
vt 0.827984 0.952839
vt 0.827911 0.952933
vt 0.827725 0.953094
vt 0.827346 0.952633
vt 0.827346 0.953396
vt 0.827346 0.953875
vt 0.826691 0.954773
vt 0.827346 0.954122
vt 0.161373 0.053543
vt 0.161373 0.052547
vt 0.161188 0.052675
vt 0.161188 0.053648
vt 0.161188 0.054909
vt 0.161115 0.054957
vt 0.161115 0.056383
vt 0.161189 0.056357
vt 0.161373 0.056319
vt 0.161374 0.057892
vt 0.161753 0.057894
vt 0.161753 0.056256
vt 0.161753 0.054710
vt 0.162408 0.053071
vt 0.161753 0.053364
vt 0.161373 0.051550
vt 0.161187 0.051702
vt 0.161187 0.051800
vt 0.161114 0.051898
vt 0.161114 0.052185
vt 0.161187 0.052091
vt 0.161373 0.051949
vt 0.161752 0.052326
vt 0.161752 0.051703
vt 0.161752 0.051391
vt 0.162407 0.050858
vt 0.161752 0.051288
vt 0.161373 0.059450
vt 0.161189 0.057892
vt 0.161189 0.059412
vt 0.161188 0.060841
vt 0.161115 0.060794
vt 0.161115 0.062033
vt 0.161188 0.062099
vt 0.161373 0.062206
vt 0.161373 0.063247
vt 0.161752 0.063495
vt 0.161753 0.062397
vt 0.161753 0.061045
vt 0.162408 0.059628
vt 0.161753 0.059517
vt 0.161373 0.063957
vt 0.161188 0.063110
vt 0.161187 0.063795
vt 0.161187 0.064212
vt 0.161114 0.064111
vt 0.161114 0.064313
vt 0.161187 0.064416
vt 0.161373 0.064609
vt 0.161373 0.064662
vt 0.161752 0.065049
vt 0.161752 0.064984
vt 0.161752 0.064737
vt 0.162407 0.064771
vt 0.161752 0.064258
vt 0.828020 0.945574
vt 0.828020 0.947032
vt 0.827940 0.947033
vt 0.827940 0.945601
vt 0.827940 0.944249
vt 0.827765 0.944297
vt 0.827765 0.943140
vt 0.827941 0.943072
vt 0.828021 0.943000
vt 0.828021 0.942076
vt 0.828028 0.941986
vt 0.828028 0.942927
vt 0.828027 0.944146
vt 0.827983 0.945520
vt 0.828027 0.945547
vt 0.828021 0.941522
vt 0.827941 0.942164
vt 0.827941 0.941620
vt 0.827941 0.941347
vt 0.827765 0.941445
vt 0.827766 0.941355
vt 0.827941 0.941257
vt 0.828021 0.941152
vt 0.828028 0.941045
vt 0.828028 0.941139
vt 0.827984 0.941323
vt 0.828028 0.941422
vt 0.828021 0.951029
vt 0.828021 0.951989
vt 0.827941 0.951903
vt 0.827941 0.950959
vt 0.827940 0.949785
vt 0.827765 0.949739
vt 0.827765 0.948429
vt 0.827940 0.948452
vt 0.828020 0.948477
vt 0.828027 0.948502
vt 0.828027 0.949883
vt 0.827983 0.951170
vt 0.828028 0.951100
vt 0.828021 0.953230
vt 0.828021 0.953277
vt 0.827941 0.953168
vt 0.827941 0.953122
vt 0.827941 0.952931
vt 0.827765 0.952831
vt 0.827765 0.952449
vt 0.827941 0.952542
vt 0.828021 0.952640
vt 0.828028 0.952078
vt 0.828028 0.952740
vt 0.828028 0.953143
vt 0.827984 0.953450
vt 0.828028 0.953341
vt 0.161077 0.053862
vt 0.161077 0.052938
vt 0.161157 0.053027
vt 0.161157 0.053934
vt 0.161158 0.055111
vt 0.161333 0.055159
vt 0.161333 0.056488
vt 0.161158 0.056463
vt 0.161078 0.056436
vt 0.161078 0.057894
vt 0.161071 0.056409
vt 0.161071 0.055009
vt 0.161115 0.053717
vt 0.161070 0.053789
vt 0.161077 0.052014
vt 0.161157 0.052119
vt 0.161157 0.052209
vt 0.161333 0.052307
vt 0.161333 0.052575
vt 0.161157 0.052482
vt 0.161077 0.052384
vt 0.161070 0.052848
vt 0.161070 0.052284
vt 0.161070 0.052001
vt 0.161114 0.051802
vt 0.161070 0.051907
vt 0.161078 0.059339
vt 0.161158 0.057895
vt 0.161158 0.059314
vt 0.161158 0.060647
vt 0.161333 0.060601
vt 0.161333 0.061756
vt 0.161157 0.061822
vt 0.161077 0.061891
vt 0.161077 0.062852
vt 0.161070 0.062940
vt 0.161070 0.061962
vt 0.161071 0.060745
vt 0.161115 0.059389
vt 0.161071 0.059364
vt 0.161077 0.063503
vt 0.161157 0.062765
vt 0.161157 0.063404
vt 0.161157 0.063793
vt 0.161333 0.063694
vt 0.161332 0.063881
vt 0.161157 0.063984
vt 0.161077 0.064093
vt 0.161077 0.064139
vt 0.161070 0.064251
vt 0.161070 0.064203
vt 0.161070 0.064006
vt 0.161114 0.063701
vt 0.161070 0.063603
vt 0.827093 0.945670
vt 0.827093 0.947035
vt 0.826655 0.947036
vt 0.826655 0.945689
vt 0.962471 0.952336
vt 0.962004 0.952373
vt 0.962004 0.951282
vt 0.962471 0.951230
vt 0.827094 0.943259
vt 0.827094 0.942394
vt 0.827473 0.942324
vt 0.827473 0.943202
vt 0.827473 0.944341
vt 0.827765 0.945626
vt 0.827473 0.945649
vt 0.827094 0.941874
vt 0.826656 0.942460
vt 0.826656 0.941948
vt 0.962471 0.949609
vt 0.962005 0.949684
vt 0.962005 0.949599
vt 0.962471 0.949523
vt 0.827094 0.941528
vt 0.827474 0.941445
vt 0.827474 0.941533
vt 0.827765 0.941712
vt 0.827473 0.941797
vt 0.827094 0.950778
vt 0.827094 0.951678
vt 0.826656 0.951613
vt 0.826656 0.950726
vt 0.962471 0.957539
vt 0.962004 0.957504
vt 0.962004 0.956269
vt 0.962471 0.956287
vt 0.827093 0.948388
vt 0.827473 0.947034
vt 0.827473 0.948407
vt 0.827473 0.949697
vt 0.827765 0.950893
vt 0.827473 0.950834
vt 0.827094 0.952840
vt 0.827094 0.952884
vt 0.826656 0.952802
vt 0.826656 0.952759
vt 0.962471 0.960496
vt 0.962005 0.960420
vt 0.962005 0.960060
vt 0.962471 0.960131
vt 0.827094 0.952287
vt 0.827473 0.951746
vt 0.827473 0.952365
vt 0.827474 0.952741
vt 0.827766 0.953019
vt 0.827474 0.952926
vt 0.162004 0.054121
vt 0.162004 0.053256
vt 0.162442 0.053322
vt 0.162442 0.054175
vt 0.962004 0.953626
vt 0.962471 0.953607
vt 0.162005 0.056532
vt 0.162005 0.057897
vt 0.161625 0.057897
vt 0.161625 0.056511
vt 0.161625 0.055203
vt 0.161333 0.054002
vt 0.161625 0.054064
vt 0.162004 0.052390
vt 0.162442 0.052469
vt 0.962005 0.949936
vt 0.962471 0.949865
vt 0.162004 0.052737
vt 0.161625 0.053186
vt 0.161625 0.052659
vt 0.161624 0.052395
vt 0.161332 0.052218
vt 0.161624 0.052307
vt 0.162005 0.059250
vt 0.162443 0.057898
vt 0.162443 0.059232
vt 0.962004 0.958592
vt 0.962471 0.958643
vt 0.162004 0.061641
vt 0.162004 0.062540
vt 0.161625 0.062608
vt 0.161625 0.061696
vt 0.161625 0.060559
vt 0.161333 0.059291
vt 0.161625 0.059270
vt 0.162004 0.063149
vt 0.162442 0.062475
vt 0.162442 0.063076
vt 0.962005 0.960597
vt 0.962471 0.960676
vt 0.162004 0.063702
vt 0.162004 0.063746
vt 0.161624 0.063833
vt 0.161624 0.063788
vt 0.161624 0.063603
vt 0.161333 0.063312
vt 0.161625 0.063227
vt 0.693135 0.962884
vt 0.692617 0.961486
vt 0.692412 0.961379
vt 0.692931 0.962750
vt 0.693190 0.963531
vt 0.693204 0.963419
vt 0.693289 0.963759
vt 0.693276 0.963876
vt 0.693481 0.964040
vt 0.693481 0.964108
vt 0.694079 0.964372
vt 0.694079 0.964296
vt 0.693996 0.963918
vt 0.694945 0.963396
vt 0.693746 0.963088
vt 0.687589 0.950240
vt 0.687589 0.950260
vt 0.687737 0.950578
vt 0.687737 0.950553
vt 0.687825 0.950701
vt 0.687931 0.950809
vt 0.688186 0.951339
vt 0.688085 0.951241
vt 0.688027 0.950963
vt 0.688637 0.952171
vt 0.688879 0.951665
vt 0.688019 0.950328
vt 0.687494 0.949716
vt 0.686846 0.948198
vt 0.687319 0.949522
vt 0.689589 0.954268
vt 0.688604 0.952392
vt 0.689469 0.954376
vt 0.690508 0.956798
vt 0.690568 0.956802
vt 0.691589 0.959225
vt 0.691547 0.959264
vt 0.691751 0.959336
vt 0.693245 0.961657
vt 0.692411 0.959476
vt 0.691323 0.956838
vt 0.691376 0.953937
vt 0.690063 0.954034
vt 0.295617 0.074902
vt 0.295617 0.074970
vt 0.295822 0.074802
vt 0.295822 0.074738
vt 0.295908 0.074393
vt 0.295894 0.074282
vt 0.296149 0.073514
vt 0.296167 0.073612
vt 0.295963 0.073746
vt 0.296481 0.072348
vt 0.295853 0.072520
vt 0.295352 0.073950
vt 0.295102 0.074780
vt 0.293850 0.075550
vt 0.295019 0.075158
vt 0.301071 0.061825
vt 0.300461 0.063033
vt 0.300494 0.063254
vt 0.301013 0.062103
vt 0.301273 0.061563
vt 0.301167 0.061671
vt 0.301252 0.061526
vt 0.301360 0.061416
vt 0.301509 0.061102
vt 0.301509 0.061122
vt 0.301779 0.060391
vt 0.301604 0.060578
vt 0.301263 0.059909
vt 0.301079 0.061190
vt 0.297347 0.070198
vt 0.296686 0.072241
vt 0.297551 0.070126
vt 0.298590 0.067660
vt 0.298530 0.067664
vt 0.299550 0.065283
vt 0.299628 0.065238
vt 0.299509 0.065130
vt 0.300218 0.062527
vt 0.299035 0.064897
vt 0.297775 0.067700
vt 0.295367 0.070580
vt 0.296687 0.070339
vt 0.693113 0.962466
vt 0.692620 0.961163
vt 0.692781 0.961104
vt 0.693267 0.962389
vt 0.693510 0.963121
vt 0.693714 0.963054
vt 0.693794 0.963374
vt 0.693591 0.963445
vt 0.693442 0.963536
vt 0.693441 0.963597
vt 0.693343 0.963705
vt 0.693343 0.963643
vt 0.693259 0.963310
vt 0.692949 0.962652
vt 0.693009 0.962555
vt 0.688177 0.950873
vt 0.688177 0.950896
vt 0.688400 0.950982
vt 0.688400 0.950959
vt 0.688481 0.951098
vt 0.688741 0.951162
vt 0.688982 0.951662
vt 0.688725 0.951603
vt 0.688507 0.951526
vt 0.689001 0.952621
vt 0.688829 0.952549
vt 0.688327 0.951436
vt 0.688076 0.950915
vt 0.687845 0.950664
vt 0.687992 0.950772
vt 0.689823 0.954506
vt 0.689212 0.952683
vt 0.690023 0.954542
vt 0.690997 0.956811
vt 0.691228 0.956813
vt 0.692191 0.959099
vt 0.691969 0.959122
vt 0.691797 0.959152
vt 0.692507 0.961231
vt 0.691671 0.959187
vt 0.690669 0.956805
vt 0.689547 0.954421
vt 0.689665 0.954465
vt 0.295656 0.074399
vt 0.295657 0.074459
vt 0.295507 0.074366
vt 0.295507 0.074307
vt 0.295588 0.073983
vt 0.295384 0.073917
vt 0.295624 0.073193
vt 0.295831 0.073251
vt 0.295985 0.073328
vt 0.296478 0.072025
vt 0.296591 0.072093
vt 0.296089 0.073418
vt 0.295839 0.074172
vt 0.295809 0.074621
vt 0.295755 0.074505
vt 0.300591 0.062388
vt 0.300097 0.063483
vt 0.299886 0.063545
vt 0.300372 0.062465
vt 0.300617 0.061960
vt 0.300357 0.062024
vt 0.300438 0.061887
vt 0.300698 0.061821
vt 0.300920 0.061735
vt 0.300921 0.061758
vt 0.301106 0.061658
vt 0.301106 0.061635
vt 0.301022 0.061777
vt 0.300912 0.062201
vt 0.300771 0.062298
vt 0.297301 0.070014
vt 0.296317 0.071967
vt 0.297129 0.069984
vt 0.298101 0.067673
vt 0.297870 0.067676
vt 0.298833 0.065431
vt 0.299075 0.065404
vt 0.299275 0.065369
vt 0.300269 0.063411
vt 0.299433 0.065328
vt 0.298429 0.067667
vt 0.297509 0.070087
vt 0.297427 0.070049
vt 0.955261 0.960597
vt 0.955261 0.960420
vt 0.955260 0.953626
vt 0.955260 0.952373
vt 0.694363 0.963311
vt 0.694363 0.963369
vt 0.694057 0.963391
vt 0.694057 0.963332
vt 0.693977 0.963014
vt 0.693474 0.962331
vt 0.693738 0.962295
vt 0.955261 0.960060
vt 0.955260 0.951282
vt 0.689599 0.951715
vt 0.690075 0.952772
vt 0.689755 0.952758
vt 0.689276 0.951698
vt 0.689037 0.951201
vt 0.688660 0.951025
vt 0.688957 0.951065
vt 0.962004 0.959467
vt 0.955261 0.959467
vt 0.962004 0.950441
vt 0.955261 0.950441
vt 0.692776 0.959078
vt 0.693570 0.961020
vt 0.693261 0.961033
vt 0.692464 0.959085
vt 0.691508 0.956815
vt 0.690265 0.954569
vt 0.690551 0.954585
vt 0.955260 0.958592
vt 0.955261 0.949936
vt 0.295052 0.073140
vt 0.295528 0.071882
vt 0.295837 0.071895
vt 0.295360 0.073157
vt 0.295121 0.073877
vt 0.295304 0.074236
vt 0.295041 0.074194
vt 0.955260 0.957504
vt 0.955261 0.949684
vt 0.299818 0.061947
vt 0.299818 0.061969
vt 0.300141 0.061949
vt 0.300141 0.061927
vt 0.300061 0.062063
vt 0.300116 0.062524
vt 0.299822 0.062560
vt 0.955260 0.956269
vt 0.955261 0.949599
vt 0.298228 0.065455
vt 0.299023 0.063634
vt 0.299343 0.063620
vt 0.298547 0.065447
vt 0.297591 0.067677
vt 0.296907 0.069961
vt 0.296634 0.069947
vt 0.729816 0.970290
vt 0.716896 0.968111
vt 0.729815 0.965865
vt 0.706918 0.963899
vt 0.707061 0.967715
vt 0.711633 0.968466
vt 0.817812 0.937300
vt 0.824121 0.943020
vt 0.818780 0.947938
vt 0.826690 0.947037
vt 0.826691 0.941102
vt 0.824350 0.938641
vt 0.763899 0.970951
vt 0.746091 0.969868
vt 0.763899 0.966403
vt 0.737626 0.970719
vt 0.826690 0.953051
vt 0.824133 0.951219
vt 0.818781 0.956964
vt 0.824134 0.956610
vt 0.818781 0.960633
vt 0.821892 0.958883
vt 0.826691 0.954861
vt 0.821377 0.932161
vt 0.821023 0.934339
vt 0.817808 0.930707
vt 0.694490 0.961924
vt 0.699748 0.965412
vt 0.695248 0.964781
vt 0.697164 0.965381
vt 0.706175 0.952520
vt 0.695699 0.944904
vt 0.705447 0.937649
vt 0.699821 0.937872
vt 0.686383 0.938416
vt 0.689591 0.950518
vt 0.796757 0.963158
vt 0.781200 0.968663
vt 0.772699 0.970516
vt 0.796757 0.967531
vt 0.796754 0.924250
vt 0.789263 0.923320
vt 0.781199 0.932882
vt 0.763895 0.923299
vt 0.763899 0.944114
vt 0.796757 0.940989
vt 0.796756 0.952167
vt 0.809520 0.955390
vt 0.729811 0.927549
vt 0.722926 0.928982
vt 0.716781 0.935486
vt 0.708951 0.933147
vt 0.706891 0.934267
vt 0.729816 0.943148
vt 0.686846 0.948178
vt 0.685440 0.943631
vt 0.684256 0.937995
vt 0.682838 0.936589
vt 0.684017 0.940002
vt 0.809509 0.944391
vt 0.781199 0.959957
vt 0.763898 0.954770
vt 0.754935 0.924021
vt 0.746089 0.934658
vt 0.729815 0.954397
vt 0.746090 0.961018
vt 0.746091 0.949375
vt 0.781200 0.948199
vt 0.716849 0.959803
vt 0.809521 0.963181
vt 0.803536 0.965993
vt 0.716768 0.947094
vt 0.809423 0.933209
vt 0.814239 0.929253
vt 0.698289 0.957828
vt 0.259282 0.081152
vt 0.266165 0.080626
vt 0.272202 0.078974
vt 0.282037 0.078578
vt 0.282180 0.074761
vt 0.259283 0.076727
vt 0.171286 0.048162
vt 0.164977 0.053882
vt 0.162407 0.051965
vt 0.162408 0.057899
vt 0.170318 0.058800
vt 0.164748 0.049503
vt 0.225199 0.081813
vt 0.234159 0.081960
vt 0.243007 0.080730
vt 0.225199 0.077266
vt 0.162408 0.063913
vt 0.164965 0.062081
vt 0.170317 0.067826
vt 0.164964 0.067472
vt 0.162407 0.065723
vt 0.163421 0.066782
vt 0.170317 0.071495
vt 0.168075 0.045201
vt 0.171290 0.041569
vt 0.169148 0.042442
vt 0.294608 0.072786
vt 0.289350 0.076274
vt 0.285995 0.077772
vt 0.293850 0.075643
vt 0.282923 0.063382
vt 0.293399 0.055766
vt 0.299507 0.061380
vt 0.302715 0.049278
vt 0.299170 0.049286
vt 0.283651 0.048511
vt 0.192341 0.074021
vt 0.207898 0.079526
vt 0.192341 0.078393
vt 0.199832 0.079663
vt 0.192344 0.035113
vt 0.207899 0.043744
vt 0.192341 0.051851
vt 0.225199 0.054976
vt 0.225203 0.034161
vt 0.216403 0.033765
vt 0.192342 0.063029
vt 0.179578 0.066253
vt 0.259287 0.038411
vt 0.272317 0.046348
vt 0.259282 0.054010
vt 0.283608 0.047270
vt 0.280147 0.044009
vt 0.276713 0.042710
vt 0.302252 0.059041
vt 0.303007 0.056865
vt 0.303658 0.054493
vt 0.306260 0.047451
vt 0.306260 0.047711
vt 0.179589 0.055253
vt 0.207899 0.070819
vt 0.225200 0.065632
vt 0.243009 0.045520
vt 0.251477 0.037067
vt 0.259283 0.065259
vt 0.243008 0.071881
vt 0.243007 0.060238
vt 0.207898 0.059061
vt 0.272249 0.070665
vt 0.179577 0.074043
vt 0.174469 0.073321
vt 0.272330 0.057956
vt 0.185565 0.036602
vt 0.179675 0.044071
vt 0.290809 0.068690
vt 0.827983 0.947031
vt 0.827725 0.943973
vt 0.827984 0.941897
vt 0.827725 0.940787
vt 0.827984 0.952165
vt 0.827725 0.950052
vt 0.827984 0.953499
vt 0.827725 0.953530
vt 0.827346 0.954187
vt 0.161114 0.052760
vt 0.161373 0.054836
vt 0.161115 0.057893
vt 0.161373 0.051650
vt 0.161373 0.060914
vt 0.161114 0.063027
vt 0.161373 0.064392
vt 0.161114 0.064361
vt 0.161187 0.064466
vt 0.827765 0.947034
vt 0.828021 0.944198
vt 0.827765 0.942248
vt 0.828021 0.941244
vt 0.827765 0.951821
vt 0.828021 0.949834
vt 0.827766 0.953064
vt 0.828021 0.953036
vt 0.828028 0.953389
vt 0.161333 0.053110
vt 0.161077 0.055060
vt 0.161333 0.057896
vt 0.161077 0.052106
vt 0.161077 0.060696
vt 0.161333 0.062683
vt 0.161077 0.063898
vt 0.161332 0.063927
vt 0.161157 0.064030
vt 0.962004 0.954953
vt 0.962471 0.954953
vt 0.826655 0.944419
vt 0.827093 0.944381
vt 0.962471 0.950377
vt 0.826656 0.943313
vt 0.826656 0.941692
vt 0.827094 0.941615
vt 0.826656 0.941606
vt 0.962471 0.959530
vt 0.826655 0.949622
vt 0.827093 0.949659
vt 0.826655 0.948369
vt 0.962005 0.960639
vt 0.962471 0.960719
vt 0.826656 0.952579
vt 0.827094 0.952658
vt 0.826656 0.952214
vt 0.827474 0.952970
vt 0.162443 0.055281
vt 0.162005 0.055243
vt 0.162443 0.056552
vt 0.162442 0.052554
vt 0.162004 0.052477
vt 0.162442 0.052810
vt 0.162443 0.060485
vt 0.162005 0.060521
vt 0.162442 0.061588
vt 0.162442 0.063441
vt 0.162004 0.063520
vt 0.162442 0.063664
vt 0.162442 0.063621
vt 0.692439 0.961304
vt 0.693395 0.963684
vt 0.693289 0.963821
vt 0.693276 0.963940
vt 0.687845 0.950688
vt 0.687699 0.950400
vt 0.688697 0.952471
vt 0.690692 0.956806
vt 0.295809 0.074683
vt 0.295703 0.074546
vt 0.296659 0.072166
vt 0.295019 0.075234
vt 0.300401 0.063333
vt 0.301399 0.061263
vt 0.301253 0.061550
vt 0.301360 0.061440
vt 0.298406 0.067668
vt 0.692993 0.961060
vt 0.693360 0.963208
vt 0.693794 0.963433
vt 0.693591 0.963504
vt 0.688660 0.951048
vt 0.688260 0.951013
vt 0.689463 0.952730
vt 0.687992 0.950796
vt 0.690811 0.956808
vt 0.295304 0.074295
vt 0.295738 0.074070
vt 0.296105 0.071922
vt 0.295755 0.074567
vt 0.299635 0.063592
vt 0.300838 0.061875
vt 0.300438 0.061910
vt 0.300698 0.061844
vt 0.298287 0.067671
vt 0.955260 0.954953
vt 0.899681 0.953457
vt 0.899675 0.956733
vt 0.898321 0.956708
vt 0.694284 0.962994
vt 0.694046 0.962278
vt 0.897039 0.956605
vt 0.895902 0.956396
vt 0.894983 0.956052
vt 0.894354 0.955545
vt 0.689360 0.951220
vt 0.688957 0.951087
vt 0.689280 0.951107
vt 0.689280 0.951085
vt 0.893967 0.954914
vt 0.893773 0.954197
vt 0.893724 0.953435
vt 0.894983 0.950817
vt 0.895902 0.950525
vt 0.691823 0.956815
vt 0.690870 0.954593
vt 0.897039 0.950378
vt 0.898321 0.950329
vt 0.899675 0.950329
vt 0.893773 0.952665
vt 0.294814 0.073856
vt 0.295041 0.074253
vt 0.294735 0.074232
vt 0.294735 0.074173
vt 0.893967 0.951938
vt 0.894354 0.951305
vt 0.904367 0.956052
vt 0.903448 0.956396
vt 0.299738 0.062082
vt 0.299499 0.062577
vt 0.955261 0.960639
vt 0.902311 0.956605
vt 0.901030 0.956708
vt 0.905626 0.953435
vt 0.905578 0.954197
vt 0.297275 0.067677
vt 0.296322 0.069940
vt 0.954724 0.952373
vt 0.954725 0.951282
vt 0.954725 0.949684
vt 0.954725 0.949599
vt 0.954724 0.957504
vt 0.954724 0.956269
vt 0.954725 0.960420
vt 0.954725 0.960060
vt 0.954724 0.953626
vt 0.954725 0.949936
vt 0.954725 0.958592
vt 0.954725 0.960597
vt 0.954724 0.954953
vt 0.954725 0.950441
vt 0.954725 0.959467
vt 0.954725 0.960639
vt 0.905384 0.951938
vt 0.904996 0.951305
vt 0.908850 0.949746
vt 0.909518 0.950837
vt 0.902311 0.950378
vt 0.901030 0.950329
vt 0.902010 0.948063
vt 0.904220 0.948147
vt 0.905384 0.954914
vt 0.909852 0.954732
vt 0.909518 0.955968
vt 0.906180 0.958523
vt 0.904220 0.958884
vt 0.889499 0.952090
vt 0.889833 0.950837
vt 0.893171 0.948400
vt 0.895130 0.948147
vt 0.890501 0.957056
vt 0.889833 0.955968
vt 0.897340 0.959061
vt 0.895130 0.958884
vt 0.905578 0.952665
vt 0.909852 0.952090
vt 0.909936 0.953417
vt 0.904367 0.950817
vt 0.907765 0.948905
vt 0.903448 0.950525
vt 0.906180 0.948400
vt 0.899675 0.948063
vt 0.904996 0.955545
vt 0.908850 0.957056
vt 0.907765 0.957931
vt 0.902010 0.959061
vt 0.899675 0.959103
vt 0.890501 0.949746
vt 0.891586 0.948905
vt 0.889415 0.953417
vt 0.897340 0.948063
vt 0.889499 0.954732
vt 0.891586 0.957931
vt 0.893171 0.958523
vt 0.932690 0.960819
vt 0.931139 0.960819
vt 0.931140 0.960761
vt 0.932690 0.960761
vt 0.930596 0.950222
vt 0.926852 0.950222
vt 0.926375 0.949165
vt 0.930363 0.949165
vt 0.932303 0.958469
vt 0.930346 0.958469
vt 0.929552 0.956528
vt 0.931915 0.956528
vt 0.930822 0.959728
vt 0.932536 0.959728
vt 0.930207 0.948557
vt 0.926056 0.948557
vt 0.926056 0.948535
vt 0.930208 0.948535
vt 0.927646 0.952043
vt 0.930984 0.952043
vt 0.931060 0.960444
vt 0.932652 0.960444
vt 0.926136 0.948670
vt 0.930246 0.948670
vt 0.928599 0.954265
vt 0.931450 0.954265
vt 0.934706 0.960761
vt 0.934706 0.960819
vt 0.934168 0.960819
vt 0.934168 0.960761
vt 0.934701 0.949165
vt 0.934701 0.950222
vt 0.934164 0.950222
vt 0.934164 0.949165
vt 0.934704 0.956528
vt 0.934705 0.958469
vt 0.934168 0.958469
vt 0.934167 0.956528
vt 0.934705 0.959728
vt 0.934168 0.959728
vt 0.934700 0.948535
vt 0.934700 0.948557
vt 0.934164 0.948557
vt 0.934164 0.948535
vt 0.934702 0.952043
vt 0.934165 0.952043
vt 0.934706 0.960444
vt 0.934168 0.960444
vt 0.934700 0.948670
vt 0.934164 0.948670
vt 0.934703 0.954265
vt 0.934166 0.954265
vt 0.862616 0.956598
vt 0.860964 0.956636
vt 0.860964 0.958820
vt 0.863480 0.958761
vt 0.866029 0.948983
vt 0.867114 0.949677
vt 0.870330 0.948222
vt 0.868677 0.947166
vt 0.867421 0.953818
vt 0.866671 0.955093
vt 0.869655 0.956470
vt 0.870797 0.954528
vt 0.856367 0.955919
vt 0.855256 0.955093
vt 0.852272 0.956470
vt 0.853964 0.957728
vt 0.859103 0.948569
vt 0.860964 0.948584
vt 0.860964 0.946557
vt 0.858130 0.946535
vt 0.854246 0.950873
vt 0.854813 0.949677
vt 0.851598 0.948222
vt 0.850733 0.950043
vt 0.864178 0.956390
vt 0.865859 0.958444
vt 0.865560 0.955919
vt 0.867963 0.957728
vt 0.864556 0.948658
vt 0.866435 0.946670
vt 0.862825 0.948569
vt 0.863798 0.946535
vt 0.867771 0.952332
vt 0.871330 0.952265
vt 0.867682 0.950873
vt 0.871194 0.950043
vt 0.857749 0.956390
vt 0.856068 0.958444
vt 0.859311 0.956598
vt 0.858447 0.958761
vt 0.857371 0.948658
vt 0.855493 0.946670
vt 0.855898 0.948983
vt 0.853250 0.947166
vt 0.854157 0.952332
vt 0.850597 0.952265
vt 0.854506 0.953818
vt 0.851130 0.954528
vt 0.860965 0.952464
vt 0.962295 0.948752
vt 0.962295 0.961593
vt 0.962013 0.948752
vt 0.962013 0.961593
vt 0.953797 0.961593
vt 0.953797 0.948752

vn 0.098627 0.985474 -0.138256
vn 0.097466 0.995239 0.000000
vn 0.071171 0.997464 -0.000000
vn 0.072609 0.987753 -0.138102
vn 0.077189 0.956322 -0.281939
vn 0.053583 0.958703 -0.279315
vn 0.060196 0.899957 -0.431804
vn 0.085296 0.896097 -0.435585
vn 0.111587 0.891510 -0.439042
vn 0.125251 0.787868 -0.602973
vn 0.153647 0.778179 -0.608958
vn 0.138204 0.886602 -0.441404
vn 0.130302 0.950387 -0.282462
vn 0.158782 0.947585 -0.277257
vn 0.160217 0.978361 -0.130922
vn 0.127846 0.982384 -0.136296
vn -0.537435 -0.499440 -0.679502
vn -0.538349 -0.714060 -0.447547
vn -0.481825 -0.695539 -0.532982
vn -0.442834 -0.465983 -0.766001
vn -0.418344 -0.238860 -0.876318
vn -0.323703 -0.199313 -0.924927
vn -0.329858 -0.020094 -0.943817
vn -0.413147 -0.041449 -0.909721
vn -0.505437 -0.063677 -0.860511
vn -0.488324 0.083594 -0.868649
vn -0.566337 0.051526 -0.822562
vn -0.593470 -0.084573 -0.800400
vn -0.616078 -0.271809 -0.739303
vn -0.666197 -0.278230 -0.691931
vn -0.666581 -0.489108 -0.562532
vn -0.622684 -0.495828 -0.605326
vn -0.524152 -0.851387 -0.020126
vn -0.524735 -0.851266 0.000013
vn -0.522307 -0.852380 -0.025382
vn -0.515711 -0.849744 -0.109437
vn -0.515483 -0.848137 -0.122235
vn -0.496900 -0.813914 -0.301054
vn -0.502723 -0.820869 -0.271007
vn -0.524719 -0.822144 -0.220793
vn -0.597173 -0.699907 -0.391809
vn -0.556179 -0.808821 -0.190982
vn -0.534990 -0.841539 -0.074821
vn -0.544085 -0.836072 -0.070397
vn -0.532817 -0.846073 -0.016304
vn -0.527842 -0.849167 -0.017245
vn 0.005627 0.990949 -0.134120
vn 0.004845 0.999988 -0.000000
vn -0.020297 0.999794 -0.000000
vn -0.019751 0.990891 -0.133210
vn -0.018060 0.961986 -0.272501
vn -0.049074 0.961089 -0.271846
vn -0.046848 0.905370 -0.422032
vn -0.015050 0.905950 -0.423116
vn 0.011891 0.905000 -0.425245
vn 0.017334 0.808494 -0.588250
vn 0.043020 0.805462 -0.591083
vn 0.036237 0.902942 -0.428232
vn 0.031179 0.960497 -0.276540
vn 0.049629 0.989340 -0.136903
vn 0.028114 0.990387 -0.135434
vn -0.484917 0.553805 -0.676872
vn -0.518793 0.690419 -0.504159
vn -0.579767 0.671953 -0.460815
vn -0.544619 0.534557 -0.646250
vn -0.532106 0.355288 -0.768527
vn -0.578264 0.330484 -0.745916
vn -0.590964 0.154046 -0.791853
vn -0.542773 0.184829 -0.819290
vn -0.473640 0.220762 -0.852602
vn -0.410253 0.113332 -0.904902
vn -0.407471 0.254222 -0.877119
vn -0.411481 0.411912 -0.813026
vn -0.362328 0.435915 -0.823830
vn -0.379140 0.587724 -0.714726
vn -0.427893 0.571333 -0.700348
vn -0.559384 0.760509 -0.329719
vn -0.456769 0.706303 -0.540830
vn -0.489452 0.787819 -0.373869
vn -0.518829 0.822326 -0.233658
vn -0.442866 0.857305 -0.262485
vn -0.455838 0.880480 -0.130259
vn -0.539436 0.834432 -0.112833
vn -0.621998 0.777778 -0.090446
vn -0.631199 0.775621 -0.000000
vn -0.700328 0.713821 -0.000000
vn -0.690654 0.719963 -0.068197
vn -0.663328 0.731843 -0.156211
vn -0.691109 0.711515 -0.126946
vn -0.653965 0.716126 -0.243913
vn -0.623233 0.729635 -0.281448
vn -0.998827 -0.018103 -0.044910
vn -0.999837 -0.018053 0.000000
vn -0.981709 -0.017899 -0.189545
vn -0.897120 -0.016195 -0.441490
vn -0.681227 -0.012216 -0.731970
vn 0.212323 0.876223 -0.432611
vn 0.228736 0.738625 -0.634125
vn 0.255481 0.725482 -0.639066
vn 0.238434 0.874137 -0.423125
vn 0.242296 0.941563 -0.233991
vn 0.273865 0.937060 -0.216600
vn 0.286110 0.954590 -0.083056
vn 0.254950 0.962244 -0.095323
vn 0.224586 0.968347 -0.108930
vn 0.229828 0.973231 -0.000000
vn 0.196754 0.980453 0.000000
vn 0.193207 0.973609 -0.121474
vn 0.187018 0.945459 -0.266704
vn 0.163727 0.882112 -0.441669
vn 0.188011 0.878666 -0.438860
vn 0.327870 0.082292 -0.941132
vn 0.337857 0.161005 -0.927324
vn 0.277949 0.151463 -0.948580
vn 0.259561 0.041407 -0.964839
vn 0.228729 -0.038470 -0.972730
vn 0.197829 -0.082337 -0.976772
vn 0.167614 -0.135176 -0.976541
vn 0.192927 -0.086721 -0.977373
vn 0.259014 -0.014109 -0.965770
vn 0.236700 -0.028670 -0.971160
vn 0.372375 0.080912 -0.924548
vn 0.396189 0.090067 -0.913741
vn 0.436916 0.108129 -0.892979
vn 0.670391 0.219445 -0.708816
vn 0.696519 0.198084 -0.689655
vn 0.455395 0.126959 -0.881190
vn -0.163455 0.946986 -0.276586
vn -0.213135 0.936119 -0.279739
vn -0.212396 0.878760 -0.427397
vn -0.162655 0.890408 -0.425108
vn -0.120306 0.898025 -0.423175
vn -0.116528 0.803406 -0.583917
vn -0.078578 0.807956 -0.583980
vn -0.082405 0.902812 -0.422066
vn -0.083972 0.958526 -0.272355
vn -0.050109 0.989857 -0.132937
vn -0.084391 0.987456 -0.133450
vn -0.121313 0.983426 -0.134748
vn -0.121147 0.992635 0.000000
vn -0.162677 0.986679 0.000000
vn -0.163004 0.977108 -0.136711
vn -0.078173 -0.001376 -0.996939
vn -0.105241 -0.001854 -0.994445
vn -0.053848 -0.000952 -0.998549
vn -0.030653 -0.000542 -0.999530
vn -0.007377 -0.000134 -0.999973
vn -0.038548 -0.141266 -0.989221
vn -0.061209 -0.132631 -0.989274
vn -0.261137 0.323643 -0.909430
vn -0.238630 0.162447 -0.957427
vn -0.195240 0.169269 -0.966038
vn -0.218130 0.339170 -0.915086
vn -0.234845 0.495574 -0.836214
vn -0.187199 0.510902 -0.839009
vn -0.198852 0.655702 -0.728363
vn -0.248415 0.640226 -0.726911
vn -0.293633 0.622751 -0.725232
vn -0.307025 0.751745 -0.583622
vn -0.353230 0.735217 -0.578519
vn -0.336208 0.604799 -0.721929
vn -0.319812 0.457604 -0.829650
vn -0.351050 0.282368 -0.892766
vn -0.303849 0.305085 -0.902551
vn 0.136023 0.002340 -0.990703
vn 0.100005 0.001774 -0.994985
vn 0.166142 0.004390 -0.986092
vn 0.165418 0.005606 -0.986208
vn 0.188212 0.005332 -0.982114
vn 0.188584 0.001751 -0.982056
vn 0.186869 -0.008538 -0.982348
vn 0.194290 -0.016415 -0.980807
vn 0.182738 -0.037415 -0.982449
vn 0.179112 -0.021880 -0.983585
vn 0.163900 -0.002467 -0.986474
vn 0.139936 -0.113314 -0.983655
vn 0.114500 -0.124185 -0.985631
vn 0.936946 0.348709 -0.023122
vn 0.938193 0.346113 0.000000
vn 0.937478 0.347133 -0.025185
vn 0.932352 0.334857 -0.136349
vn 0.942012 0.315646 -0.113939
vn 0.917554 0.221892 -0.329937
vn 0.885069 0.282950 -0.369584
vn 0.862119 0.310617 -0.400335
vn 0.638746 0.225381 -0.735668
vn 0.847429 0.325420 -0.419484
vn 0.922985 0.353219 -0.152758
vn 0.922261 0.355463 -0.151927
vn 0.936676 0.349918 -0.014007
vn 0.936708 0.349672 -0.017527
vn -0.211810 0.006184 -0.977291
vn -0.285164 0.152387 -0.946287
vn -0.263439 -0.002796 -0.964672
vn -0.249462 -0.154585 -0.955967
vn -0.353300 -0.384113 -0.853016
vn -0.268213 -0.277847 -0.922422
vn -0.185250 -0.208063 -0.960413
vn -0.219783 -0.120721 -0.968051
vn -0.133411 -0.113276 -0.984566
vn -0.119777 -0.197134 -0.973032
vn -0.139616 -0.120319 -0.982869
vn -0.099967 -0.132931 -0.986071
vn -0.126125 0.000468 -0.992014
vn -0.166728 0.005690 -0.985987
vn -0.141120 0.522391 -0.840948
vn -0.172582 0.352119 -0.919906
vn -0.129061 0.362242 -0.923106
vn -0.091416 0.369556 -0.924701
vn -0.077921 0.183392 -0.979947
vn -0.046550 0.186694 -0.981315
vn -0.057100 0.374444 -0.925490
vn -0.065239 0.534586 -0.842592
vn -0.030893 0.536656 -0.843236
vn -0.037078 0.680547 -0.731765
vn -0.072406 0.678762 -0.730780
vn -0.109692 0.674526 -0.730056
vn -0.158678 0.795854 -0.584327
vn -0.150920 0.667208 -0.729423
vn 0.015935 0.000279 -0.999873
vn 0.039775 0.000703 -0.999208
vn 0.066596 0.001175 -0.997779
vn 0.038636 -0.149959 -0.987937
vn 0.020108 -0.152369 -0.988119
vn 0.034707 0.374667 -0.926510
vn 0.039237 0.187778 -0.981427
vn 0.067457 0.183100 -0.980777
vn 0.063324 0.368871 -0.927321
vn 0.057140 0.528657 -0.846910
vn 0.087459 0.520771 -0.849205
vn 0.078465 0.668103 -0.739920
vn 0.050259 0.673903 -0.737108
vn 0.023397 0.677900 -0.734782
vn -0.010468 0.810162 -0.586112
vn -0.004886 0.680169 -0.733039
vn 0.000765 0.536370 -0.843983
vn -0.024296 0.377047 -0.925875
vn 0.006360 0.377235 -0.926096
vn 0.041419 -0.008317 -0.999107
vn 0.012104 0.189474 -0.981811
vn 0.017352 -0.008533 -0.999813
vn 0.021097 -0.169098 -0.985373
vn 0.001015 -0.168287 -0.985738
vn 0.007539 -0.266706 -0.963748
vn 0.023174 -0.268464 -0.963011
vn 0.038120 -0.264681 -0.963582
vn 0.059281 -0.144125 -0.987782
vn 0.054556 -0.255262 -0.965332
vn 0.061976 -0.161449 -0.984933
vn 0.088089 -0.153797 -0.984168
vn 0.097592 -0.010309 -0.995173
vn 0.067109 -0.008729 -0.997707
vn -0.068869 -0.146701 -0.986781
vn -0.078246 -0.213471 -0.973811
vn -0.050805 -0.233077 -0.971130
vn -0.028553 -0.248550 -0.968198
vn -0.018088 -0.147648 -0.988875
vn -0.009566 -0.259885 -0.965592
vn -0.020258 -0.164262 -0.986209
vn -0.007444 -0.008764 -0.999934
vn -0.033416 -0.008423 -0.999406
vn -0.060615 -0.007034 -0.998136
vn -0.112298 0.179294 -0.977365
vn -0.090717 -0.004210 -0.995868
vn 0.169982 0.329390 -0.928767
vn 0.174555 0.152078 -0.972832
vn 0.210479 0.144122 -0.966917
vn 0.207773 0.311891 -0.927122
vn 0.193668 0.474864 -0.858485
vn 0.227524 0.451909 -0.862561
vn 0.204107 0.611971 -0.764089
vn 0.173840 0.632715 -0.754620
vn 0.141420 0.648516 -0.747949
vn 0.096663 0.795431 -0.598286
vn 0.109159 0.659978 -0.743313
vn 0.121298 0.509511 -0.851872
vn 0.095450 0.359315 -0.928322
vn 0.131740 0.345847 -0.928997
vn -0.315791 0.846269 -0.429075
vn -0.259266 0.768639 -0.584787
vn -0.265124 0.863354 -0.429335
vn -0.266761 0.921368 -0.282702
vn -0.212444 0.967214 -0.139160
vn -0.266605 0.953350 -0.141580
vn -0.322096 0.935910 -0.142569
vn -0.322661 0.946515 -0.000000
vn -0.384789 0.923004 -0.000000
vn -0.382651 0.913257 -0.139785
vn -0.376681 0.883563 -0.278257
vn -0.424046 0.809688 -0.405698
vn -0.367045 0.828516 -0.422895
vn 0.167022 -0.012238 -0.985877
vn 0.136821 0.163597 -0.976993
vn 0.132175 -0.012419 -0.991149
vn 0.118502 -0.143906 -0.982471
vn 0.075463 -0.240831 -0.967629
vn 0.100857 -0.222194 -0.969772
vn 0.127403 -0.199168 -0.971648
vn 0.156201 -0.109215 -0.981669
vn 0.151506 -0.170412 -0.973656
vn 0.177629 -0.110996 -0.977818
vn 0.224456 0.010902 -0.974423
vn 0.199100 -0.005887 -0.979962
vn -0.248723 -0.004435 -0.968565
vn -0.152913 -0.002733 -0.988236
vn -0.360119 -0.170528 -0.917188
vn -0.420052 -0.007498 -0.907469
vn 0.259912 0.557140 -0.788695
vn 0.204316 0.752824 -0.625708
vn 0.232036 0.586357 -0.776109
vn 0.260021 0.425157 -0.866966
vn 0.241833 0.295881 -0.924106
vn 0.277692 0.280957 -0.918668
vn 0.325639 0.261088 -0.908731
vn 0.438365 0.155850 -0.885182
vn 0.389041 0.226259 -0.893003
vn 0.333780 0.354845 -0.873313
vn 0.378802 0.324323 -0.866789
vn 0.326838 0.505972 -0.798229
vn 0.289325 0.527918 -0.798495
vn 0.077189 0.956322 0.281939
vn 0.053582 0.958703 0.279315
vn 0.049629 0.989341 0.136902
vn 0.072609 0.987753 0.138102
vn 0.098627 0.985474 0.138255
vn 0.127576 0.991829 0.000000
vn 0.127847 0.982384 0.136296
vn 0.130305 0.950387 0.282464
vn 0.158783 0.947584 0.277259
vn 0.163726 0.882112 0.441670
vn 0.138207 0.886600 0.441406
vn 0.111590 0.891509 0.439044
vn 0.125252 0.787866 0.602975
vn 0.096664 0.795429 0.598288
vn 0.085295 0.896096 0.435588
vn -0.418343 -0.238863 0.876318
vn -0.323702 -0.199319 0.924927
vn -0.353298 -0.384118 0.853014
vn -0.442830 -0.465989 0.766000
vn -0.537433 -0.499442 0.679502
vn -0.538344 -0.714063 0.447549
vn -0.597177 -0.699905 0.391806
vn -0.622688 -0.495828 0.605322
vn -0.616078 -0.271809 0.739302
vn -0.666211 -0.278223 0.691921
vn -0.644221 -0.103286 0.757833
vn -0.593470 -0.084573 0.800400
vn -0.505437 -0.063677 0.860511
vn -0.488323 0.083594 0.868650
vn -0.410248 0.113332 0.904904
vn -0.413145 -0.041445 0.909721
vn -0.515710 -0.849745 0.109437
vn -0.515483 -0.848137 0.122235
vn -0.522140 -0.852383 0.028511
vn -0.522308 -0.852379 0.025382
vn -0.524199 -0.851358 0.020125
vn -0.526484 -0.850185 0.000028
vn -0.527824 -0.849179 0.017243
vn -0.534978 -0.841549 0.074791
vn -0.544051 -0.836095 0.070383
vn -0.574564 -0.798666 0.178910
vn -0.556180 -0.808820 0.190983
vn -0.524716 -0.822145 0.220795
vn -0.481822 -0.695540 0.532984
vn -0.502722 -0.820868 0.271009
vn -0.018059 0.961986 0.272501
vn -0.049074 0.961089 0.271846
vn -0.050109 0.989857 0.132937
vn -0.019751 0.990891 0.133210
vn 0.005628 0.990949 0.134120
vn 0.027091 0.999633 -0.000000
vn 0.028114 0.990387 0.135434
vn 0.031179 0.960496 0.276541
vn 0.060195 0.899956 0.431805
vn 0.036236 0.902943 0.428231
vn 0.011892 0.905001 0.425243
vn 0.017335 0.808495 0.588247
vn -0.010469 0.810163 0.586111
vn -0.015049 0.905951 0.423115
vn -0.532104 0.355293 0.768526
vn -0.578261 0.330489 0.745917
vn -0.587105 0.520553 0.619946
vn -0.544615 0.534559 0.646251
vn -0.484922 0.553804 0.676869
vn -0.518795 0.690416 0.504160
vn -0.456769 0.706302 0.540832
vn -0.427890 0.571334 0.700348
vn -0.411480 0.411915 0.813026
vn -0.362329 0.435920 0.823828
vn -0.351049 0.282363 0.892769
vn -0.407469 0.254220 0.877121
vn -0.473639 0.220761 0.852602
vn -0.566337 0.051526 0.822562
vn -0.542772 0.184829 0.819291
vn -0.518829 0.822326 0.233658
vn -0.442866 0.857305 0.262485
vn -0.424047 0.809689 0.405695
vn -0.489452 0.787820 0.373868
vn -0.559385 0.760509 0.329718
vn -0.579766 0.671950 0.460820
vn -0.623233 0.729635 0.281447
vn -0.663329 0.731842 0.156210
vn -0.691110 0.711514 0.126945
vn -0.716994 0.695137 0.052000
vn -0.690653 0.719963 0.068197
vn -0.621998 0.777778 0.090446
vn -0.546986 0.837142 0.000000
vn -0.539438 0.834431 0.112834
vn -0.981709 -0.017899 0.189545
vn -0.998820 -0.018471 0.044926
vn -0.897070 -0.016208 0.441591
vn -0.681228 -0.012213 0.731970
vn 0.242297 0.941562 0.233993
vn 0.273868 0.937060 0.216601
vn 0.271920 0.870607 0.410003
vn 0.238433 0.874137 0.423125
vn 0.212323 0.876223 0.432610
vn 0.228737 0.738625 0.634123
vn 0.204317 0.752827 0.625704
vn 0.188011 0.878666 0.438860
vn 0.187017 0.945459 0.266706
vn 0.160217 0.978361 0.130922
vn 0.193206 0.973610 0.121474
vn 0.224587 0.968347 0.108930
vn 0.261347 0.965245 0.000000
vn 0.254949 0.962245 0.095324
vn 0.228734 -0.038472 0.972728
vn 0.197827 -0.082340 0.976772
vn 0.224455 0.010905 0.974424
vn 0.259563 0.041405 0.964838
vn 0.327871 0.082285 0.941132
vn 0.337858 0.161012 0.927322
vn 0.438366 0.155857 0.885180
vn 0.455397 0.126952 0.881190
vn 0.436916 0.108127 0.892980
vn 0.670402 0.219469 0.708797
vn 0.638746 0.225381 0.735668
vn 0.396188 0.090069 0.913741
vn 0.259017 -0.014103 0.965770
vn 0.236703 -0.028664 0.971159
vn 0.174569 -0.103020 0.979241
vn 0.192932 -0.086719 0.977373
vn -0.120307 0.898026 0.423174
vn -0.116529 0.803407 0.583916
vn -0.158678 0.795855 0.584325
vn -0.162655 0.890409 0.425106
vn -0.163456 0.946986 0.276586
vn -0.213135 0.936119 0.279739
vn -0.212444 0.967214 0.139160
vn -0.163004 0.977108 0.136712
vn -0.121314 0.983426 0.134748
vn -0.084431 0.996429 0.000000
vn -0.084392 0.987456 0.133450
vn -0.083973 0.958526 0.272355
vn -0.046848 0.905370 0.422031
vn -0.082404 0.902812 0.422066
vn -0.053848 -0.000952 0.998549
vn -0.078169 -0.001385 0.996939
vn -0.105243 -0.001856 0.994445
vn -0.038548 -0.141266 0.989221
vn -0.018088 -0.147648 0.988875
vn -0.030655 -0.000546 0.999530
vn -0.007378 -0.000135 0.999973
vn -0.234847 0.495570 0.836216
vn -0.187200 0.510901 0.839009
vn -0.172585 0.352113 0.919908
vn -0.218130 0.339163 0.915089
vn -0.261133 0.323641 0.909432
vn -0.238625 0.162448 0.957428
vn -0.285165 0.152387 0.946287
vn -0.303847 0.305082 0.902553
vn -0.319811 0.457607 0.829649
vn -0.379141 0.587723 0.714727
vn -0.336209 0.604794 0.721933
vn -0.293631 0.622746 0.725236
vn -0.307022 0.751746 0.583623
vn -0.259266 0.768639 0.584787
vn -0.248416 0.640225 0.726912
vn 0.166149 0.004390 0.986091
vn 0.165426 0.005605 0.986206
vn 0.135471 0.003119 0.990776
vn 0.100002 0.001781 0.994986
vn 0.135631 0.001769 0.990758
vn 0.163895 -0.002464 0.986475
vn 0.139933 -0.113314 0.983656
vn 0.156202 -0.109211 0.981669
vn 0.179113 -0.021885 0.983585
vn 0.186871 -0.008548 0.982347
vn 0.194291 -0.016427 0.980806
vn 0.197485 -0.001532 0.980305
vn 0.188582 0.001761 0.982056
vn 0.932347 0.334852 0.136397
vn 0.942018 0.315615 0.113973
vn 0.938405 0.344768 0.023064
vn 0.937478 0.347133 0.025185
vn 0.936946 0.348708 0.023121
vn 0.938301 0.345821 -0.000000
vn 0.936708 0.349672 0.017527
vn 0.922985 0.353218 0.152758
vn 0.922261 0.355463 0.151925
vn 0.841783 0.329640 0.427480
vn 0.847429 0.325420 0.419484
vn 0.862107 0.310661 0.400326
vn 0.696547 0.198086 0.689626
vn 0.885067 0.282941 0.369595
vn -0.249462 -0.154588 0.955966
vn -0.329859 -0.020088 0.943817
vn -0.263440 -0.002791 0.964672
vn -0.211806 0.006190 0.977292
vn -0.195240 0.169270 0.966038
vn -0.166729 0.005696 0.985986
vn -0.139617 -0.120313 0.982869
vn -0.099971 -0.132928 0.986071
vn -0.078248 -0.213468 0.973811
vn -0.119778 -0.197128 0.973033
vn -0.185250 -0.208062 0.960413
vn -0.219784 -0.120726 0.968050
vn -0.360119 -0.170527 0.917189
vn -0.268214 -0.277852 0.922420
vn -0.091416 0.369556 0.924701
vn -0.077919 0.183389 0.979947
vn -0.112300 0.179295 0.977365
vn -0.129061 0.362240 0.923106
vn -0.141120 0.522391 0.840947
vn -0.198852 0.655703 0.728362
vn -0.150920 0.667208 0.729422
vn -0.109692 0.674527 0.730056
vn -0.078578 0.807956 0.583980
vn -0.072406 0.678762 0.730780
vn -0.065239 0.534586 0.842592
vn -0.030892 0.536654 0.843237
vn -0.024294 0.377047 0.925875
vn -0.057100 0.374444 0.925490
vn 0.039778 0.000701 0.999208
vn 0.015935 0.000281 0.999873
vn 0.038634 -0.149962 0.987937
vn 0.059284 -0.144128 0.987782
vn 0.066600 0.001178 0.997779
vn 0.057141 0.528656 0.846911
vn 0.087460 0.520774 0.849203
vn 0.095450 0.359319 0.928321
vn 0.063322 0.368871 0.927321
vn 0.034705 0.374663 0.926511
vn 0.039237 0.187780 0.981427
vn 0.012107 0.189474 0.981811
vn 0.006363 0.377233 0.926096
vn 0.000766 0.536365 0.843986
vn -0.037078 0.680548 0.731765
vn -0.004886 0.680169 0.733039
vn 0.023397 0.677900 0.734782
vn 0.043020 0.805464 0.591081
vn 0.050260 0.673902 0.737109
vn 0.021099 -0.169092 0.985375
vn 0.001014 -0.168281 0.985739
vn -0.007444 -0.008764 0.999934
vn 0.017354 -0.008533 0.999813
vn 0.041418 -0.008317 0.999107
vn 0.067455 0.183095 0.980778
vn 0.067109 -0.008728 0.997707
vn 0.061976 -0.161440 0.984935
vn 0.088088 -0.153788 0.984170
vn 0.075462 -0.240839 0.967627
vn 0.054556 -0.255261 0.965332
vn 0.038120 -0.264679 0.963583
vn 0.020108 -0.152375 0.988118
vn 0.023175 -0.268468 0.963010
vn -0.028553 -0.248550 0.968198
vn -0.061209 -0.132631 0.989274
vn -0.050805 -0.233077 0.971130
vn -0.068869 -0.146701 0.986781
vn -0.126131 0.000473 0.992013
vn -0.090718 -0.004207 0.995868
vn -0.060613 -0.007033 0.998137
vn -0.046549 0.186689 0.981316
vn -0.033416 -0.008423 0.999406
vn -0.020258 -0.164256 0.986210
vn 0.007540 -0.266709 0.963748
vn -0.009566 -0.259885 0.965592
vn 0.193660 0.474862 0.858488
vn 0.227526 0.451905 0.862563
vn 0.241831 0.295867 0.924110
vn 0.207769 0.311882 0.927126
vn 0.169983 0.329388 0.928768
vn 0.174557 0.152078 0.972832
vn 0.136823 0.163594 0.976994
vn 0.131741 0.345849 0.928996
vn 0.121297 0.509514 0.851870
vn 0.078468 0.668103 0.739920
vn 0.109160 0.659980 0.743311
vn 0.141417 0.648520 0.747946
vn 0.153648 0.778182 0.608954
vn 0.173835 0.632724 0.754614
vn -0.266761 0.921368 0.282701
vn -0.212395 0.878761 0.427396
vn -0.265124 0.863354 0.429335
vn -0.315789 0.846271 0.429073
vn -0.353231 0.735216 0.578520
vn -0.367044 0.828518 0.422891
vn -0.376682 0.883563 0.278257
vn -0.455839 0.880479 0.130259
vn -0.382651 0.913257 0.139785
vn -0.322097 0.935910 0.142569
vn -0.266366 0.963872 0.000000
vn -0.266607 0.953350 0.141579
vn 0.118505 -0.143900 0.982471
vn 0.097590 -0.010308 0.995173
vn 0.132176 -0.012421 0.991148
vn 0.167023 -0.012241 0.985877
vn 0.210477 0.144124 0.966917
vn 0.199096 -0.005885 0.979962
vn 0.177625 -0.110998 0.977818
vn 0.167611 -0.135177 0.976542
vn 0.151505 -0.170410 0.973656
vn 0.127405 -0.199166 0.971649
vn 0.114495 -0.124193 0.985630
vn 0.100856 -0.222199 0.969771
vn -0.152899 -0.002703 0.988238
vn -0.248720 -0.004434 0.968565
vn -0.420131 -0.007600 0.907432
vn -0.133413 -0.113279 0.984565
vn 0.260032 0.425155 0.866964
vn 0.204106 0.611985 0.764078
vn 0.232043 0.586365 0.776101
vn 0.259914 0.557144 0.788692
vn 0.255477 0.725482 0.639068
vn 0.289321 0.527919 0.798495
vn 0.333781 0.354845 0.873313
vn 0.378793 0.324320 0.866794
vn 0.481064 0.191520 0.855510
vn 0.389041 0.226259 0.893003
vn 0.325642 0.261088 0.908730
vn 0.277950 0.151468 0.948579
vn 0.277696 0.280951 0.918668
vn -0.753671 -0.113859 -0.647315
vn -0.741492 -0.007654 -0.670918
vn -0.871673 -0.014215 -0.489881
vn -0.873911 -0.092189 -0.477263
vn -0.872125 -0.205581 -0.443999
vn -0.953716 -0.133056 -0.269669
vn -0.944668 -0.230161 -0.233727
vn -0.856635 -0.354776 -0.374580
vn -0.746141 -0.451198 -0.489586
vn -0.698924 -0.637373 -0.324438
vn -0.646733 -0.677033 -0.351230
vn -0.688888 -0.484597 -0.539073
vn -0.694455 -0.282282 -0.661853
vn -0.644206 -0.103284 -0.757846
vn -0.678928 -0.115577 -0.725051
vn -0.638366 -0.752194 -0.163382
vn -0.815295 -0.518495 -0.257793
vn -0.762021 -0.633243 -0.135380
vn -0.729571 -0.681670 -0.055245
vn -0.871856 -0.488219 -0.038860
vn -0.863474 -0.504308 -0.009255
vn -0.716812 -0.697146 -0.012987
vn -0.590866 -0.806627 -0.015176
vn -0.588354 -0.808603 0.000000
vn -0.543936 -0.839127 0.000000
vn -0.546245 -0.837475 -0.015904
vn -0.558054 -0.826967 -0.068573
vn -0.574563 -0.798667 -0.178909
vn -0.589936 -0.788577 -0.173560
vn -0.715766 0.453936 -0.530680
vn -0.706035 0.610237 -0.359341
vn -0.831141 0.481118 -0.278801
vn -0.856480 0.334483 -0.393146
vn -0.867438 0.185429 -0.461700
vn -0.957408 0.100856 -0.270552
vn -0.957825 0.030542 -0.285723
vn -0.870212 0.066349 -0.488190
vn -0.730794 0.103837 -0.674654
vn -0.656639 0.004456 -0.754192
vn -0.636856 0.129946 -0.759953
vn -0.625985 0.307163 -0.716795
vn -0.587113 0.520548 -0.619942
vn -0.628648 0.503758 -0.592478
vn -0.724002 0.688803 -0.037033
vn -0.729129 0.684376 -0.000000
vn -0.785050 0.619433 -0.000000
vn -0.785243 0.618390 -0.031427
vn -0.788921 0.608944 -0.082412
vn -0.897678 0.436691 -0.058945
vn -0.913548 0.391373 -0.110715
vn -0.802718 0.573837 -0.162345
vn -0.701931 0.683959 -0.198728
vn -0.642759 0.654409 -0.398259
vn -0.665038 0.713625 -0.220145
vn -0.692965 0.712562 -0.109798
vn -0.716993 0.695138 -0.052000
vn -0.714498 0.698333 -0.042706
vn -0.746127 -0.451205 0.489600
vn -0.698919 -0.637375 0.324446
vn -0.815279 -0.518511 0.257810
vn -0.856631 -0.354783 0.374583
vn -0.872133 -0.205581 0.443983
vn -0.953721 -0.133054 0.269655
vn -0.956310 -0.063274 0.285425
vn -0.873921 -0.092188 0.477246
vn -0.753648 -0.113866 0.647340
vn -0.741485 -0.007658 0.670925
vn -0.656637 0.004448 0.754193
vn -0.678916 -0.115586 0.725060
vn -0.694451 -0.282278 0.661859
vn -0.666586 -0.489107 0.562527
vn -0.688894 -0.484590 0.539071
vn -0.590849 -0.806639 0.015176
vn -0.714293 -0.699847 0.000000
vn -0.716801 -0.697157 0.012987
vn -0.729576 -0.681665 0.055245
vn -0.871865 -0.488203 0.038859
vn -0.892110 -0.442282 0.092336
vn -0.762023 -0.633239 0.135388
vn -0.638371 -0.752189 0.163385
vn -0.646737 -0.677030 0.351229
vn -0.589938 -0.788575 0.173559
vn -0.558052 -0.826968 0.068573
vn -0.532754 -0.846113 0.016305
vn -0.546242 -0.837477 0.015904
vn -0.730795 0.103836 0.674653
vn -0.871677 -0.014215 0.489875
vn -0.870223 0.066348 0.488171
vn -0.867460 0.185419 0.461664
vn -0.957415 0.100852 0.270528
vn -0.951669 0.195600 0.236784
vn -0.856492 0.334473 0.393127
vn -0.715765 0.453938 0.530680
vn -0.706030 0.610242 0.359343
vn -0.642756 0.654411 0.398259
vn -0.628646 0.503761 0.592477
vn -0.625985 0.307164 0.716794
vn -0.590965 0.154046 0.791853
vn -0.636857 0.129946 0.759952
vn -0.701921 0.683969 0.198730
vn -0.831144 0.481114 0.278799
vn -0.802712 0.573844 0.162346
vn -0.788921 0.608943 0.082412
vn -0.897681 0.436686 0.058946
vn -0.889808 0.455754 0.023021
vn -0.785256 0.618373 0.031426
vn -0.724010 0.688795 0.037033
vn -0.722485 0.691387 -0.000000
vn -0.714500 0.698331 0.042705
vn -0.692969 0.712557 0.109797
vn -0.653964 0.716127 0.243912
vn -0.665038 0.713625 0.220145
vn -0.978651 0.016516 0.204865
vn -0.978033 -0.017135 0.207746
vn -0.843831 -0.014895 0.536402
vn -0.845416 0.071855 0.529253
vn -0.843446 0.200402 0.498435
vn -0.624146 0.299663 0.721556
vn -0.598435 0.531139 0.599806
vn -0.827016 0.370159 0.423116
vn -0.976420 0.136207 0.167485
vn -0.967979 0.220525 0.119942
vn -0.990949 -0.123185 -0.053353
vn -0.993611 -0.085005 -0.074236
vn -0.994883 -0.054124 -0.085314
vn -0.956310 -0.063272 -0.285424
vn -0.995492 -0.031963 -0.089303
vn -0.955009 0.289104 0.066162
vn -0.781298 0.552752 0.289896
vn -0.721282 0.676118 0.150385
vn -0.684856 0.726127 0.060928
vn -0.427466 0.900886 0.075352
vn -0.414215 0.910012 0.017405
vn -0.670955 0.741361 0.014264
vn -0.942719 0.333524 0.006622
vn -0.941993 0.335631 -0.000000
vn -0.983036 -0.183413 -0.000001
vn -0.983247 -0.182251 -0.003121
vn -0.984445 -0.175215 -0.012967
vn -0.892109 -0.442287 -0.092327
vn -0.987214 -0.156550 -0.030017
vn -0.970862 -0.169188 0.169714
vn -0.960708 -0.246699 0.127196
vn -0.765780 -0.564598 0.307914
vn -0.812436 -0.395844 0.428082
vn -0.834795 -0.231541 0.499506
vn -0.611515 -0.323417 0.722115
vn -0.622363 -0.138453 0.770387
vn -0.842020 -0.102523 0.529614
vn -0.977410 -0.051148 0.205070
vn -0.995778 -0.017352 -0.090139
vn -0.995991 -0.002584 -0.089416
vn -0.996132 0.019742 -0.085621
vn -0.951666 0.195606 -0.236791
vn -0.995921 0.049822 -0.075227
vn -0.935229 -0.353660 0.016486
vn -0.934131 -0.356930 -0.000000
vn -0.657695 -0.753285 -0.000000
vn -0.661510 -0.749068 0.036092
vn -0.676817 -0.730134 0.093925
vn -0.413399 -0.902931 0.117543
vn -0.449135 -0.861986 0.235071
vn -0.711051 -0.679089 0.182331
vn -0.947885 -0.308572 0.079357
vn -0.994778 0.084972 -0.056535
vn -0.992714 0.115031 -0.035873
vn -0.990945 0.132843 -0.019541
vn -0.889799 0.455771 -0.023021
vn -0.990013 0.140765 -0.007712
vn -0.976428 0.136183 -0.167457
vn -0.967985 0.220504 -0.119934
vn -0.781321 0.552726 -0.289883
vn -0.827024 0.370145 -0.423112
vn -0.843446 0.200411 -0.498432
vn -0.624102 0.299686 -0.721585
vn -0.627343 0.114973 -0.770209
vn -0.845417 0.071867 -0.529250
vn -0.978651 0.016520 -0.204863
vn -0.978033 -0.017135 -0.207746
vn -0.995778 -0.017352 0.090139
vn -0.995489 -0.031966 0.089325
vn -0.994880 -0.054132 0.085339
vn -0.944673 -0.230157 0.233711
vn -0.993610 -0.085010 0.074246
vn -0.942723 0.333510 -0.006622
vn -0.668393 0.743809 0.000000
vn -0.670971 0.741346 -0.014264
vn -0.684860 0.726123 -0.060928
vn -0.427476 0.900881 -0.075353
vn -0.464695 0.864362 -0.192189
vn -0.721294 0.676106 -0.150385
vn -0.955010 0.289098 -0.066163
vn -0.990949 -0.123184 0.053353
vn -0.987215 -0.156545 0.030017
vn -0.984447 -0.175204 0.012967
vn -0.863480 -0.504298 0.009254
vn -0.983249 -0.182239 0.003120
vn -0.977413 -0.051153 -0.205055
vn -0.843831 -0.014895 -0.536403
vn -0.842021 -0.102538 -0.529610
vn -0.834795 -0.231550 -0.499502
vn -0.611461 -0.323445 -0.722149
vn -0.577768 -0.546971 -0.605811
vn -0.812451 -0.395827 -0.428070
vn -0.970872 -0.169160 -0.169684
vn -0.960712 -0.246687 -0.127192
vn -0.994778 0.084977 0.056538
vn -0.995920 0.049828 0.075242
vn -0.996130 0.019750 0.085641
vn -0.957831 0.030544 0.285704
vn -0.995991 -0.002581 0.089420
vn -0.947885 -0.308572 -0.079359
vn -0.765803 -0.564571 -0.307907
vn -0.711068 -0.679071 -0.182331
vn -0.676822 -0.730130 -0.093923
vn -0.413403 -0.902930 -0.117540
vn -0.398391 -0.916132 -0.044562
vn -0.661505 -0.749072 -0.036093
vn -0.935229 -0.353660 -0.016487
vn -0.989783 0.142584 0.000000
vn -0.990014 0.140759 0.007713
vn -0.990944 0.132844 0.019546
vn -0.913548 0.391372 0.110713
vn -0.992713 0.115037 0.035875
vn -0.355573 0.144608 0.923394
vn -0.352884 -0.006439 0.935645
vn -0.308801 -0.005673 0.951110
vn -0.311595 0.147836 0.938644
vn -0.310375 0.370382 0.875491
vn -0.153919 0.387292 0.909018
vn -0.147968 0.658662 0.737746
vn -0.293620 0.635574 0.714026
vn -0.334734 0.626300 0.704060
vn -0.290217 0.846628 0.446089
vn -0.367984 0.822738 0.433231
vn -0.421908 0.602118 0.677826
vn -0.444953 0.346976 0.825606
vn -0.627359 0.114957 0.770198
vn -0.447775 0.136584 0.883653
vn -0.243855 0.946692 0.210498
vn -0.254266 0.855608 0.450871
vn -0.213595 0.953639 0.212012
vn -0.193763 0.977646 0.081632
vn -0.102000 0.991344 0.082664
vn -0.098680 0.994938 0.018971
vn -0.186845 0.982210 0.018750
vn -0.213092 0.976854 0.018653
vn -0.211610 0.977354 -0.000000
vn -0.270562 0.962703 -0.000000
vn -0.272508 0.961978 0.018377
vn -0.282571 0.955917 0.079853
vn -0.464695 0.864363 0.192186
vn -0.310991 0.927750 0.206313
vn -0.311334 -0.631554 0.710078
vn -0.263963 -0.839669 0.474635
vn -0.227320 -0.847451 0.479743
vn -0.270054 -0.639255 0.720016
vn -0.295901 -0.383076 0.875040
vn -0.139622 -0.394465 0.908242
vn -0.146634 -0.163890 0.975520
vn -0.305768 -0.160557 0.938471
vn -0.349792 -0.158846 0.923263
vn -0.445163 -0.008039 0.895414
vn -0.442139 -0.153987 0.883630
vn -0.430845 -0.364435 0.825566
vn -0.577805 -0.546956 0.605789
vn -0.399053 -0.610779 0.683891
vn -0.188328 -0.980933 0.047996
vn -0.186047 -0.982541 -0.000000
vn -0.158694 -0.987328 -0.000000
vn -0.160677 -0.985826 0.048266
vn -0.168699 -0.977300 0.128160
vn -0.071799 -0.988919 0.129938
vn -0.081578 -0.960740 0.265188
vn -0.188379 -0.946862 0.260702
vn -0.220023 -0.940557 0.258731
vn -0.343245 -0.818388 0.460895
vn -0.290005 -0.922900 0.253285
vn -0.262225 -0.956858 0.125145
vn -0.398393 -0.916132 0.044562
vn -0.250652 -0.966924 0.047230
vn -0.334724 0.626305 -0.704061
vn -0.290203 0.846633 -0.446089
vn -0.254266 0.855612 -0.450862
vn -0.293628 0.635577 -0.714020
vn -0.310378 0.370379 -0.875491
vn -0.153928 0.387290 -0.909017
vn -0.152432 0.156667 -0.975818
vn -0.311595 0.147824 -0.938646
vn -0.355590 0.144602 -0.923388
vn -0.352919 -0.006439 -0.935632
vn -0.445162 -0.008039 -0.895414
vn -0.447757 0.136592 -0.883661
vn -0.444922 0.346986 -0.825618
vn -0.598394 0.531156 -0.599831
vn -0.421882 0.602126 -0.677835
vn -0.213125 0.976847 -0.018657
vn -0.185523 0.982640 0.000000
vn -0.186846 0.982210 -0.018757
vn -0.193764 0.977646 -0.081632
vn -0.101960 0.991348 -0.082664
vn -0.111405 0.970147 -0.215414
vn -0.213589 0.953643 -0.212004
vn -0.243867 0.946689 -0.210494
vn -0.367959 0.822747 -0.433236
vn -0.310979 0.927754 -0.206314
vn -0.282579 0.955914 -0.079854
vn -0.414232 0.910005 -0.017405
vn -0.272527 0.961973 -0.018377
vn -0.349808 -0.158839 -0.923257
vn -0.308803 -0.005673 -0.951109
vn -0.305770 -0.160545 -0.938472
vn -0.295898 -0.383075 -0.875042
vn -0.139621 -0.394465 -0.908242
vn -0.124357 -0.656888 -0.743662
vn -0.270056 -0.639256 -0.720015
vn -0.311339 -0.631555 -0.710075
vn -0.263969 -0.839669 -0.474633
vn -0.343233 -0.818392 -0.460897
vn -0.399026 -0.610788 -0.683898
vn -0.430814 -0.364446 -0.825578
vn -0.622340 -0.138471 -0.770402
vn -0.442123 -0.153995 -0.883636
vn -0.220026 -0.940557 -0.258729
vn -0.227323 -0.847451 -0.479740
vn -0.188378 -0.946862 -0.260702
vn -0.168702 -0.977300 -0.128159
vn -0.071807 -0.988918 -0.129938
vn -0.067862 -0.996497 -0.048876
vn -0.160692 -0.985824 -0.048266
vn -0.188332 -0.980932 -0.047995
vn -0.247720 -0.968832 0.000000
vn -0.250658 -0.966923 -0.047229
vn -0.262239 -0.956854 -0.125142
vn -0.449157 -0.861975 -0.235070
vn -0.290011 -0.922898 -0.253284
vn 0.517590 0.795825 -0.314266
vn 0.552175 0.673644 -0.491231
vn 0.675274 0.628713 -0.385648
vn 0.640039 0.725961 -0.251656
vn 0.995649 -0.041636 0.083366
vn 0.975307 -0.188122 0.115703
vn 0.970319 -0.239210 0.035492
vn 0.996290 -0.082691 0.023858
vn 0.502940 0.862234 -0.060025
vn 0.505251 0.862973 0.000001
vn 0.346164 0.938174 0.000000
vn 0.340961 0.937239 -0.072995
vn 0.332693 0.921912 -0.198478
vn 0.271917 0.870608 -0.410003
vn 0.337324 0.858435 -0.386397
vn 0.919038 0.394044 -0.009896
vn 0.914693 0.404150 0.000001
vn 0.810922 0.585155 -0.000000
vn 0.814393 0.580313 -0.000973
vn 0.836299 0.548211 0.008251
vn 0.663158 0.746670 0.052007
vn 0.708262 0.692134 0.138978
vn 0.878793 0.477181 0.004681
vn 0.963047 0.216642 -0.160022
vn 0.910886 0.170601 -0.375742
vn 0.826105 0.102915 -0.554039
vn 0.950854 0.161997 -0.263881
vn 0.952769 0.291498 -0.085203
vn 0.938405 0.344768 -0.023062
vn 0.937260 0.348201 -0.017309
vn 0.776833 0.243374 -0.580776
vn 0.910030 0.412833 -0.037602
vn 0.912142 0.397822 -0.098669
vn 0.888014 0.371334 0.271186
vn 0.865028 0.353121 0.356415
vn 0.901087 0.245340 0.357561
vn 0.918483 0.289354 0.269561
vn 0.592626 0.512401 -0.621482
vn 0.363621 0.706015 -0.607719
vn 0.401154 0.500556 -0.767150
vn 0.466328 0.321062 -0.824292
vn 0.481066 0.191523 -0.855508
vn 0.610215 0.183719 -0.770639
vn 0.502942 0.862233 0.060027
vn 0.617664 0.786442 0.000001
vn 0.617101 0.785255 0.050609
vn 0.995650 -0.041626 -0.083362
vn 0.975304 -0.188136 -0.115703
vn 0.972118 -0.071247 -0.223406
vn 0.985155 0.049253 -0.164450
vn 0.517568 0.795833 0.314282
vn 0.552163 0.673641 0.491248
vn 0.363631 0.706016 0.607713
vn 0.337329 0.858434 0.386395
vn 0.332687 0.921914 0.198479
vn 0.286109 0.954590 0.083056
vn 0.340959 0.937240 0.072995
vn 0.963047 0.216640 0.160025
vn 0.910891 0.170592 0.375735
vn 0.910035 0.412821 0.037610
vn 0.878797 0.477173 -0.004675
vn 0.836297 0.548215 -0.008247
vn 0.663152 0.746676 -0.052001
vn 0.645366 0.763847 -0.006267
vn 0.814390 0.580317 0.000971
vn 0.919036 0.394049 0.009897
vn 0.933876 0.357597 0.000002
vn 0.937260 0.348201 0.017312
vn 0.952770 0.291497 0.085205
vn 0.917560 0.221836 0.329958
vn 0.950854 0.161996 0.263884
vn 0.592629 0.512403 0.621477
vn 0.675233 0.628722 0.385705
vn 0.713160 0.506145 0.484995
vn 0.888034 0.371339 -0.271113
vn 0.865035 0.353127 -0.356392
vn 0.827398 0.457938 -0.325123
vn 0.913873 0.403345 -0.046368
vn 0.776844 0.243368 0.580763
vn 0.826109 0.102908 0.554035
vn 0.610219 0.183713 0.770638
vn 0.466320 0.321058 0.824298
vn 0.326827 0.505970 0.798234
vn 0.401152 0.500556 0.767151
vn 0.732526 -0.536457 0.419070
vn 0.749240 -0.255225 0.611147
vn 0.562534 -0.420559 0.711819
vn 0.528255 -0.706878 0.470393
vn 0.481209 -0.845059 0.233052
vn 0.284101 -0.928757 0.238109
vn 0.266897 -0.960455 0.079319
vn 0.454317 -0.887515 0.076901
vn 0.659571 -0.748412 0.069610
vn 0.651671 -0.758502 -0.000001
vn 0.842033 -0.539427 -0.000001
vn 0.847937 -0.527167 0.055667
vn 0.867503 -0.466588 0.172437
vn 0.972117 -0.071246 0.223411
vn 0.889297 -0.313988 0.332509
vn 0.406443 0.913580 0.013215
vn 0.402795 0.915290 0.000000
vn 0.286476 0.958087 0.000000
vn 0.289828 0.956945 0.015992
vn 0.308716 0.945443 0.104073
vn 0.187573 0.975268 0.116913
vn 0.226140 0.916371 0.330339
vn 0.361149 0.886365 0.289705
vn 0.486262 0.839034 0.244070
vn 0.576626 0.676421 0.458211
vn 0.685110 0.636538 0.354181
vn 0.601430 0.774994 0.194077
vn 0.545513 0.834990 0.072157
vn 0.645367 0.763847 0.006265
vn 0.524245 0.851508 0.010036
vn 0.645121 0.448953 0.618272
vn 0.444491 0.700841 0.557897
vn 0.503331 0.419623 0.755364
vn 0.533484 0.162507 0.830052
vn 0.343997 0.069919 0.936364
vn 0.351513 -0.218134 0.910415
vn 0.554298 -0.097558 0.826581
vn 0.720872 0.028814 0.692469
vn 0.878435 -0.075083 0.471926
vn 0.835584 0.145549 0.529730
vn 0.795203 0.306439 0.523208
vn 0.827394 0.457940 0.325132
vn 0.751326 0.460512 0.472692
vn 0.659564 -0.748418 -0.069608
vn 0.446968 -0.894550 0.000001
vn 0.454284 -0.887532 -0.076900
vn 0.481224 -0.845050 -0.233052
vn 0.284095 -0.928758 -0.238116
vn 0.316951 -0.814016 -0.486744
vn 0.528305 -0.706839 -0.470396
vn 0.732536 -0.536445 -0.419068
vn 0.749218 -0.255230 -0.611171
vn 0.878445 -0.075064 -0.471911
vn 0.889299 -0.313988 -0.332504
vn 0.867496 -0.466601 -0.172437
vn 0.970310 -0.239245 -0.035498
vn 0.847919 -0.527196 -0.055669
vn 0.486260 0.839038 -0.244062
vn 0.576630 0.676429 -0.458194
vn 0.444501 0.700852 -0.557876
vn 0.361139 0.886370 -0.289700
vn 0.308701 0.945448 -0.104074
vn 0.187559 0.975271 -0.116914
vn 0.174079 0.984559 -0.018423
vn 0.289807 0.956952 -0.015992
vn 0.406428 0.913588 -0.013214
vn 0.520683 0.853750 -0.000000
vn 0.524240 0.851512 -0.010036
vn 0.545506 0.834996 -0.072151
vn 0.708270 0.692127 -0.138978
vn 0.601438 0.774989 -0.194072
vn 0.720824 0.028779 -0.692520
vn 0.562584 -0.420510 -0.711808
vn 0.554319 -0.097543 -0.826569
vn 0.533488 0.162505 -0.830050
vn 0.344223 0.070022 -0.936273
vn 0.328209 0.370401 -0.868954
vn 0.503352 0.419632 -0.755345
vn 0.645116 0.448950 -0.618279
vn 0.685117 0.636531 -0.354179
vn 0.751303 0.460503 -0.472737
vn 0.795181 0.306425 -0.523250
vn 0.901092 0.245354 -0.357539
vn 0.835592 0.145564 -0.529714
vn 0.017436 -0.998644 -0.049060
vn 0.017304 -0.991300 -0.130480
vn -0.002812 0.161090 -0.986936
vn -0.006879 0.394015 -0.919078
vn 0.052678 -0.995543 0.078224
vn 0.052086 -0.998643 -0.000000
vn 0.132037 -0.991245 -0.000000
vn 0.134104 -0.987806 0.079088
vn 0.142255 -0.961505 0.235100
vn 0.316948 -0.814020 0.486739
vn 0.158142 -0.862137 0.481363
vn -0.081582 -0.960739 -0.265188
vn 0.016819 -0.963662 -0.266595
vn -0.147993 0.658663 -0.737740
vn -0.011643 0.666961 -0.745001
vn 0.024037 0.926263 0.376111
vn 0.038811 0.673112 0.738522
vn 0.146310 0.692667 0.706262
vn 0.110178 0.926900 0.358772
vn 0.088021 0.988129 0.125909
vn 0.174100 0.984556 0.018423
vn 0.080411 0.996558 0.020159
vn -0.101409 -0.864946 -0.491513
vn 0.015158 -0.868620 -0.495247
vn -0.130474 0.877328 -0.461815
vn -0.015448 0.884983 -0.465366
vn 0.059315 -0.352115 0.934075
vn 0.061089 -0.655622 0.752614
vn 0.174095 -0.620900 0.764313
vn 0.177833 -0.302553 0.936396
vn 0.175498 -0.007926 0.984448
vn 0.328068 0.370355 0.869027
vn 0.168251 0.316252 0.933636
vn 0.011524 -0.660336 -0.750882
vn -0.017042 0.976132 -0.216509
vn 0.058529 -0.880111 -0.471146
vn 0.061054 -0.655631 -0.752609
vn 0.174006 -0.620932 -0.764307
vn 0.158087 -0.862151 -0.481356
vn 0.142241 -0.961508 -0.235095
vn 0.266889 -0.960457 -0.079321
vn 0.134121 -0.987804 -0.079087
vn 0.006911 -0.396040 -0.918207
vn -0.017396 0.996399 -0.082984
vn 0.013427 0.999683 -0.021276
vn 0.013029 0.999915 0.000000
vn 0.079110 0.996866 -0.000000
vn 0.080373 0.996561 -0.020157
vn 0.087971 0.988133 -0.125917
vn 0.226142 0.916374 -0.330331
vn 0.110152 0.926902 -0.358774
vn -0.146619 -0.163884 -0.975523
vn 0.002848 -0.163101 -0.986605
vn -0.098657 0.994941 -0.018975
vn -0.017452 0.999666 -0.019041
vn 0.050130 0.271484 -0.961136
vn 0.038807 0.673108 -0.738526
vn 0.146305 0.692670 -0.706260
vn 0.168355 0.316277 -0.933609
vn 0.175649 -0.007860 -0.984422
vn 0.351645 -0.218064 -0.910381
vn 0.177831 -0.302544 -0.936399
vn 0.048329 0.998832 -0.000000
vn 0.102874 0.953455 -0.283445
vn 0.069059 0.801169 -0.594440
vn 0.179951 0.766372 -0.616678
vn 0.161698 0.986840 0.000000
vn -0.555555 -0.376645 -0.741281
vn -0.521510 -0.263176 -0.811644
vn -0.341409 0.136621 -0.929933
vn -0.615911 0.023875 -0.787454
vn -0.628750 -0.686803 -0.364656
vn -0.522138 -0.852384 -0.028511
vn -0.523957 -0.851745 -0.000000
vn -0.522455 -0.848162 -0.087533
vn -0.424552 -0.591121 -0.685807
vn -0.530607 -0.847618 0.000015
vn -0.050399 0.998729 -0.000000
vn 0.007973 0.961651 -0.274159
vn -0.042771 0.810117 -0.584706
vn -0.616222 0.662866 -0.425299
vn -0.469822 0.384704 -0.794525
vn -0.401612 0.720319 -0.565552
vn -0.596410 0.778500 -0.195532
vn -0.460628 0.887593 0.000000
vn -0.726217 0.687465 -0.000000
vn -0.550868 -0.254431 -0.794864
vn 0.291763 0.714988 -0.635348
vn 0.214492 0.943774 -0.251561
vn 0.292557 0.956248 0.000000
vn 0.241117 0.143662 -0.959804
vn 0.299348 0.024088 -0.953840
vn 0.159770 -0.117562 -0.980129
vn 0.174566 -0.103025 -0.979241
vn 0.621906 0.224959 -0.750084
vn 0.693276 0.147466 -0.705424
vn -0.207903 0.784138 -0.584726
vn -0.121392 0.954036 -0.274007
vn -0.212006 0.977269 0.000000
vn 0.001409 -0.151480 -0.988459
vn -0.087757 -0.121835 -0.988663
vn -0.152174 0.174602 -0.972809
vn -0.278455 0.477588 -0.833290
vn 0.166285 0.000954 -0.986077
vn 0.197613 0.003587 -0.980273
vn 0.197494 -0.001552 -0.980303
vn 0.085334 -0.135195 -0.987137
vn 0.937352 0.348385 0.000001
vn 0.926266 0.345834 -0.149769
vn 0.841781 0.329640 -0.427483
vn -0.190503 -0.124172 -0.973802
vn -0.101347 0.529997 -0.841922
vn -0.016441 0.188888 -0.981861
vn 0.100034 0.174849 -0.979500
vn 0.029256 0.533748 -0.845137
vn 0.040668 -0.166736 -0.985162
vn -0.043034 -0.157068 -0.986650
vn 0.157312 0.494256 -0.854964
vn -0.320184 0.903968 -0.283416
vn 0.149484 -0.130406 -0.980127
vn 0.296004 0.392392 -0.870868
vn 0.102875 0.953454 0.283446
vn 0.179947 0.766376 0.616674
vn 0.069062 0.801169 0.594440
vn -0.555555 -0.376643 0.741282
vn -0.521510 -0.263176 0.811644
vn -0.628750 -0.686805 0.364653
vn -0.615917 0.023871 0.787449
vn -0.341407 0.136621 0.929933
vn -0.522476 -0.848150 0.087519
vn -0.424553 -0.591119 0.685808
vn -0.496904 -0.813911 0.301057
vn 0.007973 0.961651 0.274160
vn -0.042771 0.810117 0.584706
vn -0.616218 0.662867 0.425303
vn -0.469825 0.384706 0.794522
vn -0.401615 0.720315 0.565554
vn -0.596410 0.778500 0.195531
vn -0.550867 -0.254431 0.794865
vn 0.291758 0.714990 0.635348
vn 0.214493 0.943774 0.251564
vn 0.241114 0.143667 0.959804
vn 0.299351 0.024084 0.953839
vn 0.693288 0.147447 0.705416
vn 0.621907 0.224950 0.750086
vn 0.372375 0.080903 0.924549
vn 0.159768 -0.117559 0.980130
vn -0.207903 0.784139 0.584725
vn -0.121394 0.954035 0.274007
vn -0.087757 -0.121835 0.988663
vn 0.001411 -0.151483 0.988459
vn -0.152179 0.174603 0.972808
vn -0.278453 0.477587 0.833292
vn 0.166287 0.000957 0.986077
vn 0.085336 -0.135203 0.987136
vn 0.182740 -0.037426 0.982449
vn 0.197598 0.003626 0.980276
vn 0.188206 0.005359 0.982115
vn 0.926255 0.345857 0.149784
vn 0.936676 0.349918 0.014008
vn -0.190500 -0.124169 0.973803
vn -0.101347 0.529997 0.841922
vn -0.016440 0.188885 0.981862
vn 0.100033 0.174840 0.979502
vn 0.029256 0.533743 0.845140
vn 0.040668 -0.166730 0.985164
vn -0.043033 -0.157065 0.986650
vn 0.157310 0.494257 0.854964
vn -0.320185 0.903968 0.283416
vn 0.149486 -0.130404 0.980127
vn 0.296007 0.392392 0.870867
vn -0.956984 -0.016613 -0.289666
vn -0.759515 -0.264079 -0.594473
vn -0.922437 -0.347919 -0.167519
vn -0.603769 -0.794491 -0.065173
vn -0.861789 -0.507266 -0.000000
vn -0.935698 0.304822 -0.177631
vn -0.722973 0.265913 -0.637652
vn -0.887690 0.460441 0.000000
vn -0.711897 0.695427 -0.097900
vn -0.922433 -0.347925 0.167529
vn -0.759491 -0.264089 0.594501
vn -0.956985 -0.016613 0.289660
vn -0.603766 -0.794493 0.065173
vn -0.722972 0.265914 0.637653
vn -0.935699 0.304819 0.177629
vn -0.711897 0.695427 0.097900
vn -0.624776 -0.011142 0.780725
vn -0.978800 0.066801 0.193620
vn -0.535507 0.747660 0.392729
vn -0.946256 0.322220 0.027804
vn -0.411726 0.911308 -0.000000
vn -0.514190 -0.749123 0.417641
vn -0.975658 -0.101752 0.194264
vn -0.394638 -0.918836 0.000000
vn -0.939283 -0.340537 0.042217
vn -0.535494 0.747668 -0.392733
vn -0.978805 0.066796 -0.193593
vn -0.624774 -0.011142 -0.780726
vn -0.946256 0.322221 -0.027803
vn -0.975665 -0.101739 -0.194232
vn -0.514196 -0.749117 -0.417643
vn -0.939285 -0.340530 -0.042215
vn -0.149588 -0.002904 0.988744
vn -0.152449 0.156672 0.975814
vn -0.353743 0.363818 0.861686
vn -0.130458 0.877325 0.461823
vn -0.111426 0.970144 0.215419
vn -0.221046 0.971880 0.081162
vn -0.098036 0.995183 0.000000
vn -0.101410 -0.864945 0.491514
vn -0.124358 -0.656887 0.743663
vn -0.339334 -0.378047 0.861355
vn -0.066879 -0.997761 0.000000
vn -0.067851 -0.996498 0.048876
vn -0.197536 -0.971986 0.127366
vn -0.353740 0.363818 -0.861687
vn -0.149555 -0.002904 -0.988749
vn -0.221091 0.971870 -0.081162
vn -0.339334 -0.378048 -0.861355
vn -0.197540 -0.971986 -0.127363
vn 0.943782 0.096692 0.316111
vn 0.985153 0.049253 0.164459
vn 0.955627 0.176716 0.235687
vn 0.621021 0.772334 -0.133540
vn 0.502591 0.849095 -0.162605
vn 0.968170 -0.250294 -0.000001
vn 0.995815 -0.091390 0.000000
vn 0.617094 0.785260 -0.050607
vn 0.642430 0.766344 -0.000000
vn 0.941855 0.332709 -0.047056
vn 0.773686 0.583328 0.247261
vn 0.913863 0.403358 0.046430
vn 0.765842 0.391240 -0.510312
vn 0.657033 0.365820 -0.659154
vn 0.896773 0.381119 -0.224825
vn 0.713165 0.506142 -0.484991
vn 0.996291 -0.082667 -0.023863
vn 0.621003 0.772347 0.133548
vn 0.502575 0.849103 0.162610
vn 0.943783 0.096700 -0.316106
vn 0.955623 0.176706 -0.235709
vn 0.639997 0.725985 0.251693
vn 0.773691 0.583321 -0.247264
vn 0.941854 0.332711 0.047058
vn 0.918480 0.289344 -0.269581
vn 0.765862 0.391249 0.510275
vn 0.657046 0.365825 0.659137
vn 0.912143 0.397809 0.098706
vn 0.896779 0.381106 0.224824
vn 0.347619 -0.548739 0.760293
vn 0.688466 -0.693432 0.212523
vn 0.262388 -0.964963 0.000001
vn 0.171825 0.985128 -0.000000
vn 0.427941 0.899390 0.089245
vn 0.288180 0.705800 0.647146
vn 0.686438 0.243170 0.685325
vn 0.688482 -0.693419 -0.212515
vn 0.347660 -0.548722 -0.760287
vn 0.288197 0.705810 -0.647128
vn 0.427936 0.899393 -0.089242
vn 0.686401 0.243137 -0.685375
vn -0.017456 0.999848 0.000000
vn -0.017459 0.999666 0.019041
vn 0.000005 -0.000296 -1.000000
vn -0.017403 0.996399 0.082984
vn -0.999848 -0.017452 -0.000000
vn 0.054825 -0.971473 0.230726
vn 0.058544 -0.880107 0.471151
vn -0.017046 0.976131 0.216510
vn -0.015453 0.884983 0.465367
vn -0.011643 0.666961 0.745001
vn 0.016011 0.991181 0.131545
vn 0.013453 0.999683 0.021281
vn -0.006879 0.394015 0.919078
vn -0.002812 0.161091 0.986936
vn 0.000005 -0.000295 1.000000
vn 0.055767 -0.061238 0.996564
vn 0.050156 0.271516 0.961126
vn 0.002848 -0.163100 0.986605
vn 0.006911 -0.396040 0.918207
vn 0.011524 -0.660336 0.750882
vn 0.054817 -0.971475 -0.230720
vn 0.052687 -0.995543 -0.078222
vn 0.015163 -0.868619 0.495248
vn 0.016824 -0.963661 0.266597
vn 0.017308 -0.991300 0.130480
vn 0.015969 0.991180 -0.131553
vn 0.024009 0.926262 -0.376115
vn 0.017435 -0.998644 0.049060
vn 0.017461 -0.999848 -0.000000
vn 0.055710 -0.061254 -0.996566
vn 0.059260 -0.352124 -0.934075
vn 0.017450 -0.999848 0.000000
vn 0.017402 -0.996826 0.077689
vn -0.011536 0.661155 0.750161
vn -0.016116 0.923551 0.383136
vn 0.011660 -0.667921 0.744141
vn 0.006498 -0.372249 0.928110
vn 0.011660 -0.667921 -0.744141
vn 0.015449 -0.885076 -0.465191
vn -0.017445 0.999611 -0.021758
vn -0.011536 0.661150 -0.750165
vn -0.004354 0.249497 -0.968366
vn 0.016994 -0.973450 0.228267
vn 0.015451 -0.885075 0.465192
vn -0.017294 0.990842 0.133912
vn -0.017446 0.999611 0.021761
vn 0.001483 -0.084922 0.996387
vn -0.004354 0.249512 0.968362
vn 0.016991 -0.973451 -0.228266
vn 0.017398 -0.996826 -0.077689
vn -0.017290 0.990842 -0.133914
vn -0.016113 0.923553 -0.383132
vn 0.001482 -0.084908 -0.996388
vn 0.006498 -0.372236 -0.928115
vn 0.999841 0.017837 -0.000034
vn 0.999842 0.017763 0.000000
vn -0.934247 -0.016308 -0.356254
vn -0.934246 -0.016308 0.356257
vn 0.000000 -0.000000 1.000000
vn 0.000000 -0.000000 -1.000000
vn -0.746052 -0.013023 -0.665760
vn -0.746048 -0.013023 0.665765

usemtl Paint
f 21372/17365/14621 21373/17364/14620 21673/17363/14619 21374/17362/14618
f 21368/17369/14625 21369/17368/14624 21676/17367/14623 21375/17366/14622
f 21364/17373/14629 21365/17372/14628 21675/17371/14627 21370/17370/14626
f 21361/17377/14633 21362/17376/14632 21674/17375/14631 21366/17374/14630
f 21356/17381/14637 21357/17380/14636 21668/17379/14635 21358/17378/14634
f 21352/17385/14641 21353/17384/14640 21671/17383/14639 21359/17382/14638
f 21348/17389/14645 21349/17388/14644 21670/17387/14643 21354/17386/14642
f 21345/17393/14649 21346/17392/14648 21669/17391/14647 21350/17390/14646
f 21341/17395/14652 21342/17395/14651 21665/17394/14651 21343/17394/14650
f 21339/17399/14656 21396/17398/14655 21687/17397/14654 21344/17396/14653
f 21336/17402/14659 21347/17401/14658 21668/17379/14635 21340/17400/14657
f 21333/17406/14663 21334/17405/14662 21666/17404/14661 21337/17403/14660
f 21328/17410/14667 21329/17409/14666 21661/17408/14665 21330/17407/14664
f 21324/17414/14671 21325/17413/14670 21663/17412/14669 21331/17411/14668
f 21321/17418/14675 21322/17417/14674 21662/17416/14673 21326/17415/14672
f 21319/17421/14678 21376/17420/14677 21676/17367/14623 21323/17419/14676
f 21314/17425/14682 21315/17424/14681 21657/17423/14680 21316/17422/14679
f 21311/17429/14686 21312/17428/14685 21659/17427/14684 21317/17426/14683
f 21308/17432/14689 21355/17431/14688 21670/17387/14643 21313/17430/14687
f 21305/17436/14693 21306/17435/14692 21658/17434/14691 21309/17433/14690
f 21301/17439/14696 21307/17438/14695 21657/17423/14680 21302/17437/14694
f 21297/17443/14700 21298/17442/14699 21655/17441/14698 21303/17440/14697
f 21293/17447/14704 21294/17446/14703 21654/17445/14702 21299/17444/14701
f 21291/17451/14708 21292/17450/14707 21653/17449/14706 21295/17448/14705
f 21286/17453/14709 21287/17453/14710 21649/17452/14710 21288/17452/14709
f 21282/17457/14712 21283/17456/14712 21651/17455/14711 21289/17454/14711
f 21279/17461/14712 21280/17460/14713 21650/17459/14713 21284/17458/14712
f 21277/17464/14709 21386/17463/14709 21687/17397/14711 21281/17462/14711
f 21272/17468/14717 21273/17467/14716 21645/17466/14715 21274/17465/14714
f 21268/17472/14721 21269/17471/14720 21647/17470/14719 21275/17469/14718
f 21265/17476/14725 21266/17475/14724 21646/17474/14723 21270/17473/14722
f 21263/17479/14728 21367/17478/14727 21674/17375/14631 21267/17477/14726
f 21258/17483/14732 21259/17482/14731 21640/17481/14730 21260/17480/14729
f 21254/17487/14736 21255/17486/14735 21643/17485/14734 21261/17484/14733
f 21250/17491/14740 21251/17490/14739 21642/17489/14738 21256/17488/14737
f 21247/17495/14744 21248/17494/14743 21641/17493/14742 21252/17492/14741
f 21242/17499/14748 21243/17498/14747 21636/17497/14746 21244/17496/14745
f 21239/17503/14752 21240/17502/14751 21638/17501/14750 21245/17500/14749
f 21236/17506/14755 21332/17505/14754 21663/17412/14669 21241/17504/14753
f 21233/17510/14759 21234/17509/14758 21637/17508/14757 21237/17507/14756
f 21228/17514/14760 21229/17513/14761 21632/17512/14761 21230/17511/14760
f 21224/17518/14763 21225/17517/14763 21634/17516/14762 21231/17515/14762
f 21221/17522/14763 21222/17521/14764 21633/17520/14764 21226/17519/14763
f 21219/17526/14760 21395/17525/14766 21686/17524/14765 21223/17523/14762
f 21214/17530/14770 21215/17529/14769 21628/17528/14768 21216/17527/14767
f 21210/17534/14774 21211/17533/14773 21630/17532/14772 21217/17531/14771
f 21207/17538/14778 21208/17537/14777 21629/17536/14776 21212/17535/14775
f 21205/17541/14781 21310/17540/14780 21658/17434/14691 21209/17539/14779
f 21200/17545/14782 21201/17544/14783 21624/17543/14783 21202/17542/14782
f 21196/17549/14787 21197/17548/14786 21626/17547/14785 21203/17546/14784
f 21193/17553/14791 21194/17552/14790 21625/17551/14789 21198/17550/14788
f 21191/17557/14782 21394/17556/14794 21685/17555/14793 21195/17554/14792
f 21186/17561/14797 21187/17560/14796 21620/17559/14796 21188/17558/14795
f 21183/17565/14801 21184/17564/14800 21622/17563/14799 21189/17562/14798
f 21180/17568/14804 21253/17567/14803 21641/17493/14742 21185/17566/14802
f 21177/17572/14808 21178/17571/14807 21621/17570/14806 21181/17569/14805
f 21174/17575/14811 21206/17574/14810 21628/17528/14768 21175/17573/14809
f 21172/17578/14814 21360/17577/14813 21671/17383/14639 21176/17576/14812
f 21169/17582/14818 21393/17581/14817 21684/17580/14816 21173/17579/14815
f 21167/17586/14822 21168/17585/14821 21618/17584/14820 21170/17583/14819
f 21163/17589/14825 21218/17588/14824 21630/17532/14772 21164/17587/14823
f 21159/17593/14829 21160/17592/14828 21616/17591/14827 21165/17590/14826
f 21156/17597/14833 21157/17596/14832 21615/17595/14831 21161/17594/14830
f 21155/17600/14836 21246/17599/14835 21638/17501/14750 21158/17598/14834
f 21151/17603/14837 21227/17602/14764 21633/17520/14764 21152/17601/14837
f 21148/17607/14839 21149/17606/14839 21613/17605/14838 21153/17604/14838
f 21146/17610/14839 21192/17609/14783 21624/17543/14783 21150/17608/14839
f 21145/17614/14837 21392/17613/14841 21683/17612/14840 21147/17611/14838
f 21140/17618/14845 21141/17617/14844 21610/17616/14843 21142/17615/14842
f 21137/17622/14849 21138/17621/14848 21611/17620/14847 21143/17619/14846
f 21135/17625/14852 21327/17624/14851 21662/17416/14673 21139/17623/14850
f 21133/17628/14855 21162/17627/14854 21615/17595/14831 21136/17626/14853
f 21129/17631/14858 21134/17630/14857 21610/17616/14843 21130/17629/14856
f 21126/17635/14862 21127/17634/14861 21608/17633/14860 21131/17632/14859
f 21123/17638/14865 21382/17637/14864 21683/17612/14840 21128/17636/14863
f 21121/17642/14869 21122/17641/14868 21607/17640/14867 21124/17639/14866
f 21118/17645/14872 21171/17644/14871 21618/17584/14820 21119/17643/14870
f 21116/17648/14875 21385/17647/14874 21686/17524/14765 21120/17646/14873
f 21114/17651/14878 21132/17650/14877 21608/17633/14860 21117/17649/14876
f 21113/17654/14881 21166/17653/14880 21616/17591/14827 21115/17652/14879
f 21108/17658/14885 21109/17657/14884 21603/17656/14883 21110/17655/14882
f 21105/17662/14889 21106/17661/14888 21604/17660/14887 21111/17659/14886
f 21103/17665/14892 21371/17664/14891 21675/17371/14627 21107/17663/14890
f 21101/17668/14895 21144/17667/14894 21611/17620/14847 21104/17666/14893
f 21098/17671/14898 21213/17670/14897 21629/17536/14776 21099/17669/14896
f 21095/17674/14901 21235/17673/14900 21636/17497/14746 21100/17672/14899
f 21092/17678/14905 21093/17677/14904 21601/17676/14903 21096/17675/14902
f 21091/17681/14908 21304/17680/14907 21655/17441/14698 21094/17679/14906
f 21088/17684/14911 21102/17683/14910 21603/17656/14883 21089/17682/14909
f 21086/17687/14914 21125/17686/14913 21607/17640/14867 21090/17685/14912
f 21084/17690/14917 21384/17689/14916 21685/17555/14793 21087/17688/14915
f 21083/17693/14920 21262/17692/14919 21643/17485/14734 21085/17691/14918
f 21079/17697/14922 21080/17696/14922 21598/17695/14921 21081/17694/14921
f 21077/17700/14922 21220/17699/14761 21632/17512/14761 21082/17698/14922
f 21075/17703/14924 21383/17702/14923 21684/17580/14816 21078/17701/14921
f 21073/17706/14924 21285/17705/14713 21650/17459/14713 21076/17704/14924
f 21070/17709/14927 21264/17708/14926 21645/17466/14715 21071/17707/14925
f 21068/17712/14930 21112/17711/14929 21604/17660/14887 21072/17710/14928
f 21065/17715/14933 21249/17714/14932 21640/17481/14730 21069/17713/14931
f 21063/17719/14937 21064/17718/14936 21596/17717/14935 21066/17716/14934
f 21059/17723/14941 21060/17722/14940 21592/17721/14939 21061/17720/14938
f 21056/17727/14944 21363/17726/14943 21673/17725/14619 21062/17724/14942
f 21052/17731/14948 21053/17730/14947 21594/17729/14946 21057/17728/14945
f 21049/17735/14952 21050/17734/14951 21593/17733/14950 21054/17732/14949
f 21044/17739/14956 21045/17738/14955 21587/17737/14954 21046/17736/14953
f 21040/17743/14960 21041/17742/14959 21590/17741/14958 21047/17740/14957
f 21036/17747/14964 21037/17746/14963 21589/17745/14962 21042/17744/14961
f 21033/17751/14968 21034/17750/14967 21588/17749/14966 21038/17748/14965
f 21030/17755/14972 21391/17754/14971 21682/17753/14970 21031/17752/14969
f 21027/17757/14975 21335/17757/14974 21665/17756/14651 21032/17756/14973
f 21024/17761/14979 21025/17760/14978 21585/17759/14977 21028/17758/14976
f 21023/17764/14982 21048/17763/14981 21590/17741/14958 21026/17762/14980
f 21019/17768/14986 21020/17767/14985 21582/17766/14984 21021/17765/14983
f 21017/17772/14989 21320/17771/14988 21661/17770/14665 21022/17769/14987
f 21014/17775/14992 21051/17774/14991 21592/17721/14939 21018/17773/14990
f 21011/17779/14996 21012/17778/14995 21583/17777/14994 21015/17776/14993
f 21006/17783/15000 21007/17782/14999 21578/17781/14998 21008/17780/14997
f 21002/17787/15004 21003/17786/15003 21580/17785/15002 21009/17784/15001
f 20999/17791/15008 21000/17790/15007 21579/17789/15006 21004/17788/15005
f 20997/17794/15011 21039/17793/15010 21588/17749/14966 21001/17792/15009
f 20993/17798/15015 20994/17797/15014 21575/17796/15013 20995/17795/15012
f 20990/17801/15018 21010/17800/15017 21580/17785/15002 20996/17799/15016
f 20987/17805/15022 20988/17804/15021 21576/17803/15020 20991/17802/15019
f 20985/17809/15025 21300/17808/15024 21654/17807/14702 20989/17806/15023
f 20981/17813/15027 20982/17812/15027 21572/17811/15026 20983/17810/15026
f 20979/17815/15027 21278/17815/14710 21649/17814/14710 20984/17814/15027
f 20976/17818/15028 21381/17817/15028 21682/17753/15026 20980/17816/15026
f 20973/17822/15028 20974/17821/15029 21573/17820/15029 20977/17819/15028
f 20968/17826/15033 20969/17825/15032 21569/17824/15031 20970/17823/15030
f 20965/17830/15037 20966/17829/15036 21570/17828/15035 20971/17827/15034
f 20963/17833/15040 21058/17832/15039 21594/17729/14946 20967/17831/15038
f 20961/17837/15043 21271/17836/15042 21646/17835/14723 20964/17834/15041
f 20956/17841/15047 20957/17840/15046 21564/17839/15045 20958/17838/15044
f 20952/17845/15051 20953/17844/15050 21567/17843/15049 20959/17842/15048
f 20948/17849/15055 20949/17848/15054 21566/17847/15053 20954/17846/15052
f 20945/17853/15059 20946/17852/15058 21565/17851/15057 20950/17850/15056
f 20940/17857/15063 20941/17856/15062 21561/17855/15061 20942/17854/15060
f 20937/17861/15067 20938/17860/15066 21562/17859/15065 20943/17858/15064
f 20935/17865/15070 21238/17864/15069 21637/17863/14757 20939/17862/15068
f 20933/17868/15073 21013/17867/15072 21582/17766/14984 20936/17866/15071
f 20928/17872/15075 20929/17871/15075 21557/17870/15074 20930/17869/15074
f 20925/17876/15075 20926/17875/15076 21559/17874/15076 20931/17873/15075
f 20922/17880/15079 21390/17879/15078 21681/17878/15077 20927/17877/15074
f 20919/17884/15079 20920/17883/15080 21558/17882/15080 20923/17881/15079
f 20914/17888/15084 20915/17887/15083 21553/17886/15082 20916/17885/15081
f 20911/17892/15088 20912/17891/15087 21555/17890/15086 20917/17889/15085
f 20908/17895/15091 21005/17894/15090 21579/17789/15006 20913/17893/15089
f 20905/17899/15095 20906/17898/15094 21554/17897/15093 20909/17896/15092
f 20900/17903/15098 20901/17902/15098 21549/17901/15097 20902/17900/15096
f 20897/17907/15100 20898/17906/15099 21551/17905/15099 20903/17904/15098
f 20894/17911/15104 21389/17910/15103 21680/17909/15102 20899/17908/15101
f 20891/17915/15108 20892/17914/15107 21550/17913/15106 20895/17912/15105
f 20887/17919/15112 20888/17918/15111 21546/17917/15110 20889/17916/15109
f 20884/17923/15115 21179/17922/15114 21620/17921/14796 20890/17920/15113
f 20881/17927/15119 20882/17926/15118 21547/17925/15117 20885/17924/15116
f 20879/17930/15122 20955/17929/15121 21566/17847/15053 20883/17928/15120
f 20876/17933/15125 21035/17932/15124 21587/17737/14954 20877/17931/15123
f 20873/17936/15128 20918/17935/15127 21555/17890/15086 20878/17934/15126
f 20870/17940/15132 20871/17939/15131 21544/17938/15130 20874/17937/15129
f 20869/17944/15136 21388/17943/15135 21679/17942/15134 20872/17941/15133
f 20865/17948/15140 20866/17947/15139 21541/17946/15138 20867/17945/15137
f 20863/17951/15143 20907/17950/15142 21553/17886/15082 20868/17949/15141
f 20860/17954/15146 20934/17953/15145 21561/17855/15061 20864/17952/15144
f 20857/17958/15150 20858/17957/15149 21542/17956/15148 20861/17955/15147
f 20853/17962/15152 20854/17961/15152 21539/17960/15151 20855/17959/15151
f 20851/17965/15152 20924/17964/15080 21558/17882/15080 20856/17963/15152
f 20849/17969/15155 21387/17968/15154 21678/17967/15153 20852/17966/15151
f 20847/17972/15155 20904/17971/15099 21551/17905/15099 20850/17970/15155
f 20842/17976/15159 20843/17975/15158 21536/17974/15157 20844/17973/15156
f 20839/17980/15163 20840/17979/15162 21537/17978/15161 20845/17977/15160
f 20837/17983/15166 20862/17982/15165 21542/17956/15148 20841/17981/15164
f 20835/17986/15169 21016/17985/15168 21583/17777/14994 20838/17984/15167
f 20831/17990/15173 20832/17989/15172 21533/17988/15171 20833/17987/15170
f 20828/17993/15176 20846/17992/15175 21537/17978/15161 20834/17991/15174
f 20825/17997/15180 20826/17996/15179 21534/17995/15178 20829/17994/15177
f 20823/18000/15183 21377/17999/15182 21678/17967/15153 20827/17998/15181
f 20820/18003/15186 21380/18002/15185 21681/17878/15077 20821/18001/15184
f 20818/18006/15189 20875/18005/15188 21544/17938/15130 20822/18004/15187
f 20816/18009/15192 20859/18008/15191 21541/17946/15138 20819/18007/15190
f 20815/18012/15195 20824/18011/15194 21533/17988/15171 20817/18010/15193
f 20810/18016/15199 20811/18015/15198 21529/18014/15197 20812/18013/15196
f 20807/18020/15203 20808/18019/15202 21530/18018/15201 20813/18017/15200
f 20805/18023/15206 20836/18022/15205 21536/17974/15157 20809/18021/15204
f 20803/18026/15209 21055/18025/15208 21593/17733/14950 20806/18024/15207
f 20800/18029/15212 20944/18028/15211 21562/17859/15065 20801/18027/15210
f 20798/18032/15215 20910/18031/15214 21554/17897/15093 20802/18030/15213
f 20796/18035/15218 20986/18034/15217 21575/17796/15013 20799/18033/15216
f 20795/18039/15221 21097/18038/15220 21601/18037/14903 20797/18036/15219
f 20792/18042/15224 20830/18041/15223 21534/17995/15178 20793/18040/15222
f 20790/18045/15227 20814/18044/15226 21530/18018/15201 20794/18043/15225
f 20788/18048/15230 20947/18047/15229 21564/17839/15045 20791/18046/15228
f 20787/18051/15233 21379/18050/15232 21680/17909/15102 20789/18049/15231
f 20783/18054/15234 20932/18053/15076 21559/17874/15076 20784/18052/15234
f 20780/18058/15236 20781/18057/15236 21525/18056/15235 20785/18055/15235
f 20778/18061/15236 20978/18060/15029 21573/17820/15029 20782/18059/15236
f 20777/18064/15234 21378/18063/15237 21679/17942/15134 20779/18062/15235
f 20774/18067/15240 20804/18066/15239 21529/18014/15197 20775/18065/15238
f 20771/18070/15243 20972/18069/15242 21570/17828/15035 20776/18068/15241
f 20768/18074/15247 20769/18073/15246 21523/18072/15245 20772/18071/15244
f 20767/18077/15250 20960/18076/15249 21567/17843/15049 20770/18075/15248
f 20762/18081/15254 20763/18080/15253 21519/18079/15252 20764/18078/15251
f 20758/18085/15258 20759/18084/15257 21521/18083/15256 20765/18082/15255
f 20755/18089/15262 20756/18088/15261 21520/18087/15260 20760/18086/15259
f 20753/18092/15265 21351/18091/15264 21669/17391/14647 20757/18090/15263
f 20749/18095/15268 20761/18094/15267 21520/18087/15260 20750/18093/15266
f 20745/18099/15272 20746/18098/15271 21517/18097/15270 20751/18096/15269
f 20742/18101/15276 20743/18101/15275 21516/18100/15274 20747/18100/15273
f 20741/18104/15279 21338/18103/15278 21666/17404/14661 20744/18102/15277
f 20736/18108/15283 20737/18107/15282 21513/18106/15281 20738/18105/15280
f 20733/18112/15287 20734/18111/15286 21514/18110/15285 20739/18109/15284
f 20731/18115/15290 20754/18114/15289 21519/18079/15252 20735/18113/15288
f 20729/18118/15293 21318/18117/15292 21659/17427/14684 20732/18116/15291
f 20724/18122/15297 20725/18121/15296 21510/18120/15295 20726/18119/15294
f 20721/18126/15301 20722/18125/15300 21511/18124/15299 20727/18123/15298
f 20719/18129/15304 20730/18128/15303 21513/18106/15281 20723/18127/15302
f 20717/18132/15307 21296/18131/15306 21653/17449/14706 20720/18130/15305
f 20712/18136/15311 20713/18135/15310 21506/18134/15309 20714/18133/15308
f 20708/18140/15315 20709/18139/15314 21508/18138/15313 20715/18137/15312
f 20705/18144/15319 20706/18143/15318 21507/18142/15317 20710/18141/15316
f 20703/18147/15322 21043/18146/15321 21589/17745/14962 20707/18145/15320
f 20699/18149/15325 20748/18149/15324 21516/18148/15274 20700/18148/15323
f 20696/18153/15329 20697/18152/15328 21504/18151/15327 20701/18150/15326
f 20694/18156/15332 20704/18155/15331 21506/18134/15309 20698/18154/15330
f 20693/18159/15335 21029/18158/15334 21585/17759/14977 20695/18157/15333
f 20689/18162/15338 20711/18161/15337 21507/18142/15317 20690/18160/15336
f 20685/18166/15342 20686/18165/15341 21502/18164/15340 20691/18163/15339
f 20682/18170/15346 20683/18169/15345 21501/18168/15344 20687/18167/15343
f 20681/18173/15349 20998/18172/15348 21578/17781/14998 20684/18171/15347
f 20677/18176/15352 20688/18175/15351 21501/18168/15344 20678/18174/15350
f 20674/18180/15356 20675/18179/15355 21499/18178/15354 20679/18177/15353
f 20672/18184/15359 20718/18183/15358 21510/18182/15295 20676/18181/15357
f 20671/18187/15362 20992/18186/15361 21576/17803/15020 20673/18185/15360
f 20666/18191/15366 20667/18190/15365 21495/18189/15364 20668/18188/15363
f 20662/18195/15370 20663/18194/15369 21497/18193/15368 20669/18192/15367
f 20659/18199/15374 20660/18198/15373 21496/18197/15372 20664/18196/15371
f 20657/18202/15377 20766/18201/15376 21521/18083/15256 20661/18200/15375
f 20653/18205/15380 20665/18204/15379 21496/18197/15372 20654/18203/15378
f 20649/18209/15384 20650/18208/15383 21493/18207/15382 20655/18206/15381
f 20646/18211/15388 20647/18211/15387 21492/18210/15386 20651/18210/15385
f 20645/18214/15391 20752/18213/15390 21517/18097/15270 20648/18212/15389
f 20640/18218/15395 20641/18217/15394 21489/18216/15393 20642/18215/15392
f 20637/18222/15399 20638/18221/15398 21490/18220/15397 20643/18219/15396
f 20635/18224/15402 20658/18189/15401 21495/18189/15364 20639/18223/15400
f 20633/18227/15405 20740/18226/15404 21514/18110/15285 20636/18225/15403
f 20628/18231/15409 20629/18230/15408 21486/18229/15407 20630/18228/15406
f 20625/18235/15413 20626/18234/15412 21487/18233/15411 20631/18232/15410
f 20623/18238/15416 20634/18237/15415 21489/18216/15393 20627/18236/15414
f 20621/18241/15419 20728/18240/15418 21511/18124/15299 20624/18239/15417
f 20616/18245/15423 20617/18244/15422 21482/18243/15421 20618/18242/15420
f 20612/18249/15427 20613/18248/15426 21484/18247/15425 20619/18246/15424
f 20609/18252/15431 20610/18251/15430 21483/18251/15429 20614/18250/15428
f 20607/18255/15434 20716/18254/15433 21508/18138/15313 20611/18253/15432
f 20603/18257/15437 20652/18257/15436 21492/18256/15386 20604/18256/15435
f 20600/18261/15441 20601/18260/15440 21480/18259/15439 20605/18258/15438
f 20598/18264/15444 20608/18263/15443 21482/18243/15421 20602/18262/15442
f 20597/18267/15447 20702/18266/15446 21504/18151/15327 20599/18265/15445
f 20593/18270/15450 20615/18269/15449 21483/18251/15429 20594/18268/15448
f 20589/18274/15454 20590/18273/15453 21478/18272/15452 20595/18271/15451
f 20586/18278/15458 20587/18277/15457 21477/18276/15456 20591/18275/15455
f 20585/18281/15461 20692/18280/15460 21502/18164/15340 20588/18279/15459
f 20581/18284/15464 20592/18283/15463 21477/18276/15456 20582/18282/15462
f 20578/18288/15468 20579/18287/15467 21475/18286/15466 20583/18285/15465
f 20576/18292/15471 20622/18291/15470 21486/18290/15407 20580/18289/15469
f 20575/18295/15474 20680/18294/15473 21499/18178/15354 20577/18293/15472
f 20570/18299/15478 20571/18298/15477 21471/18297/15476 20572/18296/15475
f 20566/18303/15482 20567/18302/15481 21473/18301/15480 20573/18300/15479
f 20563/18307/15486 20564/18306/15485 21472/18305/15484 20568/18304/15483
f 20561/18310/15489 20670/18309/15488 21497/18193/15368 20565/18308/15487
f 20557/18313/15492 20569/18312/15491 21472/18305/15484 20558/18311/15490
f 20553/18317/15496 20554/18316/15495 21469/18315/15494 20559/18314/15493
f 20550/18319/15500 20551/18319/15499 21468/18318/15498 20555/18318/15497
f 20549/18322/15503 20656/18321/15502 21493/18207/15382 20552/18320/15501
f 20544/18326/15507 20545/18325/15506 21465/18324/15505 20546/18323/15504
f 20541/18330/15511 20542/18329/15510 21466/18328/15509 20547/18327/15508
f 20539/18333/15514 20562/18332/15513 21471/18297/15476 20543/18331/15512
f 20537/18336/15517 20644/18335/15516 21490/18220/15397 20540/18334/15515
f 20532/18340/15521 20533/18339/15520 21462/18338/15519 20534/18337/15518
f 20529/18344/15525 20530/18343/15524 21463/18342/15523 20535/18341/15522
f 20527/18347/15528 20538/18346/15527 21465/18324/15505 20531/18345/15526
f 20525/18350/15531 20632/18349/15530 21487/18233/15411 20528/18348/15529
f 20520/18354/15535 20521/18353/15534 21458/18352/15533 20522/18351/15532
f 20516/18356/15539 20517/18355/15538 21460/18301/15537 20523/18300/15536
f 20513/18360/15543 20514/18359/15542 21459/18358/15541 20518/18357/15540
f 20511/18363/15546 20620/18362/15545 21484/18247/15425 20515/18361/15544
f 20507/18365/15549 20556/18365/15548 21468/18364/15498 20508/18364/15547
f 20504/18367/15553 20505/18366/15552 21456/18315/15551 20509/18314/15550
f 20502/18370/15556 20512/18369/15555 21458/18352/15533 20506/18368/15554
f 20501/18373/15559 20606/18372/15558 21480/18259/15439 20503/18371/15557
f 20497/18376/15562 20519/18375/15561 21459/18358/15541 20498/18374/15560
f 20493/18378/15566 20494/18377/15565 21454/18328/15564 20499/18327/15563
f 20490/18382/15570 20491/18381/15569 21453/18380/15568 20495/18379/15567
f 20489/18385/15573 20596/18384/15572 21478/18272/15452 20492/18383/15571
f 20485/18388/15576 20496/18387/15575 21453/18380/15568 20486/18386/15574
f 20482/18390/15580 20483/18389/15579 21451/18342/15578 20487/18341/15577
f 20480/18394/15583 20526/18393/15582 21462/18392/15519 20484/18391/15581
f 20479/18397/15586 20584/18396/15585 21475/18286/15466 20481/18395/15584
f 20474/18401/15590 20475/18400/15589 21447/18399/15588 20476/18398/15587
f 20470/18405/15594 20471/18404/15593 21449/18403/15592 20477/18402/15591
f 20467/18409/15598 20468/18408/15597 21448/18407/15596 20472/18406/15595
f 20465/18412/15601 21276/18411/15600 21647/17470/14719 20469/18410/15599
f 20460/18416/15605 20461/18415/15604 21443/18414/15603 20462/18413/15602
f 20456/18420/15609 20457/18419/15608 21445/18418/15607 20463/18417/15606
f 20453/18424/15613 20454/18423/15612 21444/18422/15611 20458/18421/15610
f 20451/18427/15616 21190/18426/15615 21622/17563/14799 20455/18425/15614
f 20447/18430/15619 20459/18429/15618 21444/18422/15611 20448/18428/15617
f 20444/18434/15623 20445/18433/15622 21441/18432/15621 20449/18431/15620
f 20442/18437/15626 20466/18436/15625 21447/18399/15588 20446/18435/15624
f 20441/18440/15629 21067/18439/15628 21596/17717/14935 20443/18438/15627
f 20437/18444/15632 20473/18443/15631 21448/18442/15596 20438/18441/15630
f 20433/18448/15636 20434/18447/15635 21439/18446/15634 20439/18445/15633
f 20430/18452/15640 20431/18451/15639 21438/18450/15638 20435/18449/15637
f 20429/18455/15643 20962/18454/15642 21569/17824/15031 20432/18453/15641
f 20424/18459/15647 20425/18458/15646 21435/18457/15645 20426/18456/15644
f 20421/18463/15651 20422/18462/15650 21436/18461/15649 20427/18460/15648
f 20419/18466/15654 20452/18466/15653 21443/18465/15603 20423/18464/15652
f 20417/18469/15657 20880/18468/15656 21546/17917/15110 20420/18467/15655
f 20413/18472/15660 20436/18471/15659 21438/18450/15638 20414/18470/15658
f 20410/18476/15664 20411/18475/15663 21433/18474/15662 20415/18473/15661
f 20408/18479/15667 20418/18478/15666 21435/18457/15645 20412/18477/15665
f 20407/18482/15670 20773/18481/15669 21523/18072/15245 20409/18480/15668
f 20402/18486/15674 20403/18485/15673 21429/18484/15672 20404/18483/15671
f 20398/18490/15678 20399/18489/15677 21431/18488/15676 20405/18487/15675
f 20395/18494/15682 20396/18493/15681 21430/18492/15680 20400/18491/15679
f 20393/18497/15685 20478/18496/15684 21449/18403/15592 20397/18495/15683
f 20388/18501/15689 20389/18500/15688 21425/18499/15687 20390/18498/15686
f 20384/18505/15693 20385/18504/15692 21427/18503/15691 20391/18502/15690
f 20381/18509/15697 20382/18508/15696 21426/18507/15695 20386/18506/15694
f 20379/18512/15700 20464/18511/15699 21445/18418/15607 20383/18510/15698
f 20375/18515/15703 20387/18514/15702 21426/18507/15695 20376/18513/15701
f 20372/18519/15707 20373/18518/15706 21423/18517/15705 20377/18516/15704
f 20370/18522/15710 20394/18521/15709 21429/18484/15672 20374/18520/15708
f 20369/18525/15713 20450/18524/15712 21441/18432/15621 20371/18523/15711
f 20365/18529/15716 20401/18528/15715 21430/18527/15680 20366/18526/15714
f 20361/18533/15720 20362/18532/15719 21421/18531/15718 20367/18530/15717
f 20358/18537/15724 20359/18536/15723 21420/18535/15722 20363/18534/15721
f 20357/18540/15727 20440/18539/15726 21439/18446/15634 20360/18538/15725
f 20352/18544/15731 20353/18543/15730 21417/18542/15729 20354/18541/15728
f 20349/18548/15735 20350/18547/15734 21418/18546/15733 20355/18545/15732
f 20347/18552/15738 20380/18551/15737 21425/18550/15687 20351/18549/15736
f 20345/18555/15741 20428/18554/15740 21436/18461/15649 20348/18553/15739
f 20341/18558/15744 20364/18557/15743 21420/18535/15722 20342/18556/15742
f 20338/18562/15748 20339/18561/15747 21415/18560/15746 20343/18559/15745
f 20336/18565/15751 20346/18564/15750 21417/18542/15729 20340/18563/15749
f 20335/18568/15754 20416/18567/15753 21433/18474/15662 20337/18566/15752
f 20213/18570/15756 21451/18342/15578 20483/18389/15579 20212/18569/15755
f 20189/18572/15758 21460/18301/15537 20517/18355/15538 20220/18571/15757
f 20323/18576/15762 20324/18575/15761 21412/18574/15760 20328/18573/15759
f 20321/18579/15765 20406/18578/15764 21431/18488/15676 20325/18577/15763
f 20214/18580/15767 20488/18343/15766 21451/18342/15578 20213/18570/15756
f 20190/18581/15769 20524/18302/15768 21460/18301/15537 20189/18572/15758
f 20310/18585/15773 20311/18584/15772 21408/18583/15771 20314/18582/15770
f 20308/18588/15776 20392/18587/15775 21427/18503/15691 20312/18586/15774
f 20215/18590/15778 21706/18589/15777 20488/18343/15766 20214/18580/15767
f 20191/18592/15780 21708/18591/15779 20524/18302/15768 20190/18581/15769
f 20304/18596/15784 20322/18595/15783 21411/18594/15782 20306/18593/15781
f 20303/18599/15787 20378/18598/15786 21423/18517/15705 20305/18597/15785
f 20216/18600/15788 20494/18377/15565 21706/18589/15777 20215/18590/15778
f 20192/18601/15789 20505/18366/15552 21708/18591/15779 20191/18592/15780
f 20298/18605/15793 20299/18604/15792 21402/18603/15791 20301/18602/15790
f 20297/18608/15796 20368/18607/15795 21421/18531/15718 20300/18606/15794
f 20217/18609/15797 21454/18328/15564 20494/18377/15565 20216/18600/15788
f 20193/18610/15798 21456/18315/15551 20505/18366/15552 20192/18601/15789
f 20293/18614/15802 20309/18613/15801 21407/18612/15800 20295/18611/15799
f 20291/18617/15805 20356/18616/15804 21418/18546/15733 20294/18615/15803
f 20218/18618/15807 20500/18329/15806 21454/18328/15564 20217/18609/15797
f 20194/18619/15809 20510/18316/15808 21456/18315/15551 20193/18610/15798
f 20287/18623/15813 20292/18622/15812 21399/18621/15811 20289/18620/15810
f 20286/18626/15816 20344/18625/15815 21415/18560/15746 20288/18624/15814
f 21373/17364/14620 21372/17365/14621 21376/17420/14677 21781/18627/15817
f 21372/17365/14621 21375/17366/14622 21676/17367/14623 21376/17420/14677
f 21372/17365/14621 21374/17362/14618 21677/18628/15818 21375/17366/14622
f 21369/17368/14624 21368/17369/14625 21371/17664/14891 21771/18629/15819
f 21368/17369/14625 21370/17370/14626 21675/17371/14627 21371/17664/14891
f 21368/17369/14625 21375/17366/14622 21677/18628/15818 21370/17370/14626
f 21365/17372/14628 21364/17373/14629 21367/17478/14727 21767/18630/15820
f 21364/17373/14629 21366/17374/14630 21674/17375/14631 21367/17478/14727
f 21364/17373/14629 21370/17370/14626 21677/18628/15818 21366/17374/14630
f 21362/17376/14632 21361/17377/14633 21363/18632/14943 21782/18631/15821
f 21361/17377/14633 21374/17362/14618 21673/17363/14619 21363/18632/14943
f 21361/17377/14633 21366/17374/14630 21677/18628/15818 21374/17362/14618
f 21357/17380/14636 21356/17381/14637 21360/17577/14813 21784/18633/15822
f 21356/17381/14637 21359/17382/14638 21671/17383/14639 21360/17577/14813
f 21356/17381/14637 21358/17378/14634 21672/18634/15823 21359/17382/14638
f 21353/17384/14640 21352/17385/14641 21355/17431/14688 21758/18635/15824
f 21352/17385/14641 21354/17386/14642 21670/17387/14643 21355/17431/14688
f 21352/17385/14641 21359/17382/14638 21672/18634/15823 21354/17386/14642
f 21349/17388/14644 21348/17389/14645 21351/18091/15264 21770/18636/15825
f 21348/17389/14645 21350/17390/14646 21669/17391/14647 21351/18091/15264
f 21348/17389/14645 21354/17386/14642 21672/18634/15823 21350/17390/14646
f 21346/17392/14648 21345/17393/14649 21347/17401/14658 21793/18637/15826
f 21345/17393/14649 21358/17378/14634 21668/17379/14635 21347/17401/14658
f 21345/17393/14649 21350/17390/14646 21672/18634/15823 21358/17378/14634
f 21342/17395/15828 21341/17395/14652 21386/17463/15827 21786/17463/14651
f 21341/17395/14652 21344/17396/14653 21687/17397/14654 21386/17463/15827
f 21341/17395/14652 21343/17394/14650 21667/18638/15829 21344/17396/14653
f 21396/17398/14655 21339/17399/14656 21357/17380/14636 21784/18633/15830
f 21339/17399/14656 21340/17400/14657 21668/17379/14635 21357/17380/14636
f 21339/17399/14656 21344/17396/14653 21667/18638/15829 21340/17400/14657
f 21347/17401/14658 21336/17402/14659 21338/18103/15278 21793/18637/15826
f 21336/17402/14659 21337/17403/14660 21666/17404/14661 21338/18103/15278
f 21336/17402/14659 21340/17400/14657 21667/18638/15829 21337/17403/14660
f 21334/17405/14662 21333/17406/14663 21335/17406/14974 21787/17405/15831
f 21333/17406/14663 21343/17394/14650 21665/17394/14651 21335/17406/14974
f 21333/17406/14663 21337/17403/14660 21667/18638/15829 21343/17394/14650
f 21329/17409/14666 21328/17410/14667 21332/17505/14754 21785/18639/15832
f 21328/17410/14667 21331/17411/14668 21663/17412/14669 21332/17505/14754
f 21328/17410/14667 21330/17407/14664 21664/18640/15833 21331/17411/14668
f 21325/17413/14670 21324/17414/14671 21327/17624/14851 21775/18641/15834
f 21324/17414/14671 21326/17415/14672 21662/17416/14673 21327/17624/14851
f 21324/17414/14671 21331/17411/14668 21664/18640/15833 21326/17415/14672
f 21322/17417/14674 21321/17418/14675 21369/17368/14624 21771/18629/15819
f 21321/17418/14675 21323/17419/14676 21676/17367/14623 21369/17368/14624
f 21321/17418/14675 21326/17415/14672 21664/18640/15833 21323/17419/14676
f 21376/17420/14677 21319/17421/14678 21320/18642/14988 21781/18627/15817
f 21319/17421/14678 21330/17407/14664 21661/17408/14665 21320/18642/14988
f 21319/17421/14678 21323/17419/14676 21664/18640/15833 21330/17407/14664
f 21315/17424/14681 21314/17425/14682 21318/18117/15292 21792/18643/15835
f 21314/17425/14682 21317/17426/14683 21659/17427/14684 21318/18117/15292
f 21314/17425/14682 21316/17422/14679 21660/18644/15836 21317/17426/14683
f 21312/17428/14685 21311/17429/14686 21349/17388/14644 21770/18636/15825
f 21311/17429/14686 21313/17430/14687 21670/17387/14643 21349/17388/14644
f 21311/17429/14686 21317/17426/14683 21660/18644/15836 21313/17430/14687
f 21355/17431/14688 21308/17432/14689 21310/17540/14780 21758/18635/15824
f 21308/17432/14689 21309/17433/14690 21658/17434/14691 21310/17540/14780
f 21308/17432/14689 21313/17430/14687 21660/18644/15836 21309/17433/14690
f 21306/17435/14692 21305/17436/14693 21307/17438/14695 21783/18645/15837
f 21305/17436/14693 21316/17422/14679 21657/17423/14680 21307/17438/14695
f 21305/17436/14693 21309/17433/14690 21660/18644/15836 21316/17422/14679
f 21307/17438/14695 21301/17439/14696 21304/17680/14907 21783/18645/15837
f 21301/17439/14696 21303/17440/14697 21655/17441/14698 21304/17680/14907
f 21301/17439/14696 21302/17437/14694 21656/18646/15838 21303/17440/14697
f 21298/17442/14699 21297/17443/14700 21300/18648/15024 21791/18647/15839
f 21297/17443/14700 21299/17444/14701 21654/17445/14702 21300/18648/15024
f 21297/17443/14700 21303/17440/14697 21656/18646/15838 21299/17444/14701
f 21294/17446/14703 21293/17447/14704 21296/18131/15306 21761/18649/15840
f 21293/17447/14704 21295/17448/14705 21653/17449/14706 21296/18131/15306
f 21293/17447/14704 21299/17444/14701 21656/18646/15838 21295/17448/14705
f 21292/17450/14707 21291/17451/14708 21315/17424/14681 21792/18643/15835
f 21291/17451/14708 21302/17437/14694 21657/17423/14680 21315/17424/14681
f 21291/17451/14708 21295/17448/14705 21656/18646/15838 21302/17437/14694
f 21287/17453/14710 21286/17453/14709 21290/18650/14709 21762/18650/14710
f 21286/17453/14709 21289/17454/14711 21651/17455/14711 21290/18650/14709
f 21286/17453/14709 21288/17452/14709 21652/18651/14711 21289/17454/14711
f 21283/17456/14712 21282/17457/14712 21285/17705/14713 21757/18652/14713
f 21282/17457/14712 21284/17458/14712 21650/17459/14713 21285/17705/14713
f 21282/17457/14712 21289/17454/14711 21652/18651/14711 21284/17458/14712
f 21280/17460/14713 21279/17461/14712 21396/17398/14712 21784/18633/15841
f 21279/17461/14712 21281/17462/14711 21687/17397/14711 21396/17398/14712
f 21279/17461/14712 21284/17458/14712 21652/18651/14711 21281/17462/14711
f 21386/17463/14709 21277/17464/14709 21278/17464/14710 21786/17463/14710
f 21277/17464/14709 21288/17452/14709 21649/17452/14710 21278/17464/14710
f 21277/17464/14709 21281/17462/14711 21652/18651/14711 21288/17452/14709
f 21273/17467/14716 21272/17468/14717 21276/18411/15600 21763/18653/15842
f 21272/17468/14717 21275/17469/14718 21647/17470/14719 21276/18411/15600
f 21272/17468/14717 21274/17465/14714 21648/18654/15843 21275/17469/14718
f 21269/17471/14720 21268/17472/14721 21271/18656/15042 21788/18655/15844
f 21268/17472/14721 21270/17473/14722 21646/17474/14723 21271/18656/15042
f 21268/17472/14721 21275/17469/14718 21648/18654/15843 21270/17473/14722
f 21266/17475/14724 21265/17476/14725 21362/17376/14632 21782/18631/15821
f 21265/17476/14725 21267/17477/14726 21674/17375/14631 21362/17376/14632
f 21265/17476/14725 21270/17473/14722 21648/18654/15843 21267/17477/14726
f 21367/17478/14727 21263/17479/14728 21264/17708/14926 21767/18630/15820
f 21263/17479/14728 21274/17465/14714 21645/17466/14715 21264/17708/14926
f 21263/17479/14728 21267/17477/14726 21648/18654/15843 21274/17465/14714
f 21259/17482/14731 21258/17483/14732 21262/17692/14919 21777/18657/15845
f 21258/17483/14732 21261/17484/14733 21643/17485/14734 21262/17692/14919
f 21258/17483/14732 21260/17480/14729 21644/18658/15846 21261/17484/14733
f 21255/17486/14735 21254/17487/14736 21257/18660/15848 21768/18659/15847
f 21254/17487/14736 21256/17488/14737 21642/17489/14738 21257/18660/15848
f 21254/17487/14736 21261/17484/14733 21644/18658/15846 21256/17488/14737
f 21251/17490/14739 21250/17491/14740 21253/17567/14803 21764/18661/15849
f 21250/17491/14740 21252/17492/14741 21641/17493/14742 21253/17567/14803
f 21250/17491/14740 21256/17488/14737 21644/18658/15846 21252/17492/14741
f 21248/17494/14743 21247/17495/14744 21249/17714/14932 21766/18662/15850
f 21247/17495/14744 21260/17480/14729 21640/17481/14730 21249/17714/14932
f 21247/17495/14744 21252/17492/14741 21644/18658/15846 21260/17480/14729
f 21243/17498/14747 21242/17499/14748 21246/17599/14835 21759/18663/15851
f 21242/17499/14748 21245/17500/14749 21638/17501/14750 21246/17599/14835
f 21242/17499/14748 21244/17496/14745 21639/18664/15852 21245/17500/14749
f 21240/17502/14751 21239/17503/14752 21325/17413/14670 21775/18641/15834
f 21239/17503/14752 21241/17504/14753 21663/17412/14669 21325/17413/14670
f 21239/17503/14752 21245/17500/14749 21639/18664/15852 21241/17504/14753
f 21332/17505/14754 21236/17506/14755 21238/18665/15069 21785/18639/15832
f 21236/17506/14755 21237/17507/14756 21637/17508/14757 21238/18665/15069
f 21236/17506/14755 21241/17504/14753 21639/18664/15852 21237/17507/14756
f 21234/17509/14758 21233/17510/14759 21235/17673/14900 21790/18666/15853
f 21233/17510/14759 21244/17496/14745 21636/17497/14746 21235/17673/14900
f 21233/17510/14759 21237/17507/14756 21639/18664/15852 21244/17496/14745
f 21229/17513/14761 21228/17514/14760 21232/18668/14760 21779/18667/14761
f 21228/17514/14760 21231/17515/14762 21634/17516/14762 21232/18668/14760
f 21228/17514/14760 21230/17511/14760 21635/18669/14762 21231/17515/14762
f 21225/17517/14763 21224/17518/14763 21227/17602/14764 21778/18670/14764
f 21224/17518/14763 21226/17519/14763 21633/17520/14764 21227/17602/14764
f 21224/17518/14763 21231/17515/14762 21635/18669/14762 21226/17519/14763
f 21222/17521/14764 21221/17522/14763 21385/17647/14874 21776/18671/15854
f 21221/17522/14763 21223/17523/14762 21686/17524/14765 21385/17647/14874
f 21221/17522/14763 21226/17519/14763 21635/18669/14762 21223/17523/14762
f 21395/17525/14766 21219/17526/14760 21220/17699/14761 21756/18672/15855
f 21219/17526/14760 21230/17511/14760 21632/17512/14761 21220/17699/14761
f 21219/17526/14760 21223/17523/14762 21635/18669/14762 21230/17511/14760
f 21215/17529/14769 21214/17530/14770 21218/17588/14824 21780/18673/15856
f 21214/17530/14770 21217/17531/14771 21630/17532/14772 21218/17588/14824
f 21214/17530/14770 21216/17527/14767 21631/18674/15857 21217/17531/14771
f 21211/17533/14773 21210/17534/14774 21213/17670/14897 21759/18663/15851
f 21210/17534/14774 21212/17535/14775 21629/17536/14776 21213/17670/14897
f 21210/17534/14774 21217/17531/14771 21631/18674/15857 21212/17535/14775
f 21208/17537/14777 21207/17538/14778 21306/17435/14692 21783/18645/15837
f 21207/17538/14778 21209/17539/14779 21658/17434/14691 21306/17435/14692
f 21207/17538/14778 21212/17535/14775 21631/18674/15857 21209/17539/14779
f 21310/17540/14780 21205/17541/14781 21206/17574/14810 21758/18635/15824
f 21205/17541/14781 21216/17527/14767 21628/17528/14768 21206/17574/14810
f 21205/17541/14781 21209/17539/14779 21631/18674/15857 21216/17527/14767
f 21201/17544/14783 21200/17545/14782 21204/18676/14782 21769/18675/14783
f 21200/17545/14782 21203/17546/14784 21626/17547/14785 21204/18676/14782
f 21200/17545/14782 21202/17542/14782 21627/18677/15858 21203/17546/14784
f 21197/17548/14786 21196/17549/14787 21199/18679/15860 21765/18678/15859
f 21196/17549/14787 21198/17550/14788 21625/17551/14789 21199/18679/15860
f 21196/17549/14787 21203/17546/14784 21627/18677/15858 21198/17550/14788
f 21194/17552/14790 21193/17553/14791 21384/17689/14916 21768/18659/15847
f 21193/17553/14791 21195/17554/14792 21685/17555/14793 21384/17689/14916
f 21193/17553/14791 21198/17550/14788 21627/18677/15858 21195/17554/14792
f 21394/17556/14794 21191/17557/14782 21192/17609/14783 21772/18680/15861
f 21191/17557/14782 21202/17542/14782 21624/17543/14783 21192/17609/14783
f 21191/17557/14782 21195/17554/14792 21627/18677/15858 21202/17542/14782
f 21187/17560/14796 21186/17561/14797 21190/18426/15615 21760/18681/15862
f 21186/17561/14797 21189/17562/14798 21622/17563/14799 21190/18426/15615
f 21186/17561/14797 21188/17558/14795 21623/18682/15863 21189/17562/14798
f 21184/17564/14800 21183/17565/14801 21248/17494/14743 21766/18662/15850
f 21183/17565/14801 21185/17566/14802 21641/17493/14742 21248/17494/14743
f 21183/17565/14801 21189/17562/14798 21623/18682/15863 21185/17566/14802
f 21253/17567/14803 21180/17568/14804 21182/18683/15864 21764/18661/15849
f 21180/17568/14804 21181/17569/14805 21621/17570/14806 21182/18683/15864
f 21180/17568/14804 21185/17566/14802 21623/18682/15863 21181/17569/14805
f 21178/17571/14807 21177/17572/14808 21179/18685/15114 21789/18684/14796
f 21177/17572/14808 21188/17558/14795 21620/17559/14796 21179/18685/15114
f 21177/17572/14808 21181/17569/14805 21623/18682/15863 21188/17558/14795
f 21206/17574/14810 21174/17575/14811 21353/17384/14640 21758/18635/15824
f 21174/17575/14811 21176/17576/14812 21671/17383/14639 21353/17384/14640
f 21174/17575/14811 21175/17573/14809 21619/18686/15865 21176/17576/14812
f 21360/17577/14813 21172/17578/14814 21383/17702/14923 21784/18633/15822
f 21172/17578/14814 21173/17579/14815 21684/17580/14816 21383/17702/14923
f 21172/17578/14814 21176/17576/14812 21619/18686/15865 21173/17579/14815
f 21393/17581/14817 21169/17582/14818 21171/17644/14871 21756/18672/15855
f 21169/17582/14818 21170/17583/14819 21618/17584/14820 21171/17644/14871
f 21169/17582/14818 21173/17579/14815 21619/18686/15865 21170/17583/14819
f 21168/17585/14821 21167/17586/14822 21215/17529/14769 21780/18673/15856
f 21167/17586/14822 21175/17573/14809 21628/17528/14768 21215/17529/14769
f 21167/17586/14822 21170/17583/14819 21619/18686/15865 21175/17573/14809
f 21218/17588/14824 21163/17589/14825 21166/17653/14880 21780/18673/15856
f 21163/17589/14825 21165/17590/14826 21616/17591/14827 21166/17653/14880
f 21163/17589/14825 21164/17587/14823 21617/18687/15866 21165/17590/14826
f 21160/17592/14828 21159/17593/14829 21162/17627/14854 21773/18688/15867
f 21159/17593/14829 21161/17594/14830 21615/17595/14831 21162/17627/14854
f 21159/17593/14829 21165/17590/14826 21617/18687/15866 21161/17594/14830
f 21157/17596/14832 21156/17597/14833 21240/17502/14751 21775/18641/15834
f 21156/17597/14833 21158/17598/14834 21638/17501/14750 21240/17502/14751
f 21156/17597/14833 21161/17594/14830 21617/18687/15866 21158/17598/14834
f 21246/17599/14835 21155/17600/14836 21211/17533/14773 21759/18663/15851
f 21155/17600/14836 21164/17587/14823 21630/17532/14772 21211/17533/14773
f 21155/17600/14836 21158/17598/14834 21617/18687/15866 21164/17587/14823
f 21227/17602/14764 21151/17603/14837 21154/18689/14837 21778/18670/14764
f 21151/17603/14837 21153/17604/14838 21613/17605/14838 21154/18689/14837
f 21151/17603/14837 21152/17601/14837 21614/18690/14838 21153/17604/14838
f 21149/17606/14839 21148/17607/14839 21201/17544/14783 21769/18675/14783
f 21148/17607/14839 21150/17608/14839 21624/17543/14783 21201/17544/14783
f 21148/17607/14839 21153/17604/14838 21614/18690/14838 21150/17608/14839
f 21192/17609/14783 21146/17610/14839 21382/17637/14864 21772/18680/15861
f 21146/17610/14839 21147/17611/14838 21683/17612/14840 21382/17637/14864
f 21146/17610/14839 21150/17608/14839 21614/18690/14838 21147/17611/14838
f 21392/17613/14841 21145/17614/14837 21222/17521/14764 21776/18671/15854
f 21145/17614/14837 21152/17601/14837 21633/17520/14764 21222/17521/14764
f 21145/17614/14837 21147/17611/14838 21614/18690/14838 21152/17601/14837
f 21141/17617/14844 21140/17618/14845 21144/17667/14894 21774/18691/15868
f 21140/17618/14845 21143/17619/14846 21611/17620/14847 21144/17667/14894
f 21140/17618/14845 21142/17615/14842 21612/18692/15869 21143/17619/14846
f 21138/17621/14848 21137/17622/14849 21322/17417/14674 21771/18629/15819
f 21137/17622/14849 21139/17623/14850 21662/17416/14673 21322/17417/14674
f 21137/17622/14849 21143/17619/14846 21612/18692/15869 21139/17623/14850
f 21327/17624/14851 21135/17625/14852 21157/17596/14832 21775/18641/15834
f 21135/17625/14852 21136/17626/14853 21615/17595/14831 21157/17596/14832
f 21135/17625/14852 21139/17623/14850 21612/18692/15869 21136/17626/14853
f 21162/17627/14854 21133/17628/14855 21134/17630/14857 21773/18688/15867
f 21133/17628/14855 21142/17615/14842 21610/17616/14843 21134/17630/14857
f 21133/17628/14855 21136/17626/14853 21612/18692/15869 21142/17615/14842
f 21134/17630/14857 21129/17631/14858 21132/17650/14877 21773/18688/15867
f 21129/17631/14858 21131/17632/14859 21608/17633/14860 21132/17650/14877
f 21129/17631/14858 21130/17629/14856 21609/18693/15870 21131/17632/14859
f 21127/17634/14861 21126/17635/14862 21392/17613/14841 21776/18671/15854
f 21126/17635/14862 21128/17636/14863 21683/17612/14840 21392/17613/14841
f 21126/17635/14862 21131/17632/14859 21609/18693/15870 21128/17636/14863
f 21382/17637/14864 21123/17638/14865 21125/17686/14913 21772/18680/15861
f 21123/17638/14865 21124/17639/14866 21607/17640/14867 21125/17686/14913
f 21123/17638/14865 21128/17636/14863 21609/18693/15870 21124/17639/14866
f 21122/17641/14868 21121/17642/14869 21141/17617/14844 21774/18691/15868
f 21121/17642/14869 21130/17629/14856 21610/17616/14843 21141/17617/14844
f 21121/17642/14869 21124/17639/14866 21609/18693/15870 21130/17629/14856
f 21171/17644/14871 21118/17645/14872 21395/17525/14766 21756/18672/15855
f 21118/17645/14872 21120/17646/14873 21686/17524/14765 21395/17525/14766
f 21118/17645/14872 21119/17643/14870 21606/18694/15871 21120/17646/14873
f 21385/17647/14874 21116/17648/14875 21127/17634/14861 21776/18671/15854
f 21116/17648/14875 21117/17649/14876 21608/17633/14860 21127/17634/14861
f 21116/17648/14875 21120/17646/14873 21606/18694/15871 21117/17649/14876
f 21132/17650/14877 21114/17651/14878 21160/17592/14828 21773/18688/15867
f 21114/17651/14878 21115/17652/14879 21616/17591/14827 21160/17592/14828
f 21114/17651/14878 21117/17649/14876 21606/18694/15871 21115/17652/14879
f 21166/17653/14880 21113/17654/14881 21168/17585/14821 21780/18673/15856
f 21113/17654/14881 21119/17643/14870 21618/17584/14820 21168/17585/14821
f 21113/17654/14881 21115/17652/14879 21606/18694/15871 21119/17643/14870
f 21109/17657/14884 21108/17658/14885 21112/17711/14929 21777/18657/15845
f 21108/17658/14885 21111/17659/14886 21604/17660/14887 21112/17711/14929
f 21108/17658/14885 21110/17655/14882 21605/18695/15872 21111/17659/14886
f 21106/17661/14888 21105/17662/14889 21365/17372/14628 21767/18630/15820
f 21105/17662/14889 21107/17663/14890 21675/17371/14627 21365/17372/14628
f 21105/17662/14889 21111/17659/14886 21605/18695/15872 21107/17663/14890
f 21371/17664/14891 21103/17665/14892 21138/17621/14848 21771/18629/15819
f 21103/17665/14892 21104/17666/14893 21611/17620/14847 21138/17621/14848
f 21103/17665/14892 21107/17663/14890 21605/18695/15872 21104/17666/14893
f 21144/17667/14894 21101/17668/14895 21102/17683/14910 21774/18691/15868
f 21101/17668/14895 21110/17655/14882 21603/17656/14883 21102/17683/14910
f 21101/17668/14895 21104/17666/14893 21605/18695/15872 21110/17655/14882
f 21213/17670/14897 21098/17671/14898 21243/17498/14747 21759/18663/15851
f 21098/17671/14898 21100/17672/14899 21636/17497/14746 21243/17498/14747
f 21098/17671/14898 21099/17669/14896 21602/18696/15873 21100/17672/14899
f 21235/17673/14900 21095/17674/14901 21097/18697/15220 21790/18666/15853
f 21095/17674/14901 21096/17675/14902 21601/17676/14903 21097/18697/15220
f 21095/17674/14901 21100/17672/14899 21602/18696/15873 21096/17675/14902
f 21093/17677/14904 21092/17678/14905 21298/17442/14699 21791/18647/15839
f 21092/17678/14905 21094/17679/14906 21655/17441/14698 21298/17442/14699
f 21092/17678/14905 21096/17675/14902 21602/18696/15873 21094/17679/14906
f 21304/17680/14907 21091/17681/14908 21208/17537/14777 21783/18645/15837
f 21091/17681/14908 21099/17669/14896 21629/17536/14776 21208/17537/14777
f 21091/17681/14908 21094/17679/14906 21602/18696/15873 21099/17669/14896
f 21102/17683/14910 21088/17684/14911 21122/17641/14868 21774/18691/15868
f 21088/17684/14911 21090/17685/14912 21607/17640/14867 21122/17641/14868
f 21088/17684/14911 21089/17682/14909 21600/18698/15874 21090/17685/14912
f 21125/17686/14913 21086/17687/14914 21394/17556/14794 21772/18680/15861
f 21086/17687/14914 21087/17688/14915 21685/17555/14793 21394/17556/14794
f 21086/17687/14914 21090/17685/14912 21600/18698/15874 21087/17688/14915
f 21384/17689/14916 21084/17690/14917 21255/17486/14735 21768/18659/15847
f 21084/17690/14917 21085/17691/14918 21643/17485/14734 21255/17486/14735
f 21084/17690/14917 21087/17688/14915 21600/18698/15874 21085/17691/14918
f 21262/17692/14919 21083/17693/14920 21109/17657/14884 21777/18657/15845
f 21083/17693/14920 21089/17682/14909 21603/17656/14883 21109/17657/14884
f 21083/17693/14920 21085/17691/14918 21600/18698/15874 21089/17682/14909
f 21080/17696/14922 21079/17697/14922 21229/17513/14761 21779/18667/14761
f 21079/17697/14922 21082/17698/14922 21632/17512/14761 21229/17513/14761
f 21079/17697/14922 21081/17694/14921 21599/18699/14921 21082/17698/14922
f 21220/17699/14761 21077/17700/14922 21393/17581/14817 21756/18672/15855
f 21077/17700/14922 21078/17701/14921 21684/17580/14816 21393/17581/14817
f 21077/17700/14922 21082/17698/14922 21599/18699/14921 21078/17701/14921
f 21383/17702/14923 21075/17703/14924 21280/17460/14713 21784/18633/15841
f 21075/17703/14924 21076/17704/14924 21650/17459/14713 21280/17460/14713
f 21075/17703/14924 21078/17701/14921 21599/18699/14921 21076/17704/14924
f 21285/17705/14713 21073/17706/14924 21074/18700/14924 21757/18652/14713
f 21073/17706/14924 21081/17694/14921 21598/17695/14921 21074/18700/14924
f 21073/17706/14924 21076/17704/14924 21599/18699/14921 21081/17694/14921
f 21264/17708/14926 21070/17709/14927 21106/17661/14888 21767/18630/15820
f 21070/17709/14927 21072/17710/14928 21604/17660/14887 21106/17661/14888
f 21070/17709/14927 21071/17707/14925 21597/18701/15875 21072/17710/14928
f 21112/17711/14929 21068/17712/14930 21259/17482/14731 21777/18657/15845
f 21068/17712/14930 21069/17713/14931 21640/17481/14730 21259/17482/14731
f 21068/17712/14930 21072/17710/14928 21597/18701/15875 21069/17713/14931
f 21249/17714/14932 21065/17715/14933 21067/18439/15628 21766/18662/15850
f 21065/17715/14933 21066/17716/14934 21596/17717/14935 21067/18439/15628
f 21065/17715/14933 21069/17713/14931 21597/18701/15875 21066/17716/14934
f 21064/17718/14936 21063/17719/14937 21273/17467/14716 21763/18653/15842
f 21063/17719/14937 21071/17707/14925 21645/17466/14715 21273/17467/14716
f 21063/17719/14937 21066/17716/14934 21597/18701/15875 21071/17707/14925
f 21060/17722/14940 21059/17723/14941 21373/18703/14620 21781/18702/15817
f 21059/17723/14941 21062/17724/14942 21673/17725/14619 21373/18703/14620
f 21059/17723/14941 21061/17720/14938 21595/18704/15876 21062/17724/14942
f 21363/17726/14943 21056/17727/14944 21058/17832/15039 21782/18705/15821
f 21056/17727/14944 21057/17728/14945 21594/17729/14946 21058/17832/15039
f 21056/17727/14944 21062/17724/14942 21595/18704/15876 21057/17728/14945
f 21053/17730/14947 21052/17731/14948 21055/18025/15208 21738/18706/15877
f 21052/17731/14948 21054/17732/14949 21593/17733/14950 21055/18025/15208
f 21052/17731/14948 21057/17728/14945 21595/18704/15876 21054/17732/14949
f 21050/17734/14951 21049/17735/14952 21051/17774/14991 21742/18707/15878
f 21049/17735/14952 21061/17720/14938 21592/17721/14939 21051/17774/14991
f 21049/17735/14952 21054/17732/14949 21595/18704/15876 21061/17720/14938
f 21045/17738/14955 21044/17739/14956 21048/17763/14981 21753/18708/15879
f 21044/17739/14956 21047/17740/14957 21590/17741/14958 21048/17763/14981
f 21044/17739/14956 21046/17736/14953 21591/18709/15880 21047/17740/14957
f 21041/17742/14959 21040/17743/14960 21043/18146/15321 21755/18710/15881
f 21040/17743/14960 21042/17744/14961 21589/17745/14962 21043/18146/15321
f 21040/17743/14960 21047/17740/14957 21591/18709/15880 21042/17744/14961
f 21037/17746/14963 21036/17747/14964 21039/17793/15010 21741/18711/15882
f 21036/17747/14964 21038/17748/14965 21588/17749/14966 21039/17793/15010
f 21036/17747/14964 21042/17744/14961 21591/18709/15880 21038/17748/14965
f 21034/17750/14967 21033/17751/14968 21035/17932/15124 21732/18712/15883
f 21033/17751/14968 21046/17736/14953 21587/17737/14954 21035/17932/15124
f 21033/17751/14968 21038/17748/14965 21591/18709/15880 21046/17736/14953
f 21391/17754/14971 21030/17755/14972 21342/17755/15828 21786/17754/14651
f 21030/17755/14972 21032/17756/14973 21665/17756/14651 21342/17755/15828
f 21030/17755/14972 21031/17752/14969 21586/18713/15884 21032/17756/14973
f 21335/17757/14974 21027/17757/14975 21029/18158/15334 21787/18158/15831
f 21027/17757/14975 21028/17758/14976 21585/17759/14977 21029/18158/15334
f 21027/17757/14975 21032/17756/14973 21586/18713/15884 21028/17758/14976
f 21025/17760/14978 21024/17761/14979 21041/17742/14959 21755/18710/15881
f 21024/17761/14979 21026/17762/14980 21590/17741/14958 21041/17742/14959
f 21024/17761/14979 21028/17758/14976 21586/18713/15884 21026/17762/14980
f 21048/17763/14981 21023/17764/14982 21381/17817/15886 21753/18708/15885
f 21023/17764/14982 21031/17752/14969 21682/17753/14970 21381/17817/15886
f 21023/17764/14982 21026/17762/14980 21586/18713/15884 21031/17752/14969
f 21020/17767/14985 21019/17768/14986 21329/18715/14666 21785/18714/15832
f 21019/17768/14986 21022/17769/14987 21661/17770/14665 21329/18715/14666
f 21019/17768/14986 21021/17765/14983 21584/18716/15887 21022/17769/14987
f 21320/17771/14988 21017/17772/14989 21060/17722/14940 21781/18702/15817
f 21017/17772/14989 21018/17773/14990 21592/17721/14939 21060/17722/14940
f 21017/17772/14989 21022/17769/14987 21584/18716/15887 21018/17773/14990
f 21051/17774/14991 21014/17775/14992 21016/17985/15168 21742/18707/15878
f 21014/17775/14992 21015/17776/14993 21583/17777/14994 21016/17985/15168
f 21014/17775/14992 21018/17773/14990 21584/18716/15887 21015/17776/14993
f 21012/17778/14995 21011/17779/14996 21013/17867/15072 21746/18717/15888
f 21011/17779/14996 21021/17765/14983 21582/17766/14984 21013/17867/15072
f 21011/17779/14996 21015/17776/14993 21584/18716/15887 21021/17765/14983
f 21007/17782/14999 21006/17783/15000 21010/17800/15017 21754/18718/15889
f 21006/17783/15000 21009/17784/15001 21580/17785/15002 21010/17800/15017
f 21006/17783/15000 21008/17780/14997 21581/18719/15890 21009/17784/15001
f 21003/17786/15003 21002/17787/15004 21005/17894/15090 21752/18720/15891
f 21002/17787/15004 21004/17788/15005 21579/17789/15006 21005/17894/15090
f 21002/17787/15004 21009/17784/15001 21581/18719/15890 21004/17788/15005
f 21000/17790/15007 20999/17791/15008 21034/17750/14967 21732/18712/15883
f 20999/17791/15008 21001/17792/15009 21588/17749/14966 21034/17750/14967
f 20999/17791/15008 21004/17788/15005 21581/18719/15890 21001/17792/15009
f 21039/17793/15010 20997/17794/15011 20998/18172/15348 21741/18711/15882
f 20997/17794/15011 21008/17780/14997 21578/17781/14998 20998/18172/15348
f 20997/17794/15011 21001/17792/15009 21581/18719/15890 21008/17780/14997
f 20994/17797/15014 20993/17798/15015 21003/17786/15003 21752/18720/15891
f 20993/17798/15015 20996/17799/15016 21580/17785/15002 21003/17786/15003
f 20993/17798/15015 20995/17795/15012 21577/18721/15892 20996/17799/15016
f 21010/17800/15017 20990/17801/15018 20992/18186/15361 21754/18718/15889
f 20990/17801/15018 20991/17802/15019 21576/17803/15020 20992/18186/15361
f 20990/17801/15018 20996/17799/15016 21577/18721/15892 20991/17802/15019
f 20988/17804/15021 20987/17805/15022 21294/18723/14703 21761/18722/15840
f 20987/17805/15022 20989/17806/15023 21654/17807/14702 21294/18723/14703
f 20987/17805/15022 20991/17802/15019 21577/18721/15892 20989/17806/15023
f 21300/17808/15024 20985/17809/15025 20986/18034/15217 21791/18724/15839
f 20985/17809/15025 20995/17795/15012 21575/17796/15013 20986/18034/15217
f 20985/17809/15025 20989/17806/15023 21577/18721/15892 20995/17795/15012
f 20982/17812/15027 20981/17813/15027 21287/17813/14710 21762/17812/14710
f 20981/17813/15027 20984/17814/15027 21649/17814/14710 21287/17813/14710
f 20981/17813/15027 20983/17810/15026 21574/18725/15026 20984/17814/15027
f 21278/17815/14710 20979/17815/15027 21391/17754/15027 21786/17754/14710
f 20979/17815/15027 20980/17816/15026 21682/17753/15026 21391/17754/15027
f 20979/17815/15027 20984/17814/15027 21574/18725/15026 20980/17816/15026
f 21381/17817/15028 20976/17818/15028 20978/18060/15029 21753/18708/15893
f 20976/17818/15028 20977/17819/15028 21573/17820/15029 20978/18060/15029
f 20976/17818/15028 20980/17816/15026 21574/18725/15026 20977/17819/15028
f 20974/17821/15029 20973/17822/15028 20975/18727/15028 21731/18726/15029
f 20973/17822/15028 20983/17810/15026 21572/17811/15026 20975/18727/15028
f 20973/17822/15028 20977/17819/15028 21574/18725/15026 20983/17810/15026
f 20969/17825/15032 20968/17826/15033 20972/18069/15242 21734/18728/15894
f 20968/17826/15033 20971/17827/15034 21570/17828/15035 20972/18069/15242
f 20968/17826/15033 20970/17823/15030 21571/18729/15895 20971/17827/15034
f 20966/17829/15036 20965/17830/15037 21053/17730/14947 21738/18706/15877
f 20965/17830/15037 20967/17831/15038 21594/17729/14946 21053/17730/14947
f 20965/17830/15037 20971/17827/15034 21571/18729/15895 20967/17831/15038
f 21058/17832/15039 20963/17833/15040 21266/18730/14724 21782/18705/15821
f 20963/17833/15040 20964/17834/15041 21646/17835/14723 21266/18730/14724
f 20963/17833/15040 20967/17831/15038 21571/18729/15895 20964/17834/15041
f 21271/17836/15042 20961/17837/15043 20962/18454/15642 21788/18731/15844
f 20961/17837/15043 20970/17823/15030 21569/17824/15031 20962/18454/15642
f 20961/17837/15043 20964/17834/15041 21571/18729/15895 20970/17823/15030
f 20957/17840/15046 20956/17841/15047 20960/18076/15249 21748/18732/15896
f 20956/17841/15047 20959/17842/15048 21567/17843/15049 20960/18076/15249
f 20956/17841/15047 20958/17838/15044 21568/18733/15897 20959/17842/15048
f 20953/17844/15050 20952/17845/15051 20955/17929/15121 21737/18734/15898
f 20952/17845/15051 20954/17846/15052 21566/17847/15053 20955/17929/15121
f 20952/17845/15051 20959/17842/15048 21568/18733/15897 20954/17846/15052
f 20949/17848/15054 20948/17849/15055 20951/18736/15900 21735/18735/15899
f 20948/17849/15055 20950/17850/15056 21565/17851/15057 20951/18736/15900
f 20948/17849/15055 20954/17846/15052 21568/18733/15897 20950/17850/15056
f 20946/17852/15058 20945/17853/15059 20947/18047/15229 21739/18737/15901
f 20945/17853/15059 20958/17838/15044 21564/17839/15045 20947/18047/15229
f 20945/17853/15059 20950/17850/15056 21568/18733/15897 20958/17838/15044
f 20941/17856/15062 20940/17857/15063 20944/18028/15211 21733/18738/15902
f 20940/17857/15063 20943/17858/15064 21562/17859/15065 20944/18028/15211
f 20940/17857/15063 20942/17854/15060 21563/18739/15903 20943/17858/15064
f 20938/17860/15066 20937/17861/15067 21234/18741/14758 21790/18740/15853
f 20937/17861/15067 20939/17862/15068 21637/17863/14757 21234/18741/14758
f 20937/17861/15067 20943/17858/15064 21563/18739/15903 20939/17862/15068
f 21238/17864/15069 20935/17865/15070 21020/17767/14985 21785/18714/15832
f 20935/17865/15070 20936/17866/15071 21582/17766/14984 21020/17767/14985
f 20935/17865/15070 20939/17862/15068 21563/18739/15903 20936/17866/15071
f 21013/17867/15072 20933/17868/15073 20934/17953/15145 21746/18717/15888
f 20933/17868/15073 20942/17854/15060 21561/17855/15061 20934/17953/15145
f 20933/17868/15073 20936/17866/15071 21563/18739/15903 20942/17854/15060
f 20929/17871/15075 20928/17872/15075 20932/18053/15076 21750/18742/15076
f 20928/17872/15075 20931/17873/15075 21559/17874/15076 20932/18053/15076
f 20928/17872/15075 20930/17869/15074 21560/18743/15074 20931/17873/15075
f 20926/17875/15076 20925/17876/15075 21380/18002/15185 21730/18744/15904
f 20925/17876/15075 20927/17877/15074 21681/17878/15077 21380/18002/15185
f 20925/17876/15075 20931/17873/15075 21560/18743/15074 20927/17877/15074
f 21390/17879/15078 20922/17880/15079 20924/17964/15080 21747/18745/15905
f 20922/17880/15079 20923/17881/15079 21558/17882/15080 20924/17964/15080
f 20922/17880/15079 20927/17877/15074 21560/18743/15074 20923/17881/15079
f 20920/17883/15080 20919/17884/15079 20921/18747/15079 21749/18746/15080
f 20919/17884/15079 20930/17869/15074 21557/17870/15074 20921/18747/15079
f 20919/17884/15079 20923/17881/15079 21560/18743/15074 20930/17869/15074
f 20915/17887/15083 20914/17888/15084 20918/17935/15127 21751/18748/15906
f 20914/17888/15084 20917/17889/15085 21555/17890/15086 20918/17935/15127
f 20914/17888/15084 20916/17885/15081 21556/18749/15907 20917/17889/15085
f 20912/17891/15087 20911/17892/15088 21000/17790/15007 21732/18712/15883
f 20911/17892/15088 20913/17893/15089 21579/17789/15006 21000/17790/15007
f 20911/17892/15088 20917/17889/15085 21556/18749/15907 20913/17893/15089
f 21005/17894/15090 20908/17895/15091 20910/18031/15214 21752/18720/15891
f 20908/17895/15091 20909/17896/15092 21554/17897/15093 20910/18031/15214
f 20908/17895/15091 20913/17893/15089 21556/18749/15907 20909/17896/15092
f 20906/17898/15094 20905/17899/15095 20907/17950/15142 21733/18738/15902
f 20905/17899/15095 20916/17885/15081 21553/17886/15082 20907/17950/15142
f 20905/17899/15095 20909/17896/15092 21556/18749/15907 20916/17885/15081
f 20901/17902/15098 20900/17903/15098 20904/17971/15099 21740/18750/15099
f 20900/17903/15098 20903/17904/15098 21551/17905/15099 20904/17971/15099
f 20900/17903/15098 20902/17900/15096 21552/18751/15908 20903/17904/15098
f 20898/17906/15099 20897/17907/15100 21379/18050/15232 21743/18752/15909
f 20897/17907/15100 20899/17908/15101 21680/17909/15102 21379/18050/15232
f 20897/17907/15100 20903/17904/15098 21552/18751/15908 20899/17908/15101
f 21389/17910/15103 20894/17911/15104 20896/18753/15910 21739/18737/15901
f 20894/17911/15104 20895/17912/15105 21550/17913/15106 20896/18753/15910
f 20894/17911/15104 20899/17908/15101 21552/18751/15908 20895/17912/15105
f 20892/17914/15107 20891/17915/15108 20893/18755/15912 21736/18754/15911
f 20891/17915/15108 20902/17900/15096 21549/17901/15097 20893/18755/15912
f 20891/17915/15108 20895/17912/15105 21552/18751/15908 20902/17900/15096
f 20888/17918/15111 20887/17919/15112 21187/18757/14796 21760/18756/15862
f 20887/17919/15112 20890/17920/15113 21620/17921/14796 21187/18757/14796
f 20887/17919/15112 20889/17916/15109 21548/18758/15913 20890/17920/15113
f 21179/17922/15114 20884/17923/15115 20886/18760/15914 21789/18759/14796
f 20884/17923/15115 20885/17924/15116 21547/17925/15117 20886/18760/15914
f 20884/17923/15115 20890/17920/15113 21548/18758/15913 20885/17924/15116
f 20882/17926/15118 20881/17927/15119 20949/17848/15054 21735/18735/15899
f 20881/17927/15119 20883/17928/15120 21566/17847/15053 20949/17848/15054
f 20881/17927/15119 20885/17924/15116 21548/18758/15913 20883/17928/15120
f 20955/17929/15121 20879/17930/15122 20880/18468/15656 21737/18734/15898
f 20879/17930/15122 20889/17916/15109 21546/17917/15110 20880/18468/15656
f 20879/17930/15122 20883/17928/15120 21548/18758/15913 20889/17916/15109
f 21035/17932/15124 20876/17933/15125 20912/17891/15087 21732/18712/15883
f 20876/17933/15125 20878/17934/15126 21555/17890/15086 20912/17891/15087
f 20876/17933/15125 20877/17931/15123 21545/18761/15915 20878/17934/15126
f 20918/17935/15127 20873/17936/15128 20875/18005/15188 21751/18748/15906
f 20873/17936/15128 20874/17937/15129 21544/17938/15130 20875/18005/15188
f 20873/17936/15128 20878/17934/15126 21545/18761/15915 20874/17937/15129
f 20871/17939/15131 20870/17940/15132 21378/18063/15237 21730/18744/15904
f 20870/17940/15132 20872/17941/15133 21679/17942/15134 21378/18063/15237
f 20870/17940/15132 20874/17937/15129 21545/18761/15915 20872/17941/15133
f 21388/17943/15135 20869/17944/15136 21045/17738/14955 21753/18708/15879
f 20869/17944/15136 20877/17931/15123 21587/17737/14954 21045/17738/14955
f 20869/17944/15136 20872/17941/15133 21545/18761/15915 20877/17931/15123
f 20866/17947/15139 20865/17948/15140 20915/17887/15083 21751/18748/15906
f 20865/17948/15140 20868/17949/15141 21553/17886/15082 20915/17887/15083
f 20865/17948/15140 20867/17945/15137 21543/18762/15916 20868/17949/15141
f 20907/17950/15142 20863/17951/15143 20941/17856/15062 21733/18738/15902
f 20863/17951/15143 20864/17952/15144 21561/17855/15061 20941/17856/15062
f 20863/17951/15143 20868/17949/15141 21543/18762/15916 20864/17952/15144
f 20934/17953/15145 20860/17954/15146 20862/17982/15165 21746/18717/15888
f 20860/17954/15146 20861/17955/15147 21542/17956/15148 20862/17982/15165
f 20860/17954/15146 20864/17952/15144 21543/18762/15916 20861/17955/15147
f 20858/17957/15149 20857/17958/15150 20859/18008/15191 21744/18763/15917
f 20857/17958/15150 20867/17945/15137 21541/17946/15138 20859/18008/15191
f 20857/17958/15150 20861/17955/15147 21543/18762/15916 20867/17945/15137
f 20854/17961/15152 20853/17962/15152 20920/17883/15080 21749/18746/15080
f 20853/17962/15152 20856/17963/15152 21558/17882/15080 20920/17883/15080
f 20853/17962/15152 20855/17959/15151 21540/18764/15151 20856/17963/15152
f 20924/17964/15080 20851/17965/15152 21377/17999/15182 21747/18745/15905
f 20851/17965/15152 20852/17966/15151 21678/17967/15153 21377/17999/15182
f 20851/17965/15152 20856/17963/15152 21540/18764/15151 20852/17966/15151
f 21387/17968/15154 20849/17969/15155 20898/17906/15099 21743/18752/15909
f 20849/17969/15155 20850/17970/15155 21551/17905/15099 20898/17906/15099
f 20849/17969/15155 20852/17966/15151 21540/18764/15151 20850/17970/15155
f 20904/17971/15099 20847/17972/15155 20848/18765/15155 21740/18750/15099
f 20847/17972/15155 20855/17959/15151 21539/17960/15151 20848/18765/15155
f 20847/17972/15155 20850/17970/15155 21540/18764/15151 20855/17959/15151
f 20843/17975/15158 20842/17976/15159 20846/17992/15175 21745/18766/15918
f 20842/17976/15159 20845/17977/15160 21537/17978/15161 20846/17992/15175
f 20842/17976/15159 20844/17973/15156 21538/18767/15919 20845/17977/15160
f 20840/17979/15162 20839/17980/15163 20858/17957/15149 21744/18763/15917
f 20839/17980/15163 20841/17981/15164 21542/17956/15148 20858/17957/15149
f 20839/17980/15163 20845/17977/15160 21538/18767/15919 20841/17981/15164
f 20862/17982/15165 20837/17983/15166 21012/17778/14995 21746/18717/15888
f 20837/17983/15166 20838/17984/15167 21583/17777/14994 21012/17778/14995
f 20837/17983/15166 20841/17981/15164 21538/18767/15919 20838/17984/15167
f 21016/17985/15168 20835/17986/15169 20836/18022/15205 21742/18707/15878
f 20835/17986/15169 20844/17973/15156 21536/17974/15157 20836/18022/15205
f 20835/17986/15169 20838/17984/15167 21538/18767/15919 20844/17973/15156
f 20832/17989/15172 20831/17990/15173 20840/17979/15162 21744/18763/15917
f 20831/17990/15173 20834/17991/15174 21537/17978/15161 20840/17979/15162
f 20831/17990/15173 20833/17987/15170 21535/18768/15920 20834/17991/15174
f 20846/17992/15175 20828/17993/15176 20830/18041/15223 21745/18766/15918
f 20828/17993/15176 20829/17994/15177 21534/17995/15178 20830/18041/15223
f 20828/17993/15176 20834/17991/15174 21535/18768/15920 20829/17994/15177
f 20826/17996/15179 20825/17997/15180 21387/17968/15154 21743/18752/15909
f 20825/17997/15180 20827/17998/15181 21678/17967/15153 21387/17968/15154
f 20825/17997/15180 20829/17994/15177 21535/18768/15920 20827/17998/15181
f 21377/17999/15182 20823/18000/15183 20824/18011/15194 21747/18745/15905
f 20823/18000/15183 20833/17987/15170 21533/17988/15171 20824/18011/15194
f 20823/18000/15183 20827/17998/15181 21535/18768/15920 20833/17987/15170
f 21380/18002/15185 20820/18003/15186 20871/17939/15131 21730/18744/15904
f 20820/18003/15186 20822/18004/15187 21544/17938/15130 20871/17939/15131
f 20820/18003/15186 20821/18001/15184 21532/18769/15921 20822/18004/15187
f 20875/18005/15188 20818/18006/15189 20866/17947/15139 21751/18748/15906
f 20818/18006/15189 20819/18007/15190 21541/17946/15138 20866/17947/15139
f 20818/18006/15189 20822/18004/15187 21532/18769/15921 20819/18007/15190
f 20859/18008/15191 20816/18009/15192 20832/17989/15172 21744/18763/15917
f 20816/18009/15192 20817/18010/15193 21533/17988/15171 20832/17989/15172
f 20816/18009/15192 20819/18007/15190 21532/18769/15921 20817/18010/15193
f 20824/18011/15194 20815/18012/15195 21390/17879/15078 21747/18745/15905
f 20815/18012/15195 20821/18001/15184 21681/17878/15077 21390/17879/15078
f 20815/18012/15195 20817/18010/15193 21532/18769/15921 20821/18001/15184
f 20811/18015/15198 20810/18016/15199 20814/18044/15226 21748/18732/15896
f 20810/18016/15199 20813/18017/15200 21530/18018/15201 20814/18044/15226
f 20810/18016/15199 20812/18013/15196 21531/18770/15922 20813/18017/15200
f 20808/18019/15202 20807/18020/15203 20843/17975/15158 21745/18766/15918
f 20807/18020/15203 20809/18021/15204 21536/17974/15157 20843/17975/15158
f 20807/18020/15203 20813/18017/15200 21531/18770/15922 20809/18021/15204
f 20836/18022/15205 20805/18023/15206 21050/17734/14951 21742/18707/15878
f 20805/18023/15206 20806/18024/15207 21593/17733/14950 21050/17734/14951
f 20805/18023/15206 20809/18021/15204 21531/18770/15922 20806/18024/15207
f 21055/18025/15208 20803/18026/15209 20804/18066/15239 21738/18706/15877
f 20803/18026/15209 20812/18013/15196 21529/18014/15197 20804/18066/15239
f 20803/18026/15209 20806/18024/15207 21531/18770/15922 20812/18013/15196
f 20944/18028/15211 20800/18029/15212 20906/17898/15094 21733/18738/15902
f 20800/18029/15212 20802/18030/15213 21554/17897/15093 20906/17898/15094
f 20800/18029/15212 20801/18027/15210 21528/18771/15923 20802/18030/15213
f 20910/18031/15214 20798/18032/15215 20994/17797/15014 21752/18720/15891
f 20798/18032/15215 20799/18033/15216 21575/17796/15013 20994/17797/15014
f 20798/18032/15215 20802/18030/15213 21528/18771/15923 20799/18033/15216
f 20986/18034/15217 20796/18035/15218 21093/18772/14904 21791/18724/15839
f 20796/18035/15218 20797/18036/15219 21601/18037/14903 21093/18772/14904
f 20796/18035/15218 20799/18033/15216 21528/18771/15923 20797/18036/15219
f 21097/18038/15220 20795/18039/15221 20938/17860/15066 21790/18740/15853
f 20795/18039/15221 20801/18027/15210 21562/17859/15065 20938/17860/15066
f 20795/18039/15221 20797/18036/15219 21528/18771/15923 20801/18027/15210
f 20830/18041/15223 20792/18042/15224 20808/18019/15202 21745/18766/15918
f 20792/18042/15224 20794/18043/15225 21530/18018/15201 20808/18019/15202
f 20792/18042/15224 20793/18040/15222 21527/18773/15924 20794/18043/15225
f 20814/18044/15226 20790/18045/15227 20957/17840/15046 21748/18732/15896
f 20790/18045/15227 20791/18046/15228 21564/17839/15045 20957/17840/15046
f 20790/18045/15227 20794/18043/15225 21527/18773/15924 20791/18046/15228
f 20947/18047/15229 20788/18048/15230 21389/17910/15103 21739/18737/15901
f 20788/18048/15230 20789/18049/15231 21680/17909/15102 21389/17910/15103
f 20788/18048/15230 20791/18046/15228 21527/18773/15924 20789/18049/15231
f 21379/18050/15232 20787/18051/15233 20826/17996/15179 21743/18752/15909
f 20787/18051/15233 20793/18040/15222 21534/17995/15178 20826/17996/15179
f 20787/18051/15233 20789/18049/15231 21527/18773/15924 20793/18040/15222
f 20932/18053/15076 20783/18054/15234 20786/18774/15234 21750/18742/15076
f 20783/18054/15234 20785/18055/15235 21525/18056/15235 20786/18774/15234
f 20783/18054/15234 20784/18052/15234 21526/18775/15235 20785/18055/15235
f 20781/18057/15236 20780/18058/15236 20974/17821/15029 21731/18726/15029
f 20780/18058/15236 20782/18059/15236 21573/17820/15029 20974/17821/15029
f 20780/18058/15236 20785/18055/15235 21526/18775/15235 20782/18059/15236
f 20978/18060/15029 20778/18061/15236 21388/17943/15135 21753/18708/15893
f 20778/18061/15236 20779/18062/15235 21679/17942/15134 21388/17943/15135
f 20778/18061/15236 20782/18059/15236 21526/18775/15235 20779/18062/15235
f 21378/18063/15237 20777/18064/15234 20926/17875/15076 21730/18744/15904
f 20777/18064/15234 20784/18052/15234 21559/17874/15076 20926/17875/15076
f 20777/18064/15234 20779/18062/15235 21526/18775/15235 20784/18052/15234
f 20804/18066/15239 20774/18067/15240 20966/17829/15036 21738/18706/15877
f 20774/18067/15240 20776/18068/15241 21570/17828/15035 20966/17829/15036
f 20774/18067/15240 20775/18065/15238 21524/18776/15925 20776/18068/15241
f 20972/18069/15242 20771/18070/15243 20773/18481/15669 21734/18728/15894
f 20771/18070/15243 20772/18071/15244 21523/18072/15245 20773/18481/15669
f 20771/18070/15243 20776/18068/15241 21524/18776/15925 20772/18071/15244
f 20769/18073/15246 20768/18074/15247 20953/17844/15050 21737/18734/15898
f 20768/18074/15247 20770/18075/15248 21567/17843/15049 20953/17844/15050
f 20768/18074/15247 20772/18071/15244 21524/18776/15925 20770/18075/15248
f 20960/18076/15249 20767/18077/15250 20811/18015/15198 21748/18732/15896
f 20767/18077/15250 20775/18065/15238 21529/18014/15197 20811/18015/15198
f 20767/18077/15250 20770/18075/15248 21524/18776/15925 20775/18065/15238
f 20763/18080/15253 20762/18081/15254 20766/18201/15376 21729/18777/15926
f 20762/18081/15254 20765/18082/15255 21521/18083/15256 20766/18201/15376
f 20762/18081/15254 20764/18078/15251 21522/18778/15927 20765/18082/15255
f 20759/18084/15257 20758/18085/15258 20761/18094/15267 21728/18779/15928
f 20758/18085/15258 20760/18086/15259 21520/18087/15260 20761/18094/15267
f 20758/18085/15258 20765/18082/15255 21522/18778/15927 20760/18086/15259
f 20756/18088/15261 20755/18089/15262 21346/17392/14648 21793/18637/15826
f 20755/18089/15262 20757/18090/15263 21669/17391/14647 21346/17392/14648
f 20755/18089/15262 20760/18086/15259 21522/18778/15927 20757/18090/15263
f 21351/18091/15264 20753/18092/15265 20754/18114/15289 21770/18636/15825
f 20753/18092/15265 20764/18078/15251 21519/18079/15252 20754/18114/15289
f 20753/18092/15265 20757/18090/15263 21522/18778/15927 20764/18078/15251
f 20761/18094/15267 20749/18095/15268 20752/18213/15390 21728/18779/15928
f 20749/18095/15268 20751/18096/15269 21517/18097/15270 20752/18213/15390
f 20749/18095/15268 20750/18093/15266 21518/18780/15929 20751/18096/15269
f 20746/18098/15271 20745/18099/15272 20748/18099/15324 21727/18098/15930
f 20745/18099/15272 20747/18100/15273 21516/18100/15274 20748/18099/15324
f 20745/18099/15272 20751/18096/15269 21518/18780/15929 20747/18100/15273
f 20743/18101/15275 20742/18101/15276 21334/17405/14662 21787/17405/15831
f 20742/18101/15276 20744/18102/15277 21666/17404/14661 21334/17405/14662
f 20742/18101/15276 20747/18100/15273 21518/18780/15929 20744/18102/15277
f 21338/18103/15278 20741/18104/15279 20756/18088/15261 21793/18637/15826
f 20741/18104/15279 20750/18093/15266 21520/18087/15260 20756/18088/15261
f 20741/18104/15279 20744/18102/15277 21518/18780/15929 20750/18093/15266
f 20737/18107/15282 20736/18108/15283 20740/18226/15404 21726/18781/15931
f 20736/18108/15283 20739/18109/15284 21514/18110/15285 20740/18226/15404
f 20736/18108/15283 20738/18105/15280 21515/18782/15932 20739/18109/15284
f 20734/18111/15286 20733/18112/15287 20763/18080/15253 21729/18777/15926
f 20733/18112/15287 20735/18113/15288 21519/18079/15252 20763/18080/15253
f 20733/18112/15287 20739/18109/15284 21515/18782/15932 20735/18113/15288
f 20754/18114/15289 20731/18115/15290 21312/17428/14685 21770/18636/15825
f 20731/18115/15290 20732/18116/15291 21659/17427/14684 21312/17428/14685
f 20731/18115/15290 20735/18113/15288 21515/18782/15932 20732/18116/15291
f 21318/18117/15292 20729/18118/15293 20730/18128/15303 21792/18643/15835
f 20729/18118/15293 20738/18105/15280 21513/18106/15281 20730/18128/15303
f 20729/18118/15293 20732/18116/15291 21515/18782/15932 20738/18105/15280
f 20725/18121/15296 20724/18122/15297 20728/18240/15418 21725/18783/15933
f 20724/18122/15297 20727/18123/15298 21511/18124/15299 20728/18240/15418
f 20724/18122/15297 20726/18119/15294 21512/18784/15934 20727/18123/15298
f 20722/18125/15300 20721/18126/15301 20737/18107/15282 21726/18781/15931
f 20721/18126/15301 20723/18127/15302 21513/18106/15281 20737/18107/15282
f 20721/18126/15301 20727/18123/15298 21512/18784/15934 20723/18127/15302
f 20730/18128/15303 20719/18129/15304 21292/17450/14707 21792/18643/15835
f 20719/18129/15304 20720/18130/15305 21653/17449/14706 21292/17450/14707
f 20719/18129/15304 20723/18127/15302 21512/18784/15934 20720/18130/15305
f 21296/18131/15306 20717/18132/15307 20718/18785/15358 21761/18649/15840
f 20717/18132/15307 20726/18119/15294 21510/18120/15295 20718/18785/15358
f 20717/18132/15307 20720/18130/15305 21512/18784/15934 20726/18119/15294
f 20713/18135/15310 20712/18136/15311 20716/18254/15433 21724/18786/15935
f 20712/18136/15311 20715/18137/15312 21508/18138/15313 20716/18254/15433
f 20712/18136/15311 20714/18133/15308 21509/18787/15936 20715/18137/15312
f 20709/18139/15314 20708/18140/15315 20711/18161/15337 21723/18788/15937
f 20708/18140/15315 20710/18141/15316 21507/18142/15317 20711/18161/15337
f 20708/18140/15315 20715/18137/15312 21509/18787/15936 20710/18141/15316
f 20706/18143/15318 20705/18144/15319 21037/17746/14963 21741/18711/15882
f 20705/18144/15319 20707/18145/15320 21589/17745/14962 21037/17746/14963
f 20705/18144/15319 20710/18141/15316 21509/18787/15936 20707/18145/15320
f 21043/18146/15321 20703/18147/15322 20704/18155/15331 21755/18710/15881
f 20703/18147/15322 20714/18133/15308 21506/18134/15309 20704/18155/15331
f 20703/18147/15322 20707/18145/15320 21509/18787/15936 20714/18133/15308
f 20748/18149/15324 20699/18149/15325 20702/18266/15446 21727/18266/15930
f 20699/18149/15325 20701/18150/15326 21504/18151/15327 20702/18266/15446
f 20699/18149/15325 20700/18148/15323 21505/18789/15938 20701/18150/15326
f 20697/18152/15328 20696/18153/15329 20713/18135/15310 21724/18786/15935
f 20696/18153/15329 20698/18154/15330 21506/18134/15309 20713/18135/15310
f 20696/18153/15329 20701/18150/15326 21505/18789/15938 20698/18154/15330
f 20704/18155/15331 20694/18156/15332 21025/17760/14978 21755/18710/15881
f 20694/18156/15332 20695/18157/15333 21585/17759/14977 21025/17760/14978
f 20694/18156/15332 20698/18154/15330 21505/18789/15938 20695/18157/15333
f 21029/18158/15334 20693/18159/15335 20743/18159/15275 21787/18158/15831
f 20693/18159/15335 20700/18148/15323 21516/18148/15274 20743/18159/15275
f 20693/18159/15335 20695/18157/15333 21505/18789/15938 20700/18148/15323
f 20711/18161/15337 20689/18162/15338 20692/18280/15460 21723/18788/15937
f 20689/18162/15338 20691/18163/15339 21502/18164/15340 20692/18280/15460
f 20689/18162/15338 20690/18160/15336 21503/18790/15939 20691/18163/15339
f 20686/18165/15341 20685/18166/15342 20688/18175/15351 21722/18791/15940
f 20685/18166/15342 20687/18167/15343 21501/18168/15344 20688/18175/15351
f 20685/18166/15342 20691/18163/15339 21503/18790/15939 20687/18167/15343
f 20683/18169/15345 20682/18170/15346 21007/17782/14999 21754/18718/15889
f 20682/18170/15346 20684/18171/15347 21578/17781/14998 21007/17782/14999
f 20682/18170/15346 20687/18167/15343 21503/18790/15939 20684/18171/15347
f 20998/18172/15348 20681/18173/15349 20706/18143/15318 21741/18711/15882
f 20681/18173/15349 20690/18160/15336 21507/18142/15317 20706/18143/15318
f 20681/18173/15349 20684/18171/15347 21503/18790/15939 20690/18160/15336
f 20688/18175/15351 20677/18176/15352 20680/18294/15473 21722/18791/15940
f 20677/18176/15352 20679/18177/15353 21499/18178/15354 20680/18294/15473
f 20677/18176/15352 20678/18174/15350 21500/18792/15941 20679/18177/15353
f 20675/18179/15355 20674/18180/15356 20725/18794/15296 21725/18793/15933
f 20674/18180/15356 20676/18181/15357 21510/18182/15295 20725/18794/15296
f 20674/18180/15356 20679/18177/15353 21500/18792/15941 20676/18181/15357
f 20718/18183/15358 20672/18184/15359 20988/17804/15021 21761/18722/15840
f 20672/18184/15359 20673/18185/15360 21576/17803/15020 20988/17804/15021
f 20672/18184/15359 20676/18181/15357 21500/18792/15941 20673/18185/15360
f 20992/18186/15361 20671/18187/15362 20683/18169/15345 21754/18718/15889
f 20671/18187/15362 20678/18174/15350 21501/18168/15344 20683/18169/15345
f 20671/18187/15362 20673/18185/15360 21500/18792/15941 20678/18174/15350
f 20667/18190/15365 20666/18191/15366 20670/18309/15488 21721/18795/15942
f 20666/18191/15366 20669/18192/15367 21497/18193/15368 20670/18309/15488
f 20666/18191/15366 20668/18188/15363 21498/18796/15943 20669/18192/15367
f 20663/18194/15369 20662/18195/15370 20665/18204/15379 21720/18797/15944
f 20662/18195/15370 20664/18196/15371 21496/18197/15372 20665/18204/15379
f 20662/18195/15370 20669/18192/15367 21498/18796/15943 20664/18196/15371
f 20660/18198/15373 20659/18199/15374 20759/18084/15257 21728/18779/15928
f 20659/18199/15374 20661/18200/15375 21521/18083/15256 20759/18084/15257
f 20659/18199/15374 20664/18196/15371 21498/18796/15943 20661/18200/15375
f 20766/18201/15376 20657/18202/15377 20658/18189/15401 21729/18777/15926
f 20657/18202/15377 20668/18188/15363 21495/18189/15364 20658/18189/15401
f 20657/18202/15377 20661/18200/15375 21498/18796/15943 20668/18188/15363
f 20665/18204/15379 20653/18205/15380 20656/18321/15502 21720/18797/15944
f 20653/18205/15380 20655/18206/15381 21493/18207/15382 20656/18321/15502
f 20653/18205/15380 20654/18203/15378 21494/18798/15945 20655/18206/15381
f 20650/18208/15383 20649/18209/15384 20652/18209/15436 21719/18208/15946
f 20649/18209/15384 20651/18210/15385 21492/18210/15386 20652/18209/15436
f 20649/18209/15384 20655/18206/15381 21494/18798/15945 20651/18210/15385
f 20647/18211/15387 20646/18211/15388 20746/18098/15271 21727/18098/15930
f 20646/18211/15388 20648/18212/15389 21517/18097/15270 20746/18098/15271
f 20646/18211/15388 20651/18210/15385 21494/18798/15945 20648/18212/15389
f 20752/18213/15390 20645/18214/15391 20660/18198/15373 21728/18779/15928
f 20645/18214/15391 20654/18203/15378 21496/18197/15372 20660/18198/15373
f 20645/18214/15391 20648/18212/15389 21494/18798/15945 20654/18203/15378
f 20641/18217/15394 20640/18218/15395 20644/18335/15516 21718/18799/15947
f 20640/18218/15395 20643/18219/15396 21490/18220/15397 20644/18335/15516
f 20640/18218/15395 20642/18215/15392 21491/18800/15948 20643/18219/15396
f 20638/18221/15398 20637/18222/15399 20667/18190/15365 21721/18795/15942
f 20637/18222/15399 20639/18223/15400 21495/18189/15364 20667/18190/15365
f 20637/18222/15399 20643/18219/15396 21491/18800/15948 20639/18223/15400
f 20658/18189/15401 20635/18224/15402 20734/18111/15286 21729/18777/15926
f 20635/18224/15402 20636/18225/15403 21514/18110/15285 20734/18111/15286
f 20635/18224/15402 20639/18223/15400 21491/18800/15948 20636/18225/15403
f 20740/18226/15404 20633/18227/15405 20634/18237/15415 21726/18781/15931
f 20633/18227/15405 20642/18215/15392 21489/18216/15393 20634/18237/15415
f 20633/18227/15405 20636/18225/15403 21491/18800/15948 20642/18215/15392
f 20629/18230/15408 20628/18231/15409 20632/18349/15530 21717/18801/15949
f 20628/18231/15409 20631/18232/15410 21487/18233/15411 20632/18349/15530
f 20628/18231/15409 20630/18228/15406 21488/18802/15950 20631/18232/15410
f 20626/18234/15412 20625/18235/15413 20641/18217/15394 21718/18799/15947
f 20625/18235/15413 20627/18236/15414 21489/18216/15393 20641/18217/15394
f 20625/18235/15413 20631/18232/15410 21488/18802/15950 20627/18236/15414
f 20634/18237/15415 20623/18238/15416 20722/18125/15300 21726/18781/15931
f 20623/18238/15416 20624/18239/15417 21511/18124/15299 20722/18125/15300
f 20623/18238/15416 20627/18236/15414 21488/18802/15950 20624/18239/15417
f 20728/18240/15418 20621/18241/15419 20622/18803/15470 21725/18783/15933
f 20621/18241/15419 20630/18228/15406 21486/18229/15407 20622/18803/15470
f 20621/18241/15419 20624/18239/15417 21488/18802/15950 20630/18228/15406
f 20617/18244/15422 20616/18245/15423 20620/18362/15545 21716/18804/15951
f 20616/18245/15423 20619/18246/15424 21484/18247/15425 20620/18362/15545
f 20616/18245/15423 20618/18242/15420 21485/18805/15952 20619/18246/15424
f 20613/18248/15426 20612/18249/15427 20615/18269/15449 21715/18806/15953
f 20612/18249/15427 20614/18250/15428 21483/18251/15429 20615/18269/15449
f 20612/18249/15427 20619/18246/15424 21485/18805/15952 20614/18250/15428
f 20610/18251/15430 20609/18252/15431 20709/18139/15314 21723/18788/15937
f 20609/18252/15431 20611/18253/15432 21508/18138/15313 20709/18139/15314
f 20609/18252/15431 20614/18250/15428 21485/18805/15952 20611/18253/15432
f 20716/18254/15433 20607/18255/15434 20608/18263/15443 21724/18786/15935
f 20607/18255/15434 20618/18242/15420 21482/18243/15421 20608/18263/15443
f 20607/18255/15434 20611/18253/15432 21485/18805/15952 20618/18242/15420
f 20652/18257/15436 20603/18257/15437 20606/18372/15558 21719/18372/15946
f 20603/18257/15437 20605/18258/15438 21480/18259/15439 20606/18372/15558
f 20603/18257/15437 20604/18256/15435 21481/18807/15954 20605/18258/15438
f 20601/18260/15440 20600/18261/15441 20617/18244/15422 21716/18804/15951
f 20600/18261/15441 20602/18262/15442 21482/18243/15421 20617/18244/15422
f 20600/18261/15441 20605/18258/15438 21481/18807/15954 20602/18262/15442
f 20608/18263/15443 20598/18264/15444 20697/18152/15328 21724/18786/15935
f 20598/18264/15444 20599/18265/15445 21504/18151/15327 20697/18152/15328
f 20598/18264/15444 20602/18262/15442 21481/18807/15954 20599/18265/15445
f 20702/18266/15446 20597/18267/15447 20647/18267/15387 21727/18266/15930
f 20597/18267/15447 20604/18256/15435 21492/18256/15386 20647/18267/15387
f 20597/18267/15447 20599/18265/15445 21481/18807/15954 20604/18256/15435
f 20615/18269/15449 20593/18270/15450 20596/18384/15572 21715/18806/15953
f 20593/18270/15450 20595/18271/15451 21478/18272/15452 20596/18384/15572
f 20593/18270/15450 20594/18268/15448 21479/18808/15955 20595/18271/15451
f 20590/18273/15453 20589/18274/15454 20592/18283/15463 21714/18809/15956
f 20589/18274/15454 20591/18275/15455 21477/18276/15456 20592/18283/15463
f 20589/18274/15454 20595/18271/15451 21479/18808/15955 20591/18275/15455
f 20587/18277/15457 20586/18278/15458 20686/18165/15341 21722/18791/15940
f 20586/18278/15458 20588/18279/15459 21502/18164/15340 20686/18165/15341
f 20586/18278/15458 20591/18275/15455 21479/18808/15955 20588/18279/15459
f 20692/18280/15460 20585/18281/15461 20610/18251/15430 21723/18788/15937
f 20585/18281/15461 20594/18268/15448 21483/18251/15429 20610/18251/15430
f 20585/18281/15461 20588/18279/15459 21479/18808/15955 20594/18268/15448
f 20592/18283/15463 20581/18284/15464 20584/18396/15585 21714/18809/15956
f 20581/18284/15464 20583/18285/15465 21475/18286/15466 20584/18396/15585
f 20581/18284/15464 20582/18282/15462 21476/18810/15957 20583/18285/15465
f 20579/18287/15467 20578/18288/15468 20629/18812/15408 21717/18811/15949
f 20578/18288/15468 20580/18289/15469 21486/18290/15407 20629/18812/15408
f 20578/18288/15468 20583/18285/15465 21476/18810/15957 20580/18289/15469
f 20622/18291/15470 20576/18292/15471 20675/18179/15355 21725/18793/15933
f 20576/18292/15471 20577/18293/15472 21499/18178/15354 20675/18179/15355
f 20576/18292/15471 20580/18289/15469 21476/18810/15957 20577/18293/15472
f 20680/18294/15473 20575/18295/15474 20587/18277/15457 21722/18791/15940
f 20575/18295/15474 20582/18282/15462 21477/18276/15456 20587/18277/15457
f 20575/18295/15474 20577/18293/15472 21476/18810/15957 20582/18282/15462
f 20571/18814/15477 20570/18356/15478 20574/18355/15959 21713/18813/15958
f 20570/18356/15478 20573/18300/15479 21473/18301/15480 20574/18355/15959
f 20570/18299/15478 20572/18296/15475 21474/18816/15960 20573/18815/15479
f 20567/18302/15481 20566/18303/15482 20569/18817/15491 21712/18591/15961
f 20566/18818/15482 20568/18304/15483 21472/18305/15484 20569/18312/15491
f 20566/18818/15482 20573/18815/15479 21474/18816/15960 20568/18304/15483
f 20564/18306/15485 20563/18307/15486 20663/18194/15369 21720/18797/15944
f 20563/18307/15486 20565/18308/15487 21497/18193/15368 20663/18194/15369
f 20563/18307/15486 20568/18304/15483 21474/18816/15960 20565/18308/15487
f 20670/18309/15488 20561/18310/15489 20562/18332/15513 21721/18795/15942
f 20561/18310/15489 20572/18296/15475 21471/18297/15476 20562/18332/15513
f 20561/18310/15489 20565/18308/15487 21474/18816/15960 20572/18296/15475
f 20569/18817/15491 20557/18367/15492 20560/18366/15962 21712/18591/15961
f 20557/18367/15492 20559/18314/15493 21469/18315/15494 20560/18366/15962
f 20557/18313/15492 20558/18311/15490 21470/18820/15963 20559/18819/15493
f 20554/18316/15495 20553/18317/15496 20556/18317/15548 21711/18316/15964
f 20553/18821/15496 20555/18318/15497 21468/18318/15498 20556/18821/15548
f 20553/18821/15496 20559/18819/15493 21470/18820/15963 20555/18318/15497
f 20551/18319/15499 20550/18319/15500 20650/18208/15383 21719/18208/15946
f 20550/18319/15500 20552/18320/15501 21493/18207/15382 20650/18208/15383
f 20550/18319/15500 20555/18318/15497 21470/18820/15963 20552/18320/15501
f 20656/18321/15502 20549/18322/15503 20564/18306/15485 21720/18797/15944
f 20549/18322/15503 20558/18311/15490 21472/18305/15484 20564/18306/15485
f 20549/18322/15503 20552/18320/15501 21470/18820/15963 20558/18311/15490
f 20545/18822/15506 20544/18378/15507 20548/18377/15966 21710/18589/15965
f 20544/18378/15507 20547/18327/15508 21466/18328/15509 20548/18377/15966
f 20544/18326/15507 20546/18323/15504 21467/18824/15967 20547/18823/15508
f 20542/18329/15510 20541/18330/15511 20571/18814/15477 21713/18813/15958
f 20541/18825/15511 20543/18331/15512 21471/18297/15476 20571/18298/15477
f 20541/18825/15511 20547/18823/15508 21467/18824/15967 20543/18331/15512
f 20562/18332/15513 20539/18333/15514 20638/18221/15398 21721/18795/15942
f 20539/18333/15514 20540/18334/15515 21490/18220/15397 20638/18221/15398
f 20539/18333/15514 20543/18331/15512 21467/18824/15967 20540/18334/15515
f 20644/18335/15516 20537/18336/15517 20538/18346/15527 21718/18799/15947
f 20537/18336/15517 20546/18323/15504 21465/18324/15505 20538/18346/15527
f 20537/18336/15517 20540/18334/15515 21467/18824/15967 20546/18323/15504
f 20533/18827/15520 20532/18390/15521 20536/18389/15969 21709/18826/15968
f 20532/18390/15521 20535/18341/15522 21463/18342/15523 20536/18389/15969
f 20532/18340/15521 20534/18337/15518 21464/18829/15970 20535/18828/15522
f 20530/18343/15524 20529/18344/15525 20545/18822/15506 21710/18589/15965
f 20529/18830/15525 20531/18345/15526 21465/18324/15505 20545/18325/15506
f 20529/18830/15525 20535/18828/15522 21464/18829/15970 20531/18345/15526
f 20538/18346/15527 20527/18347/15528 20626/18234/15412 21718/18799/15947
f 20527/18347/15528 20528/18348/15529 21487/18233/15411 20626/18234/15412
f 20527/18347/15528 20531/18345/15526 21464/18829/15970 20528/18348/15529
f 20632/18349/15530 20525/18350/15531 20526/18831/15582 21717/18801/15949
f 20525/18350/15531 20534/18337/15518 21462/18338/15519 20526/18831/15582
f 20525/18350/15531 20528/18348/15529 21464/18829/15970 20534/18337/15518
f 20521/18817/15534 20520/18303/15535 20524/18302/15768 21708/18591/15779
f 20520/18303/15535 20523/18300/15536 21460/18301/15537 20524/18302/15768
f 20520/18354/15535 20522/18351/15532 21461/18833/15971 20523/18832/15536
f 20517/18355/15538 20516/18356/15539 20519/18814/15561 21707/18813/15972
f 20516/18834/15539 20518/18357/15540 21459/18358/15541 20519/18375/15561
f 20516/18834/15539 20523/18832/15536 21461/18833/15971 20518/18357/15540
f 20514/18359/15542 20513/18360/15543 20613/18248/15426 21715/18806/15953
f 20513/18360/15543 20515/18361/15544 21484/18247/15425 20613/18248/15426
f 20513/18360/15543 20518/18357/15540 21461/18833/15971 20515/18361/15544
f 20620/18362/15545 20511/18363/15546 20512/18369/15555 21716/18804/15951
f 20511/18363/15546 20522/18351/15532 21458/18352/15533 20512/18369/15555
f 20511/18363/15546 20515/18361/15544 21461/18833/15971 20522/18351/15532
f 20556/18317/15548 20507/18317/15549 20510/18316/15808 21711/18316/15964
f 20507/18317/15549 20509/18314/15550 21456/18315/15551 20510/18316/15808
f 20507/18365/15549 20508/18364/15547 21457/18836/15973 20509/18835/15550
f 20505/18366/15552 20504/18367/15553 20521/18817/15534 21708/18591/15779
f 20504/18837/15553 20506/18368/15554 21458/18352/15533 20521/18353/15534
f 20504/18837/15553 20509/18835/15550 21457/18836/15973 20506/18368/15554
f 20512/18369/15555 20502/18370/15556 20601/18260/15440 21716/18804/15951
f 20502/18370/15556 20503/18371/15557 21480/18259/15439 20601/18260/15440
f 20502/18370/15556 20506/18368/15554 21457/18836/15973 20503/18371/15557
f 20606/18372/15558 20501/18373/15559 20551/18373/15499 21719/18372/15946
f 20501/18373/15559 20508/18364/15547 21468/18364/15498 20551/18373/15499
f 20501/18373/15559 20503/18371/15557 21457/18836/15973 20508/18364/15547
f 20519/18814/15561 20497/18330/15562 20500/18329/15806 21707/18813/15972
f 20497/18330/15562 20499/18327/15563 21454/18328/15564 20500/18329/15806
f 20497/18376/15562 20498/18374/15560 21455/18839/15974 20499/18838/15563
f 20494/18377/15565 20493/18378/15566 20496/18822/15575 21706/18589/15777
f 20493/18840/15566 20495/18379/15567 21453/18380/15568 20496/18387/15575
f 20493/18840/15566 20499/18838/15563 21455/18839/15974 20495/18379/15567
f 20491/18381/15569 20490/18382/15570 20590/18273/15453 21714/18809/15956
f 20490/18382/15570 20492/18383/15571 21478/18272/15452 20590/18273/15453
f 20490/18382/15570 20495/18379/15567 21455/18839/15974 20492/18383/15571
f 20596/18384/15572 20489/18385/15573 20514/18359/15542 21715/18806/15953
f 20489/18385/15573 20498/18374/15560 21459/18358/15541 20514/18359/15542
f 20489/18385/15573 20492/18383/15571 21455/18839/15974 20498/18374/15560
f 20496/18822/15575 20485/18344/15576 20488/18343/15766 21706/18589/15777
f 20485/18344/15576 20487/18341/15577 21451/18342/15578 20488/18343/15766
f 20485/18388/15576 20486/18386/15574 21452/18842/15975 20487/18841/15577
f 20483/18389/15579 20482/18390/15580 20533/18827/15520 21709/18826/15968
f 20482/18844/15580 20484/18391/15581 21462/18392/15519 20533/18843/15520
f 20482/18844/15580 20487/18841/15577 21452/18842/15975 20484/18391/15581
f 20526/18393/15582 20480/18394/15583 20579/18287/15467 21717/18811/15949
f 20480/18394/15583 20481/18395/15584 21475/18286/15466 20579/18287/15467
f 20480/18394/15583 20484/18391/15581 21452/18842/15975 20481/18395/15584
f 20584/18396/15585 20479/18397/15586 20491/18381/15569 21714/18809/15956
f 20479/18397/15586 20486/18386/15574 21453/18380/15568 20491/18381/15569
f 20479/18397/15586 20481/18395/15584 21452/18842/15975 20486/18386/15574
f 20475/18400/15978 20474/18401/15977 20478/18496/15684 21705/18845/15976
f 20474/18401/15977 20477/18402/15591 21449/18403/15592 20478/18496/15684
f 20474/18401/15590 20476/18398/15587 21450/18846/15980 20477/18402/15979
f 20471/18404/15593 20470/18405/15594 20473/18848/15982 21704/18847/15981
f 20470/18405/15983 20472/18406/15595 21448/18407/15596 20473/18848/15631
f 20470/18405/15983 20477/18402/15979 21450/18846/15980 20472/18406/15595
f 20468/18408/15597 20467/18409/15598 21269/17471/14720 21788/18655/15844
f 20467/18409/15598 20469/18410/15599 21647/17470/14719 21269/17471/14720
f 20467/18409/15598 20472/18406/15595 21450/18846/15980 20469/18410/15599
f 21276/18411/15600 20465/18412/15601 20466/18436/15625 21763/18653/15842
f 20465/18412/15601 20476/18398/15587 21447/18399/15588 20466/18436/15625
f 20465/18412/15601 20469/18410/15599 21450/18846/15980 20476/18398/15587
f 20461/18415/15604 20460/18416/15605 20464/18511/15699 21703/18849/15984
f 20460/18416/15605 20463/18417/15606 21445/18418/15607 20464/18511/15699
f 20460/18416/15605 20462/18413/15602 21446/18850/15985 20463/18417/15606
f 20457/18419/15608 20456/18420/15609 20459/18429/15618 21702/18851/15986
f 20456/18420/15609 20458/18421/15610 21444/18422/15611 20459/18429/15618
f 20456/18420/15609 20463/18417/15606 21446/18850/15985 20458/18421/15610
f 20454/18423/15612 20453/18424/15613 21184/17564/14800 21766/18662/15850
f 20453/18424/15613 20455/18425/15614 21622/17563/14799 21184/17564/14800
f 20453/18424/15613 20458/18421/15610 21446/18850/15985 20455/18425/15614
f 21190/18426/15615 20451/18427/15616 20452/18427/15653 21760/18681/15862
f 20451/18427/15616 20462/18413/15602 21443/18414/15603 20452/18427/15653
f 20451/18427/15616 20455/18425/15614 21446/18850/15985 20462/18413/15602
f 20459/18429/15618 20447/18430/15619 20450/18524/15712 21702/18851/15986
f 20447/18430/15987 20449/18431/15620 21441/18432/15621 20450/18524/15712
f 20447/18430/15990 20448/18428/15617 21442/18852/15989 20449/18431/15988
f 20445/18433/15622 20444/18434/15623 20475/18400/15978 21705/18845/15976
f 20444/18434/15991 20446/18435/15624 21447/18399/15588 20475/18400/15589
f 20444/18434/15991 20449/18431/15988 21442/18852/15989 20446/18435/15624
f 20466/18436/15625 20442/18437/15626 21064/17718/14936 21763/18653/15842
f 20442/18437/15626 20443/18438/15627 21596/17717/14935 21064/17718/14936
f 20442/18437/15626 20446/18435/15624 21442/18852/15989 20443/18438/15627
f 21067/18439/15628 20441/18440/15629 20454/18423/15612 21766/18662/15850
f 20441/18440/15629 20448/18428/15617 21444/18422/15611 20454/18423/15612
f 20441/18440/15629 20443/18438/15627 21442/18852/15989 20448/18428/15617
f 20473/18443/15982 20437/18444/15992 20440/18539/15726 21704/18853/15981
f 20437/18444/15992 20439/18445/15633 21439/18446/15634 20440/18539/15726
f 20437/18444/15632 20438/18441/15630 21440/18854/15994 20439/18445/15993
f 20434/18447/15635 20433/18448/15636 20436/18471/15996 21701/18855/15995
f 20433/18448/15997 20435/18449/15637 21438/18450/15638 20436/18471/15659
f 20433/18448/15997 20439/18445/15993 21440/18854/15994 20435/18449/15637
f 20431/18451/15639 20430/18452/15640 20969/17825/15032 21734/18728/15894
f 20430/18452/15640 20432/18453/15641 21569/17824/15031 20969/17825/15032
f 20430/18452/15640 20435/18449/15637 21440/18854/15994 20432/18453/15641
f 20962/18454/15642 20429/18455/15643 20468/18856/15597 21788/18731/15844
f 20429/18455/15643 20438/18441/15630 21448/18442/15596 20468/18856/15597
f 20429/18455/15643 20432/18453/15641 21440/18854/15994 20438/18441/15630
f 20425/18458/15646 20424/18459/15647 20428/18554/15740 21700/18857/15998
f 20424/18459/15647 20427/18460/15648 21436/18461/15649 20428/18554/15740
f 20424/18459/15647 20426/18456/15644 21437/18858/15999 20427/18460/15648
f 20422/18462/15650 20421/18463/15651 20461/18860/15604 21703/18859/15984
f 20421/18463/15651 20423/18464/15652 21443/18465/15603 20461/18860/15604
f 20421/18463/15651 20427/18460/15648 21437/18858/15999 20423/18464/15652
f 20452/18466/15653 20419/18466/15654 20888/17918/15111 21760/18756/15862
f 20419/18466/15654 20420/18467/15655 21546/17917/15110 20888/17918/15111
f 20419/18466/15654 20423/18464/15652 21437/18858/15999 20420/18467/15655
f 20880/18468/15656 20417/18469/15657 20418/18478/15666 21737/18734/15898
f 20417/18469/15657 20426/18456/15644 21435/18457/15645 20418/18478/15666
f 20417/18469/15657 20420/18467/15655 21437/18858/15999 20426/18456/15644
f 20436/18471/15996 20413/18472/16000 20416/18567/15753 21701/18855/15995
f 20413/18472/16000 20415/18473/15661 21433/18474/15662 20416/18567/15753
f 20413/18472/15660 20414/18470/15658 21434/18861/16002 20415/18473/16001
f 20411/18475/15663 20410/18476/16003 20425/18458/15646 21700/18857/15998
f 20410/18476/16003 20412/18477/15665 21435/18457/15645 20425/18458/15646
f 20410/18476/16004 20415/18473/16001 21434/18861/16002 20412/18477/15665
f 20418/18478/15666 20408/18479/15667 20769/18073/15246 21737/18734/15898
f 20408/18479/15667 20409/18480/15668 21523/18072/15245 20769/18073/15246
f 20408/18479/15667 20412/18477/15665 21434/18861/16002 20409/18480/15668
f 20773/18481/15669 20407/18482/15670 20431/18451/15639 21734/18728/15894
f 20407/18482/15670 20414/18470/15658 21438/18450/15638 20431/18451/15639
f 20407/18482/15670 20409/18480/15668 21434/18861/16002 20414/18470/15658
f 20403/18485/15673 20402/18486/15674 20406/18578/15764 21699/18862/16005
f 20402/18486/15674 20405/18487/15675 21431/18488/15676 20406/18578/15764
f 20402/18486/15674 20404/18483/15671 21432/18863/16006 20405/18487/15675
f 20399/18489/15677 20398/18490/15678 20401/18865/15715 21698/18864/16007
f 20398/18490/15678 20400/18491/15679 21430/18492/15680 20401/18865/15715
f 20398/18490/15678 20405/18487/15675 21432/18863/16006 20400/18491/15679
f 20396/18493/15681 20395/18494/15682 20471/18404/15593 21704/18847/15981
f 20395/18494/15682 20397/18495/15683 21449/18403/15592 20471/18404/15593
f 20395/18494/15682 20400/18491/15679 21432/18863/16006 20397/18495/15683
f 20478/18496/15684 20393/18497/15685 20394/18521/15709 21705/18845/15976
f 20393/18497/15685 20404/18483/15671 21429/18484/15672 20394/18521/15709
f 20393/18497/15685 20397/18495/15683 21432/18863/16006 20404/18483/15671
f 20389/18500/15688 20388/18501/15689 20392/18587/15775 21697/18866/16008
f 20388/18501/15689 20391/18502/15690 21427/18503/15691 20392/18587/15775
f 20388/18501/15689 20390/18498/15686 21428/18867/16009 20391/18502/15690
f 20385/18504/15692 20384/18505/15693 20387/18514/15702 21696/18868/16010
f 20384/18505/15693 20386/18506/15694 21426/18507/15695 20387/18514/15702
f 20384/18505/15693 20391/18502/15690 21428/18867/16009 20386/18506/15694
f 20382/18508/15696 20381/18509/15697 20457/18419/15608 21702/18851/15986
f 20381/18509/15697 20383/18510/15698 21445/18418/15607 20457/18419/15608
f 20381/18509/15697 20386/18506/15694 21428/18867/16009 20383/18510/15698
f 20464/18511/15699 20379/18512/15700 20380/18869/15737 21703/18849/15984
f 20379/18512/15700 20390/18498/15686 21425/18499/15687 20380/18869/15737
f 20379/18512/15700 20383/18510/15698 21428/18867/16009 20390/18498/15686
f 20387/18514/15702 20375/18515/15703 20378/18598/15786 21696/18868/16010
f 20375/18515/15703 20377/18516/15704 21423/18517/15705 20378/18598/15786
f 20375/18515/15703 20376/18513/15701 21424/18870/16011 20377/18516/15704
f 20373/18518/15706 20372/18519/15707 20403/18485/15673 21699/18862/16005
f 20372/18519/15707 20374/18520/15708 21429/18484/15672 20403/18485/15673
f 20372/18519/15707 20377/18516/15704 21424/18870/16011 20374/18520/15708
f 20394/18521/15709 20370/18522/15710 20445/18433/15622 21705/18845/15976
f 20370/18522/15710 20371/18523/15711 21441/18432/15621 20445/18433/15622
f 20370/18522/15710 20374/18520/15708 21424/18870/16011 20371/18523/15711
f 20450/18524/15712 20369/18525/15713 20382/18508/15696 21702/18851/15986
f 20369/18525/15713 20376/18513/15701 21426/18507/15695 20382/18508/15696
f 20369/18525/15713 20371/18523/15711 21424/18870/16011 20376/18513/15701
f 20401/18528/15715 20365/18529/15716 20368/18607/15795 21698/18871/16007
f 20365/18529/15716 20367/18530/15717 21421/18531/15718 20368/18607/15795
f 20365/18529/15716 20366/18526/15714 21422/18872/16012 20367/18530/15717
f 20362/18532/15719 20361/18533/15720 20364/18557/15743 21695/18873/16013
f 20361/18533/15720 20363/18534/15721 21420/18535/15722 20364/18557/15743
f 20361/18533/15720 20367/18530/15717 21422/18872/16012 20363/18534/15721
f 20359/18536/15723 20358/18537/15724 20434/18447/15635 21701/18855/15995
f 20358/18537/15724 20360/18538/15725 21439/18446/15634 20434/18447/15635
f 20358/18537/15724 20363/18534/15721 21422/18872/16012 20360/18538/15725
f 20440/18539/15726 20357/18540/15727 20396/18874/15681 21704/18853/15981
f 20357/18540/15727 20366/18526/15714 21430/18527/15680 20396/18874/15681
f 20357/18540/15727 20360/18538/15725 21422/18872/16012 20366/18526/15714
f 20353/18543/15730 20352/18544/15731 20356/18616/15804 21694/18875/16014
f 20352/18544/15731 20355/18545/15732 21418/18546/15733 20356/18616/15804
f 20352/18544/15731 20354/18541/15728 21419/18876/16015 20355/18545/15732
f 20350/18547/15734 20349/18548/15735 20389/18878/15688 21697/18877/16008
f 20349/18548/15735 20351/18549/15736 21425/18550/15687 20389/18878/15688
f 20349/18548/15735 20355/18545/15732 21419/18876/16015 20351/18549/15736
f 20380/18551/15737 20347/18552/15738 20422/18462/15650 21703/18859/15984
f 20347/18552/15738 20348/18553/15739 21436/18461/15649 20422/18462/15650
f 20347/18552/15738 20351/18549/15736 21419/18876/16015 20348/18553/15739
f 20428/18554/15740 20345/18555/15741 20346/18564/15750 21700/18857/15998
f 20345/18555/15741 20354/18541/15728 21417/18542/15729 20346/18564/15750
f 20345/18555/15741 20348/18553/15739 21419/18876/16015 20354/18541/15728
f 20364/18557/15743 20341/18558/15744 20344/18625/15815 21695/18873/16013
f 20341/18558/15744 20343/18559/15745 21415/18560/15746 20344/18625/15815
f 20341/18558/15744 20342/18556/15742 21416/18879/16016 20343/18559/15745
f 20339/18561/15747 20338/18562/15748 20353/18543/15730 21694/18875/16014
f 20338/18562/15748 20340/18563/15749 21417/18542/15729 20353/18543/15730
f 20338/18562/15748 20343/18559/15745 21416/18879/16016 20340/18563/15749
f 20346/18564/15750 20336/18565/15751 20411/18475/15663 21700/18857/15998
f 20336/18565/15751 20337/18566/15752 21433/18474/15662 20411/18475/15663
f 20336/18565/15751 20340/18563/15749 21416/18879/16016 20337/18566/15752
f 20416/18567/15753 20335/18568/15754 20359/18536/15723 21701/18855/15995
f 20335/18568/15754 20342/18556/15742 21420/18535/15722 20359/18536/15723
f 20335/18568/15754 20337/18566/15752 21416/18879/16016 20342/18556/15742
f 20195/18619/16017 21711/18316/15964 20510/18316/15808 20194/18619/15809
f 20196/18619/16018 20554/18316/15495 21711/18316/15964 20195/18619/16017
f 20219/18880/16019 21707/18813/15972 20500/18329/15806 20218/18618/15807
f 20197/18610/16020 21469/18315/15494 20554/18316/15495 20196/18619/16018
f 20220/18571/15757 20517/18355/15538 21707/18813/15972 20219/18880/16019
f 20238/18883/14710 20230/18882/14710 20221/18881/16021
f 20324/18575/15761 20323/18576/15762 20399/18489/15677 21698/18864/16007
f 20323/18576/15762 20325/18577/15763 21431/18488/15676 20399/18489/15677
f 20323/18576/15762 20328/18573/15759 21414/18884/16022 20325/18577/15763
f 20406/18578/15764 20321/18579/15765 20322/18595/15783 21699/18862/16005
f 20321/18579/15765 20332/18885/16023 21411/18594/15782 20322/18595/15783
f 20321/18579/15765 20325/18577/15763 21414/18884/16022 20332/18885/16023
f 20198/18601/16024 20560/18366/15962 21469/18315/15494 20197/18610/16020
f 20199/18592/16025 21712/18591/15961 20560/18366/15962 20198/18601/16024
f 20222/18887/14710 20239/18886/16021 20221/18881/16021
f 20200/18581/16026 20567/18302/15481 21712/18591/15961 20199/18592/16025
f 20223/18888/16021 20222/18887/14710 20221/18881/16021
f 20240/18889/14710 20223/18888/16021 20221/18881/16021
f 20311/18584/15772 20310/18585/15773 20385/18504/15692 21696/18868/16010
f 20310/18585/15773 20312/18586/15774 21427/18503/15691 20385/18504/15692
f 20310/18585/15773 20314/18582/15770 21410/18890/16027 20312/18586/15774
f 20392/18587/15775 20308/18588/15776 20309/18891/15801 21697/18866/16008
f 20308/18588/15776 20318/18893/16028 21407/18892/15800 20309/18891/15801
f 20308/18588/15776 20312/18586/15774 21410/18890/16027 20318/18893/16028
f 20201/18572/16029 21473/18301/15480 20567/18302/15481 20200/18581/16026
f 20202/18571/16030 20574/18355/15959 21473/18301/15480 20201/18572/16029
f 20224/18895/14710 20241/18894/14710 20221/18881/16021
f 20203/18880/16031 21713/18813/15958 20574/18355/15959 20202/18571/16030
f 20226/18896/14710 20224/18895/14710 20221/18881/16021
f 20242/18898/16021 20228/18897/14710 20221/18881/16021
f 20322/18595/15783 20304/18596/15784 20373/18518/15706 21699/18862/16005
f 20304/18596/15784 20305/18597/15785 21423/18517/15705 20373/18518/15706
f 20304/18596/15784 20306/18593/15781 21406/18899/16032 20305/18597/15785
f 20378/18598/15786 20303/18599/15787 20311/18584/15772 21696/18868/16010
f 20303/18599/15787 20307/18900/16033 21408/18583/15771 20311/18584/15772
f 20303/18599/15787 20305/18597/15785 21406/18899/16032 20307/18900/16033
f 20204/18618/16034 20542/18329/15510 21713/18813/15958 20203/18880/16031
f 20205/18609/16035 21466/18328/15509 20542/18329/15510 20204/18618/16034
f 20225/18902/14710 20243/18901/16021 20221/18881/16021
f 20206/18600/16036 20548/18377/15966 21466/18328/15509 20205/18609/16035
f 20233/18903/14710 20225/18902/14710 20221/18881/16021
f 20244/18904/14710 20226/18896/14710 20221/18881/16021
f 20299/18604/15792 20298/18605/15793 20362/18532/15719 21695/18873/16013
f 20298/18605/15793 20300/18606/15794 21421/18531/15718 20362/18532/15719
f 20298/18605/15793 20301/18602/15790 21404/18905/16037 20300/18606/15794
f 20368/18607/15795 20297/18608/15796 20324/18906/15761 21698/18871/16007
f 20297/18608/15796 20302/18908/16038 21412/18907/15760 20324/18906/15761
f 20297/18608/15796 20300/18606/15794 21404/18905/16037 20302/18908/16038
f 20207/18590/16039 21710/18589/15965 20548/18377/15966 20206/18600/16036
f 20208/18580/16040 20530/18343/15524 21710/18589/15965 20207/18590/16039
f 20227/18910/14710 20245/18909/14710 20221/18881/16021
f 20209/18570/16041 21463/18342/15523 20530/18343/15524 20208/18580/16040
f 20228/18897/14710 20227/18910/14710 20221/18881/16021
f 20246/18912/16021 20232/18911/14710 20221/18881/16021
f 20309/18613/15801 20293/18614/15802 20350/18547/15734 21697/18877/16008
f 20293/18614/15802 20294/18615/15803 21418/18546/15733 20350/18547/15734
f 20293/18614/15802 20295/18611/15799 21401/18913/16042 20294/18615/15803
f 20356/18616/15804 20291/18617/15805 20292/18622/15812 21694/18875/16014
f 20291/18617/15805 20296/18914/16043 21399/18621/15811 20292/18622/15812
f 20291/18617/15805 20294/18615/15803 21401/18913/16042 20296/18914/16043
f 20210/18569/16044 20536/18389/15969 21463/18342/15523 20209/18570/16041
f 20211/18915/16045 21709/18826/15968 20536/18389/15969 20210/18569/16044
f 20229/18917/14710 20247/18916/14710 20221/18881/16021
f 20212/18569/15755 20483/18389/15579 21709/18826/15968 20211/18915/16045
f 20230/18882/14710 20229/18917/14710 20221/18881/16021
f 20248/18919/16021 20237/18918/16021 20221/18881/16021
f 20292/18622/15812 20287/18623/15813 20339/18561/15747 21694/18875/16014
f 20287/18623/15813 20288/18624/15814 21415/18560/15746 20339/18561/15747
f 20287/18623/15813 20289/18620/15810 21398/18920/16046 20288/18624/15814
f 20344/18625/15815 20286/18626/15816 20299/18604/15792 21695/18873/16013
f 20286/18626/15816 20290/18921/16047 21402/18603/15791 20299/18604/15792
f 20286/18626/15816 20288/18624/15814 21398/18920/16046 20290/18921/16047
f 20200/18581/16026 20284/18923/16026 20285/18922/16029 20201/18572/16029
f 20196/18619/16018 20282/18925/16018 20283/18924/16020 20197/18610/16020
f 20204/18618/16034 20280/18927/16034 20281/18926/16035 20205/18609/16035
f 20208/18580/16040 20278/18929/16040 20279/18928/16041 20209/18570/16041
f 20220/18571/15757 20276/18930/15757 20277/18922/15758 20189/18572/15758
f 20192/18601/15789 20274/18931/15789 20275/18924/15798 20193/18610/15798
f 20216/18600/15788 20272/18932/15788 20273/18926/15797 20217/18609/15797
f 20212/18569/15755 20270/18933/15755 20271/18928/15756 20213/18570/15756
f 20202/18571/16030 20268/18930/16030 20269/18934/16031 20203/18880/16031
f 20201/18572/16029 20285/18922/16029 20268/18930/16030 20202/18571/16030
f 20199/18592/16025 20267/18935/16025 20284/18923/16026 20200/18581/16026
f 20198/18601/16024 20266/18931/16024 20267/18935/16025 20199/18592/16025
f 20197/18610/16020 20283/18924/16020 20266/18931/16024 20198/18601/16024
f 20195/18619/16017 20265/18925/16017 20282/18925/16018 20196/18619/16018
f 20206/18600/16036 20263/18932/16036 20264/18936/16039 20207/18590/16039
f 20205/18609/16035 20281/18926/16035 20263/18932/16036 20206/18600/16036
f 20203/18880/16031 20269/18934/16031 20280/18927/16034 20204/18618/16034
f 20210/18569/16044 20261/18933/16044 20262/18937/16045 20211/18915/16045
f 20209/18570/16041 20279/18928/16041 20261/18933/16044 20210/18569/16044
f 20207/18590/16039 20264/18936/16039 20278/18929/16040 20208/18580/16040
f 20190/18581/15769 20259/18923/15769 20260/18935/15780 20191/18592/15780
f 20189/18572/15758 20277/18922/15758 20259/18923/15769 20190/18581/15769
f 20219/18880/16019 20258/18934/16019 20276/18930/15757 20220/18571/15757
f 20194/18619/15809 20257/18925/15809 20265/18925/16017 20195/18619/16017
f 20193/18610/15798 20275/18924/15798 20257/18925/15809 20194/18619/15809
f 20191/18592/15780 20260/18935/15780 20274/18931/15789 20192/18601/15789
f 20218/18618/15807 20256/18927/15807 20258/18934/16019 20219/18880/16019
f 20217/18609/15797 20273/18926/15797 20256/18927/15807 20218/18618/15807
f 20215/18590/15778 20255/18936/15778 20272/18932/15788 20216/18600/15788
f 20214/18580/15767 20254/18929/15767 20255/18936/15778 20215/18590/15778
f 20213/18570/15756 20271/18928/15756 20254/18929/15767 20214/18580/15767
f 20211/18915/16045 20262/18937/16045 20270/18933/15755 20212/18569/15755
f 20285/18941/16021 20284/18940/16021 20252/18939/16021 20253/18938/16021
f 20283/18945/16021 20282/18944/16021 20250/18943/16021 20251/18942/14710
f 20281/18948/16021 20280/18947/14710 20248/18919/16021 20249/18946/16021
f 20279/18950/14710 20278/18949/16021 20246/18912/16021 20247/18916/14710
f 20277/18952/14710 20276/18951/16021 20244/18904/14710 20245/18909/14710
f 20275/18954/14710 20274/18953/14710 20242/18898/16021 20243/18901/16021
f 20273/18956/14710 20272/18955/14710 20240/18889/14710 20241/18894/14710
f 20271/18958/16021 20270/18957/16021 20238/18883/14710 20239/18886/16021
f 20269/18961/16021 20268/18960/14710 20236/18959/16021 20237/18918/16021
f 20268/18960/14710 20285/18941/16021 20253/18938/16021 20236/18959/16021
f 20284/18940/16021 20267/18963/16021 20235/18962/16021 20252/18939/16021
f 20267/18963/16021 20266/18965/14710 20234/18964/14710 20235/18962/16021
f 20266/18965/14710 20283/18945/16021 20251/18942/14710 20234/18964/14710
f 20282/18944/16021 20265/18966/14710 20233/18903/14710 20250/18943/16021
f 20264/18969/14710 20263/18968/16021 20231/18967/16021 20232/18911/14710
f 20263/18968/16021 20281/18948/16021 20249/18946/16021 20231/18967/16021
f 20280/18947/14710 20269/18961/16021 20237/18918/16021 20248/18919/16021
f 20262/18971/14710 20261/18970/14710 20229/18917/14710 20230/18882/14710
f 20261/18970/14710 20279/18950/14710 20247/18916/14710 20229/18917/14710
f 20278/18949/16021 20264/18969/14710 20232/18911/14710 20246/18912/16021
f 20260/18973/14710 20259/18972/14710 20227/18910/14710 20228/18897/14710
f 20259/18972/14710 20277/18952/14710 20245/18909/14710 20227/18910/14710
f 20276/18951/16021 20258/18974/14710 20226/18896/14710 20244/18904/14710
f 20265/18966/14710 20257/18975/14710 20225/18902/14710 20233/18903/14710
f 20257/18975/14710 20275/18954/14710 20243/18901/16021 20225/18902/14710
f 20274/18953/14710 20260/18973/14710 20228/18897/14710 20242/18898/16021
f 20258/18974/14710 20256/18976/16021 20224/18895/14710 20226/18896/14710
f 20256/18976/16021 20273/18956/14710 20241/18894/14710 20224/18895/14710
f 20272/18955/14710 20255/18977/16021 20223/18888/16021 20240/18889/14710
f 20255/18977/16021 20254/18978/16021 20222/18887/14710 20223/18888/16021
f 20254/18978/16021 20271/18958/16021 20239/18886/16021 20222/18887/14710
f 20270/18957/16021 20262/18971/14710 20230/18882/14710 20238/18883/14710
f 20253/18938/16021 20252/18939/16021 20221/18881/16021
f 20251/18942/14710 20250/18943/16021 20221/18881/16021
f 20249/18946/16021 20248/18919/16021 20221/18881/16021
f 20247/18916/14710 20246/18912/16021 20221/18881/16021
f 20245/18909/14710 20244/18904/14710 20221/18881/16021
f 20243/18901/16021 20242/18898/16021 20221/18881/16021
f 20241/18894/14710 20240/18889/14710 20221/18881/16021
f 20239/18886/16021 20238/18883/14710 20221/18881/16021
f 20237/18918/16021 20236/18959/16021 20221/18881/16021
f 20236/18959/16021 20253/18938/16021 20221/18881/16021
f 20252/18939/16021 20235/18962/16021 20221/18881/16021
f 20235/18962/16021 20234/18964/14710 20221/18881/16021
f 20234/18964/14710 20251/18942/14710 20221/18881/16021
f 20250/18943/16021 20233/18903/14710 20221/18881/16021
f 20232/18911/14710 20231/18967/16021 20221/18881/16021
f 20231/18967/16021 20249/18946/16021 20221/18881/16021
f 20134/18982/16049 20328/18981/15759 21412/18980/15760 20135/18979/16048
f 20126/18986/16051 20314/18985/15770 21408/18984/15771 20127/18983/16050
f 20130/18990/16053 20306/18989/15781 21411/18988/15782 20131/18987/16052
f 20138/18992/16055 20301/18991/15790 21402/18988/15791 20140/18987/16054
f 20122/18996/16056 20295/18995/15799 21407/18994/15800 20123/18993/16017
f 20118/18998/16058 20289/18997/15810 21399/18984/15811 20119/18983/16057
f 20133/19000/16059 21414/18999/16022 20328/18981/15759 20134/18982/16049
f 20131/18987/16052 21411/18988/15782 20332/18991/16023 20132/18992/16060
f 20132/18992/16060 20332/18991/16023 21414/18999/16022 20133/19000/16059
f 20125/19002/16061 21410/19001/16027 20314/18985/15770 20126/18986/16051
f 20123/18993/16017 21407/18994/15800 20318/18995/16028 20124/18996/16062
f 20124/18996/16062 20318/18995/16028 21410/19001/16027 20125/19002/16061
f 20129/19004/16063 21406/19003/16032 20306/18989/15781 20130/18990/16053
f 20127/18983/16050 21408/18984/15771 20307/18997/16033 20128/18998/16064
f 20128/18998/16064 20307/18997/16033 21406/19003/16032 20129/19004/16063
f 20137/19000/16065 21404/18999/16037 20301/18991/15790 20138/18992/16055
f 20135/18979/16048 21412/18980/15760 20302/18981/16038 20136/18982/16066
f 20136/18982/16066 20302/18981/16038 21404/18999/16037 20137/19000/16065
f 20121/19002/16067 21401/19001/16042 20295/18995/15799 20122/18996/16056
f 20119/18983/16057 21399/18984/15811 20296/18985/16043 20120/18986/16068
f 20120/18986/16068 20296/18985/16043 21401/19001/16042 20121/19002/16067
f 20117/19004/16069 21398/19003/16046 20289/18997/15810 20118/18998/16058
f 20140/18987/16054 21402/18988/15791 20290/18989/16047 20139/18990/16070
f 20139/18990/16070 20290/18989/16047 21398/19003/16046 20117/19004/16069
f 20188/19008/16049 20187/19007/16048 20163/19006/16048 20164/19005/16049
f 20186/19012/16051 20185/19011/16050 20161/19010/16050 20162/19009/16051
f 20184/19016/16053 20183/19015/16052 20159/19014/16052 20160/19013/16053
f 20182/19018/16055 20181/19015/16054 20157/19014/16054 20158/19017/16055
f 20180/19022/16056 20179/19021/16017 20155/19020/16017 20156/19019/16056
f 20178/19024/16058 20177/19011/16057 20153/19010/16057 20154/19023/16058
f 20176/19026/16059 20188/19008/16049 20164/19005/16049 20152/19025/16059
f 20183/19015/16052 20175/19018/16060 20151/19017/16060 20159/19014/16052
f 20175/19018/16060 20176/19026/16059 20152/19025/16059 20151/19017/16060
f 20174/19028/16061 20186/19012/16051 20162/19009/16051 20150/19027/16061
f 20179/19021/16017 20173/19022/16062 20149/19019/16062 20155/19020/16017
f 20173/19022/16062 20174/19028/16061 20150/19027/16061 20149/19019/16062
f 20172/19030/16063 20184/19016/16053 20160/19013/16053 20148/19029/16063
f 20185/19011/16050 20171/19024/16064 20147/19023/16064 20161/19010/16050
f 20171/19024/16064 20172/19030/16063 20148/19029/16063 20147/19023/16064
f 20170/19026/16065 20182/19018/16055 20158/19017/16055 20146/19025/16065
f 20187/19007/16048 20169/19008/16066 20145/19005/16066 20163/19006/16048
f 20169/19008/16066 20170/19026/16065 20146/19025/16065 20145/19005/16066
f 20168/19028/16067 20180/19022/16056 20156/19019/16056 20144/19027/16067
f 20177/19011/16057 20167/19012/16068 20143/19009/16068 20153/19010/16057
f 20167/19012/16068 20168/19028/16067 20144/19027/16067 20143/19009/16068
f 20166/19030/16069 20178/19024/16058 20154/19023/16058 20142/19029/16069
f 20181/19015/16054 20165/19016/16070 20141/19013/16070 20157/19014/16054
f 20165/19016/16070 20166/19030/16069 20142/19029/16069 20141/19013/16070
f 20164/19034/16071 20163/19033/16072 21692/19032/16071 21693/19031/16071
f 20162/19038/16072 20161/19037/16072 21690/19036/16071 21691/19035/16071
f 20160/19042/16072 20159/19041/16072 21688/19040/16072 21689/19039/16072
f 20158/19046/16071 20157/19045/16071 21409/19044/16071 21413/19043/16071
f 20156/19050/16071 20155/19049/16071 21403/19048/16071 21405/19047/16071
f 20154/19054/16071 20153/19053/16071 21397/19052/16072 21400/19051/16071
f 20152/19056/16072 20164/19034/16071 21693/19031/16071 20334/19055/16071
f 20159/19041/16072 20151/19058/16072 20333/19057/16072 21688/19040/16072
f 20151/19058/16072 20152/19056/16072 20334/19055/16071 20333/19057/16072
f 20150/19060/16071 20162/19038/16072 21691/19035/16071 20331/19059/16072
f 20155/19049/16071 20149/19062/16072 20330/19061/16072 21403/19048/16071
f 20149/19062/16072 20150/19060/16071 20331/19059/16072 20330/19061/16072
f 20148/19064/16071 20160/19042/16072 21689/19039/16072 20329/19063/16071
f 20161/19037/16072 20147/19066/16072 20327/19065/16072 21690/19036/16071
f 20147/19066/16072 20148/19064/16071 20329/19063/16071 20327/19065/16072
f 20146/19068/16071 20158/19046/16071 21413/19043/16071 20326/19067/16072
f 20163/19033/16072 20145/19070/16072 20320/19069/16072 21692/19032/16071
f 20145/19070/16072 20146/19068/16071 20326/19067/16072 20320/19069/16072
f 20144/19072/16072 20156/19050/16071 21405/19047/16071 20319/19071/16071
f 20153/19053/16071 20143/19074/16071 20317/19073/16072 21397/19052/16072
f 20143/19074/16071 20144/19072/16072 20319/19071/16071 20317/19073/16072
f 20142/19076/16072 20154/19054/16071 21400/19051/16071 20316/19075/16072
f 20157/19045/16071 20141/19078/16071 20315/19077/16071 21409/19044/16071
f 20141/19078/16071 20142/19076/16072 20316/19075/16072 20315/19077/16071
f 21693/19031/16071 21692/19032/16071 20313/19079/16071
f 21691/19035/16071 21690/19036/16071 20313/19079/16071
f 21689/19039/16072 21688/19040/16072 20313/19079/16071
f 21413/19043/16071 21409/19044/16071 20313/19079/16071
f 21405/19047/16071 21403/19048/16071 20313/19079/16071
f 21400/19051/16071 21397/19052/16072 20313/19079/16071
f 20334/19055/16071 21693/19031/16071 20313/19079/16071
f 21688/19040/16072 20333/19057/16072 20313/19079/16071
f 20333/19057/16072 20334/19055/16071 20313/19079/16071
f 20331/19059/16072 21691/19035/16071 20313/19079/16071
f 21403/19048/16071 20330/19061/16072 20313/19079/16071
f 20330/19061/16072 20331/19059/16072 20313/19079/16071
f 20329/19063/16071 21689/19039/16072 20313/19079/16071
f 21690/19036/16071 20327/19065/16072 20313/19079/16071
f 20327/19065/16072 20329/19063/16071 20313/19079/16071
f 20326/19067/16072 21413/19043/16071 20313/19079/16071
f 21692/19032/16071 20320/19069/16072 20313/19079/16071
f 20320/19069/16072 20326/19067/16072 20313/19079/16071
f 20319/19071/16071 21405/19047/16071 20313/19079/16071
f 21397/19052/16072 20317/19073/16072 20313/19079/16071
f 20317/19073/16072 20319/19071/16071 20313/19079/16071
f 20316/19075/16072 21400/19051/16071 20313/19079/16071
f 21409/19044/16071 20315/19077/16071 20313/19079/16071
f 20315/19077/16071 20316/19075/16072 20313/19079/16071
f 20139/18990/16070 20165/19016/16070 20181/19015/16054 20140/18987/16054
f 20140/18987/16054 20181/19015/16054 20182/19018/16055 20138/18992/16055
f 20138/18992/16055 20182/19018/16055 20170/19026/16065 20137/19000/16065
f 20137/19000/16065 20170/19026/16065 20169/19008/16066 20136/18982/16066
f 20136/18982/16066 20169/19008/16066 20187/19007/16048 20135/18979/16048
f 20135/18979/16048 20187/19007/16048 20188/19008/16049 20134/18982/16049
f 20134/18982/16049 20188/19008/16049 20176/19026/16059 20133/19000/16059
f 20133/19000/16059 20176/19026/16059 20175/19018/16060 20132/18992/16060
f 20132/18992/16060 20175/19018/16060 20183/19015/16052 20131/18987/16052
f 20131/18987/16052 20183/19015/16052 20184/19016/16053 20130/18990/16053
f 20130/18990/16053 20184/19016/16053 20172/19030/16063 20129/19004/16063
f 20129/19004/16063 20172/19030/16063 20171/19024/16064 20128/18998/16064
f 20128/18998/16064 20171/19024/16064 20185/19011/16050 20127/18983/16050
f 20127/18983/16050 20185/19011/16050 20186/19012/16051 20126/18986/16051
f 20126/18986/16051 20186/19012/16051 20174/19028/16061 20125/19002/16061
f 20125/19002/16061 20174/19028/16061 20173/19022/16062 20124/18996/16062
f 20124/18996/16062 20173/19022/16062 20179/19021/16017 20123/18993/16017
f 20123/18993/16017 20179/19021/16017 20180/19022/16056 20122/18996/16056
f 20122/18996/16056 20180/19022/16056 20168/19028/16067 20121/19002/16067
f 20121/19002/16067 20168/19028/16067 20167/19012/16068 20120/18986/16068
f 20120/18986/16068 20167/19012/16068 20177/19011/16057 20119/18983/16057
f 20119/18983/16057 20177/19011/16057 20178/19024/16058 20118/18998/16058
f 20118/18998/16058 20178/19024/16058 20166/19030/16069 20117/19004/16069
f 20117/19004/16069 20166/19030/16069 20165/19016/16070 20139/18990/16070
f 20105/19080/16074 20106/19081/16074 20107/19081/16073 20108/19080/16073
f 20112/19085/16075 20111/19084/16075 20114/19083/16075 20113/19082/16075
f 20116/19082/16076 20115/19083/16076 20110/19084/16076 20109/19085/16076
f 20108/19080/16073 20107/19081/16073 20115/19083/16077 20116/19082/16077
f 20106/19081/16074 20105/19080/16074 20113/19082/16078 20114/19083/16078

usemtl default

