# WaveFront *.obj file (generated by Cheetah3D)

mtllib MQ-9.mtl

g SensorMount2
v -4.406598 1.444520 0.064098
v -4.403147 1.246798 0.064098
v -4.343616 1.247859 -0.177561
v -4.347068 1.445580 -0.177561
v -4.294004 1.248739 -0.220429
v -4.298725 1.446439 -0.220429
v -4.238043 1.249696 -0.250446
v -4.241494 1.447417 -0.250446
v -4.175402 1.250774 -0.265888
v -4.178853 1.448496 -0.265888
v -4.110842 1.251901 -0.265888
v -4.114293 1.449622 -0.265888
v -4.048201 1.253010 -0.250446
v -4.051652 1.450732 -0.250446
v -3.992290 1.254008 -0.220429
v -3.994431 1.451753 -0.220429
v -3.942637 1.254860 -0.177559
v -3.946089 1.452580 -0.177559
v -3.906003 1.255476 -0.124472
v -3.909454 1.453198 -0.124472
v -3.883106 1.255876 -0.064099
v -3.886558 1.453598 -0.064099
v -3.878778 1.453733 -0.000000
v -3.875327 1.256011 -0.000000
v -3.886558 1.453598 0.064098
v -3.883106 1.255876 0.064098
v -3.909454 1.453198 0.124472
v -3.906003 1.255476 0.124472
v -3.946089 1.452580 0.177559
v -3.942637 1.254860 0.177559
v -3.994431 1.451753 0.220429
v -3.992290 1.254008 0.220429
v -4.051652 1.450732 0.250447
v -4.048201 1.253010 0.250447
v -4.114293 1.449622 0.265888
v -4.110842 1.251901 0.265888
v -4.178853 1.448496 0.265888
v -4.175402 1.250774 0.265888
v -4.241494 1.447417 0.250446
v -4.238043 1.249696 0.250446
v -4.298725 1.446439 0.220429
v -4.294004 1.248739 0.220429
v -4.347068 1.445580 0.177561
v -4.383701 1.444920 0.124472
v -4.380250 1.247198 0.124472
v -4.343616 1.247859 0.177561
v -4.410926 1.246663 -0.000000
v -4.414377 1.444384 -0.000000
v -4.403147 1.246798 -0.064099
v -4.406598 1.444520 -0.064099
v -4.383701 1.444920 -0.124472
v -4.380250 1.247198 -0.124472
v -3.867001 1.453939 0.068920
v -3.891617 1.453509 0.133835
v -3.931051 1.452821 0.190971
v -3.983003 1.451914 0.237010
v -4.044473 1.450841 0.269273
v -4.111873 1.449665 0.285888
v -4.181283 1.448453 0.285888
v -4.248682 1.447277 0.269274
v -4.310143 1.446204 0.237010
v -4.422704 1.246457 0.068920
v -4.398088 1.246887 0.133835
v -4.358654 1.247575 0.190972
v -4.305422 1.248504 0.237010
v -4.245231 1.249555 0.269274
v -4.177831 1.250731 0.285888
v -4.108422 1.251943 0.285888
v -4.041022 1.253119 0.269273
v -3.980871 1.254169 0.237010
v -3.927599 1.255099 0.190971
v -3.888165 1.255787 0.133835
v -3.863549 1.256217 0.068920
v -4.362105 1.445297 0.190972
v -4.401539 1.444608 0.133835
v -4.426156 1.444179 0.068920
v -3.858632 1.454085 -0.000000
v -3.867001 1.453939 -0.068920
v -3.891617 1.453509 -0.133834
v -3.931051 1.452821 -0.190971
v -3.983003 1.451914 -0.237009
v -4.044473 1.450841 -0.269273
v -4.111873 1.449665 -0.285888
v -4.181283 1.448453 -0.285888
v -4.248682 1.447277 -0.269273
v -4.434524 1.444033 -0.000000
v -4.310143 1.446204 -0.237009
v -4.422704 1.246457 -0.068920
v -4.398088 1.246887 -0.133834
v -4.358654 1.247575 -0.190971
v -4.305422 1.248504 -0.237009
v -4.245231 1.249555 -0.269273
v -4.177831 1.250731 -0.285888
v -4.108422 1.251943 -0.285888
v -4.041022 1.253119 -0.269273
v -3.980871 1.254169 -0.237009
v -3.927599 1.255099 -0.190971
v -3.888165 1.255787 -0.133834
v -3.863549 1.256217 -0.068920
v -3.855180 1.256363 -0.000000
v -4.362105 1.445297 -0.190971
v -4.401539 1.444608 -0.133834
v -4.426156 1.444179 -0.068920
v -4.431073 1.246311 -0.000000

vt 0.061706 0.053269
vt 0.061706 0.066453
vt 0.063348 0.066453
vt 0.063348 0.053269
vt 0.063906 0.066453
vt 0.063906 0.053269
vt 0.059077 0.053269
vt 0.059077 0.066453
vt 0.055527 0.053269
vt 0.055612 0.066453
vt 0.051514 0.053269
vt 0.051514 0.066453
vt 0.047020 0.053269
vt 0.047020 0.066453
vt 0.042392 0.053269
vt 0.042392 0.066453
vt 0.037898 0.053269
vt 0.037898 0.066453
vt 0.033888 0.053269
vt 0.033800 0.066453
vt 0.030336 0.053269
vt 0.030336 0.066453
vt 0.027706 0.053269
vt 0.027706 0.066453
vt 0.026065 0.053269
vt 0.026065 0.066453
vt 0.025507 0.053269
vt 0.025507 0.066453
vt 0.060517 0.053269
vt 0.062044 0.053269
vt 0.062044 0.066453
vt 0.060517 0.066453
vt 0.062562 0.053269
vt 0.062562 0.066453
vt 0.058074 0.053271
vt 0.058074 0.066454
vt 0.054766 0.053272
vt 0.054851 0.066455
vt 0.051035 0.053270
vt 0.051035 0.066454
vt 0.046858 0.053269
vt 0.046858 0.066453
vt 0.042554 0.053269
vt 0.042554 0.066453
vt 0.038377 0.053270
vt 0.038377 0.066454
vt 0.034649 0.053272
vt 0.034562 0.066455
vt 0.031338 0.053271
vt 0.031338 0.066454
vt 0.028896 0.053269
vt 0.028896 0.066453
vt 0.027369 0.053269
vt 0.027369 0.066453
vt 0.026850 0.053269
vt 0.026850 0.066453

vn -0.885313 -0.015454 -0.464738
vn -0.970790 -0.016946 -0.239332
vn -0.999848 -0.017453 -0.000001
vn -0.746360 -0.014094 0.665393
vn -0.885314 -0.015454 0.464736
vn -0.567227 -0.011723 0.823478
vn -0.356545 -0.006982 0.934252
vn -0.120510 -0.002104 0.992710
vn 0.120517 0.002104 0.992709
vn 0.356620 0.005437 0.934234
vn 0.567274 0.008008 0.823490
vn 0.746352 0.011920 0.665445
vn 0.885313 0.015454 0.464739
vn 0.970790 0.016946 0.239333
vn 0.999848 0.017453 -0.000000
vn 0.970789 0.016946 -0.239335
vn 0.885314 0.015454 -0.464736
vn 0.746352 0.011920 -0.665445
vn 0.567275 0.008008 -0.823489
vn 0.356626 0.005437 -0.934231
vn 0.120517 0.002104 -0.992709
vn -0.120517 -0.002104 -0.992709
vn -0.356552 -0.006982 -0.934250
vn -0.567227 -0.011723 -0.823478
vn -0.746360 -0.014094 -0.665393
vn -0.970791 -0.016946 0.239329
vn 0.746379 0.014094 -0.665372
vn 0.567196 0.011722 -0.823500
vn 0.356531 0.006981 -0.934257
vn -0.356658 -0.005443 -0.934219
vn -0.567284 -0.008022 -0.823483
vn -0.746350 -0.011929 -0.665447
vn -0.746350 -0.011929 0.665446
vn -0.567279 -0.008022 0.823487
vn -0.356659 -0.005443 0.934219
vn 0.356531 0.006981 0.934258
vn 0.567195 0.011722 0.823500
vn 0.746379 0.014094 0.665372
vn -0.017453 0.999848 -0.000001
vn 0.017726 -0.999843 0.000088
vn 0.018204 -0.999834 -0.001120
vn -0.018190 0.999834 0.001094
vn 0.016670 -0.999860 -0.001172
vn -0.016673 0.999860 0.001155
vn 0.016629 -0.999862 0.000632
vn -0.016671 0.999860 -0.001155
vn -0.018191 0.999834 -0.001094
vn 0.018204 -0.999834 0.001120

usemtl Paint
f 4479/3017/2440 4494/3016/2440 4493/3015/2439 4480/3014/2439
f 4495/3019/2441 4477/3018/2441 4494/3016/2440 4479/3017/2440
f 4465/3021/2442 4466/3015/2443 4454/3014/2443 4455/3020/2442
f 4452/3023/2444 4465/3021/2442 4455/3020/2442 4456/3022/2444
f 4451/3025/2445 4452/3023/2444 4456/3022/2444 4457/3024/2445
f 4450/3027/2446 4451/3025/2445 4457/3024/2445 4458/3026/2446
f 4449/3029/2447 4450/3027/2446 4458/3026/2446 4459/3028/2447
f 4448/3031/2448 4449/3029/2447 4459/3028/2447 4460/3030/2448
f 4447/3033/2449 4448/3031/2448 4460/3030/2448 4461/3032/2449
f 4446/3035/2450 4447/3033/2449 4461/3032/2449 4462/3034/2450
f 4445/3037/2451 4446/3035/2450 4462/3034/2450 4463/3036/2451
f 4444/3039/2452 4445/3037/2451 4463/3036/2451 4464/3038/2452
f 4468/3041/2453 4444/3039/2452 4464/3038/2452 4491/3040/2453
f 4490/3038/2454 4469/3039/2454 4468/3041/2453 4491/3040/2453
f 4489/3036/2455 4470/3037/2455 4469/3039/2454 4490/3038/2454
f 4488/3034/2456 4471/3035/2456 4470/3037/2455 4489/3036/2455
f 4487/3032/2457 4472/3033/2457 4471/3035/2456 4488/3034/2456
f 4486/3030/2458 4473/3031/2458 4472/3033/2457 4487/3032/2457
f 4485/3028/2459 4474/3029/2459 4473/3031/2458 4486/3030/2458
f 4484/3026/2460 4475/3027/2460 4474/3029/2459 4485/3028/2459
f 4483/3024/2461 4476/3025/2461 4475/3027/2460 4484/3026/2460
f 4482/3022/2462 4478/3023/2462 4476/3025/2461 4483/3024/2461
f 4481/3020/2463 4492/3021/2463 4478/3023/2462 4482/3022/2462
f 4480/3014/2439 4493/3015/2439 4492/3021/2463 4481/3020/2463
f 4467/3016/2464 4477/3018/2441 4495/3019/2441 4453/3017/2464
f 4466/3015/2443 4467/3016/2464 4453/3017/2464 4454/3014/2443
f 4442/3045/2451 4441/3044/2452 4440/3043/2452 4443/3042/2451
f 4441/3044/2452 4439/3047/2453 4438/3046/2453 4440/3043/2452
f 4436/3042/2455 4435/3045/2455 4434/3049/2465 4437/3048/2465
f 4437/3048/2465 4434/3049/2465 4432/3051/2466 4433/3050/2466
f 4433/3050/2466 4432/3051/2466 4430/3053/2467 4431/3052/2467
f 4431/3052/2467 4430/3053/2467 4428/3055/2459 4429/3054/2459
f 4429/3054/2459 4428/3055/2459 4426/3057/2460 4427/3056/2460
f 4427/3056/2460 4426/3057/2460 4424/3059/2468 4425/3058/2468
f 4425/3058/2468 4424/3059/2468 4422/3061/2469 4423/3060/2469
f 4423/3060/2469 4422/3061/2469 4420/3063/2470 4421/3062/2470
f 4421/3062/2470 4420/3063/2470 4418/3065/2439 4419/3064/2439
f 4419/3064/2439 4418/3065/2439 4416/3067/2440 4417/3066/2440
f 4417/3066/2440 4416/3067/2440 4414/3069/2441 4415/3068/2441
f 4414/3069/2441 4413/3067/2464 4412/3066/2464 4415/3068/2441
f 4413/3067/2464 4411/3065/2443 4410/3064/2443 4412/3066/2464
f 4411/3065/2443 4409/3063/2471 4408/3062/2471 4410/3064/2443
f 4409/3063/2471 4407/3061/2472 4406/3060/2472 4408/3062/2471
f 4407/3061/2472 4405/3059/2473 4404/3058/2473 4406/3060/2472
f 4405/3059/2473 4403/3057/2446 4402/3056/2446 4404/3058/2473
f 4403/3057/2446 4401/3055/2447 4400/3054/2447 4402/3056/2446
f 4401/3055/2447 4399/3053/2474 4398/3052/2474 4400/3054/2447
f 4399/3053/2474 4397/3051/2475 4396/3050/2475 4398/3052/2474
f 4397/3051/2475 4395/3049/2476 4394/3048/2476 4396/3050/2475
f 4395/3049/2476 4442/3045/2451 4443/3042/2451 4394/3048/2476
f 4438/3046/2453 4439/3047/2453 4392/3044/2454 4393/3043/2454
f 4393/3043/2454 4392/3044/2454 4435/3045/2455 4436/3042/2455
f 4441/3044/2477 4442/3045/2477 4493/3015/2477 4494/3016/2477
f 4443/3042/2478 4440/3043/2478 4479/3017/2478 4480/3014/2478
f 4439/3047/2477 4441/3044/2477 4494/3016/2477 4477/3018/2477
f 4440/3043/2478 4438/3046/2478 4495/3019/2478 4479/3017/2478
f 4436/3042/2478 4437/3048/2478 4455/3020/2478 4454/3014/2478
f 4434/3049/2477 4435/3045/2477 4466/3015/2477 4465/3021/2477
f 4437/3048/2478 4433/3050/2479 4456/3022/2479 4455/3020/2478
f 4432/3051/2480 4434/3049/2477 4465/3021/2477 4452/3023/2480
f 4433/3050/2479 4431/3052/2478 4457/3024/2478 4456/3022/2479
f 4430/3053/2477 4432/3051/2480 4452/3023/2480 4451/3025/2477
f 4431/3052/2478 4429/3054/2478 4458/3026/2478 4457/3024/2478
f 4428/3055/2477 4430/3053/2477 4451/3025/2477 4450/3027/2477
f 4429/3054/2478 4427/3056/2478 4459/3028/2478 4458/3026/2478
f 4426/3057/2477 4428/3055/2477 4450/3027/2477 4449/3029/2477
f 4427/3056/2478 4425/3058/2478 4460/3030/2478 4459/3028/2478
f 4424/3059/2477 4426/3057/2477 4449/3029/2477 4448/3031/2477
f 4425/3058/2478 4423/3060/2481 4461/3032/2481 4460/3030/2478
f 4422/3061/2482 4424/3059/2477 4448/3031/2477 4447/3033/2482
f 4423/3060/2481 4421/3062/2481 4462/3034/2481 4461/3032/2481
f 4420/3063/2477 4422/3061/2482 4447/3033/2482 4446/3035/2477
f 4421/3062/2481 4419/3064/2478 4463/3036/2478 4462/3034/2481
f 4418/3065/2477 4420/3063/2477 4446/3035/2477 4445/3037/2477
f 4419/3064/2478 4417/3066/2478 4464/3038/2478 4463/3036/2478
f 4416/3067/2477 4418/3065/2477 4445/3037/2477 4444/3039/2477
f 4417/3066/2478 4415/3068/2478 4491/3040/2478 4464/3038/2478
f 4414/3069/2477 4416/3067/2477 4444/3039/2477 4468/3041/2477
f 4413/3067/2477 4414/3069/2477 4468/3041/2477 4469/3039/2477
f 4415/3068/2478 4412/3066/2478 4490/3038/2478 4491/3040/2478
f 4411/3065/2477 4413/3067/2477 4469/3039/2477 4470/3037/2477
f 4412/3066/2478 4410/3064/2478 4489/3036/2478 4490/3038/2478
f 4409/3063/2477 4411/3065/2477 4470/3037/2477 4471/3035/2477
f 4410/3064/2478 4408/3062/2483 4488/3034/2483 4489/3036/2478
f 4407/3061/2484 4409/3063/2477 4471/3035/2477 4472/3033/2484
f 4408/3062/2483 4406/3060/2483 4487/3032/2483 4488/3034/2483
f 4405/3059/2477 4407/3061/2484 4472/3033/2484 4473/3031/2477
f 4406/3060/2483 4404/3058/2478 4486/3030/2478 4487/3032/2483
f 4403/3057/2477 4405/3059/2477 4473/3031/2477 4474/3029/2477
f 4404/3058/2478 4402/3056/2478 4485/3028/2478 4486/3030/2478
f 4401/3055/2477 4403/3057/2477 4474/3029/2477 4475/3027/2477
f 4402/3056/2478 4400/3054/2478 4484/3026/2478 4485/3028/2478
f 4399/3053/2477 4401/3055/2477 4475/3027/2477 4476/3025/2477
f 4400/3054/2478 4398/3052/2478 4483/3024/2478 4484/3026/2478
f 4397/3051/2485 4399/3053/2477 4476/3025/2477 4478/3023/2485
f 4398/3052/2478 4396/3050/2486 4482/3022/2486 4483/3024/2478
f 4395/3049/2477 4397/3051/2485 4478/3023/2485 4492/3021/2477
f 4396/3050/2486 4394/3048/2478 4481/3020/2478 4482/3022/2486
f 4442/3045/2477 4395/3049/2477 4492/3021/2477 4493/3015/2477
f 4394/3048/2478 4443/3042/2478 4480/3014/2478 4481/3020/2478
f 4438/3046/2478 4393/3043/2478 4453/3017/2478 4495/3019/2478
f 4392/3044/2477 4439/3047/2477 4477/3018/2477 4467/3016/2477
f 4393/3043/2478 4436/3042/2478 4454/3014/2478 4453/3017/2478
f 4435/3045/2477 4392/3044/2477 4467/3016/2477 4466/3015/2477

usemtl default

g SensorMount1
v -4.080953 1.307228 0.269207
v -4.053023 1.308654 0.263271
v -4.026190 1.310424 0.255048
v -3.993285 1.313268 0.240698
v -4.109548 1.306161 0.272791
v -4.224157 1.305669 0.263271
v -4.196195 1.305217 0.269208
v -4.284020 1.308198 0.240698
v -4.251026 1.306501 0.255048
v -4.167580 1.305149 0.272791
v -4.138561 1.305465 0.273993
v -4.080364 1.273482 0.263708
v -4.052417 1.273971 0.257784
v -4.025572 1.274440 0.249575
v -3.992617 1.275017 0.235234
v -4.108969 1.272981 0.267283
v -4.223521 1.270983 0.257784
v -4.195576 1.271471 0.263708
v -4.283323 1.269943 0.235234
v -4.250367 1.270516 0.249575
v -4.166980 1.271969 0.267283
v -4.137975 1.272475 0.268482
v -4.079856 1.243806 0.265243
v -4.051908 1.244182 0.259121
v -4.025048 1.245016 0.250721
v -3.992085 1.246236 0.236091
v -4.108452 1.243390 0.268940
v -4.222991 1.241209 0.259121
v -4.195048 1.241805 0.265244
v -4.282849 1.241146 0.236095
v -4.249874 1.241087 0.250719
v -4.166454 1.242377 0.268940
v -4.137458 1.242848 0.270172
v -4.104899 1.068478 0.254419
v -4.035725 1.073443 0.241880
v -4.047595 1.100209 0.253381
v -4.021847 1.089122 0.242002
v -4.079397 1.215219 0.268258
v -4.051462 1.215238 0.262109
v -4.076083 1.070075 0.250996
v -4.048526 1.072210 0.245535
v -4.049031 1.062183 0.241811
v -4.076382 1.045941 0.241733
v -4.104821 1.035366 0.241088
v -4.104843 1.042904 0.244124
v -4.020928 1.102370 0.245483
v -4.013190 1.103122 0.242379
v -3.999042 1.132033 0.241942
v -3.992315 1.160307 0.241575
v -4.023431 1.215407 0.252975
v -3.991569 1.216124 0.238923
v -3.991777 1.188520 0.240397
v -4.022158 1.187162 0.253625
v -4.107989 1.215142 0.271992
v -4.106994 1.185637 0.272223
v -4.077917 1.186033 0.268457
v -4.049521 1.186504 0.262237
v -4.075827 1.098386 0.259177
v -4.105077 1.096991 0.262739
v -4.047351 1.128660 0.258901
v -4.048071 1.157318 0.262094
v -4.020528 1.158540 0.253522
v -4.020007 1.130381 0.250561
v -4.075981 1.127251 0.264952
v -4.105457 1.126175 0.268634
v -4.106121 1.155617 0.272032
v -4.076729 1.156357 0.268284
v -4.134408 1.067572 0.255620
v -4.133951 1.041358 0.244892
v -4.133792 1.032276 0.241175
v -4.135935 1.155040 0.273295
v -4.163940 1.067448 0.254419
v -4.233245 1.069996 0.241880
v -4.222318 1.097159 0.253381
v -4.247663 1.085180 0.242002
v -4.223266 1.212237 0.261704
v -4.194529 1.213208 0.268261
v -4.219555 1.059207 0.241811
v -4.220410 1.069209 0.245535
v -4.192795 1.068038 0.250996
v -4.163102 1.041759 0.244072
v -4.162863 1.034353 0.241088
v -4.191654 1.043929 0.241733
v -4.249043 1.098388 0.245484
v -4.256803 1.098870 0.242379
v -4.271951 1.127270 0.241942
v -4.279661 1.155292 0.241575
v -4.281173 1.183481 0.240401
v -4.282334 1.211046 0.238930
v -4.251026 1.211417 0.252874
v -4.250773 1.183176 0.253622
v -4.165971 1.214130 0.271992
v -4.136979 1.214836 0.273254
v -4.136462 1.185203 0.273490
v -4.165936 1.184609 0.272223
v -4.134907 1.096141 0.263959
v -4.135419 1.125458 0.269881
v -4.223404 1.183455 0.262238
v -4.194999 1.183979 0.268458
v -4.164758 1.095950 0.262739
v -4.194039 1.096323 0.259177
v -4.251403 1.154510 0.253522
v -4.223835 1.154250 0.262094
v -4.223554 1.125584 0.258901
v -4.250942 1.126350 0.250561
v -4.165761 1.154576 0.272032
v -4.165397 1.125129 0.268634
v -4.194882 1.125175 0.264952
v -4.195161 1.154290 0.268284
v -4.163851 1.037690 0.254128
v -4.133879 1.037265 0.254966
v -4.103942 1.038863 0.254179
v -4.079093 1.305583 0.279797
v -4.050235 1.307057 0.273664
v -4.022353 1.308897 0.265117
v -3.988868 1.311791 0.250519
v -4.108609 1.304482 0.283495
v -4.226888 1.303973 0.273664
v -4.197995 1.303507 0.279797
v -4.288383 1.306563 0.250519
v -4.254817 1.304839 0.265117
v -4.168459 1.303438 0.283495
v -4.138531 1.303764 0.284736
v -4.078524 1.273513 0.274471
v -4.049648 1.274018 0.268338
v -4.021742 1.274506 0.259792
v -3.988217 1.275094 0.245193
v -4.108039 1.272998 0.278170
v -4.226301 1.270934 0.268338
v -4.197425 1.271437 0.274471
v -4.287722 1.269866 0.245193
v -4.254197 1.270448 0.259792
v -4.167900 1.271953 0.278170
v -4.137975 1.272474 0.279410
v -4.078021 1.244682 0.275932
v -4.049141 1.244988 0.269613
v -4.021241 1.245746 0.260895
v -3.987726 1.246932 0.246026
v -4.107548 1.244302 0.279744
v -4.225795 1.241905 0.269613
v -4.196922 1.242607 0.275932
v -4.287230 1.241704 0.246026
v -4.253706 1.241689 0.260895
v -4.167399 1.243257 0.279744
v -4.137474 1.243763 0.281013
v -4.074263 1.066627 0.261161
v -4.017236 1.099962 0.255441
v -4.074131 1.125620 0.275555
v -4.016281 1.128909 0.260686
v -4.076058 1.186125 0.279174
v -4.018353 1.187461 0.263815
v -4.016761 1.158145 0.263739
v -3.987221 1.216854 0.248857
v -4.044851 1.097733 0.263622
v -4.045817 1.068842 0.255525
v -4.048644 1.215917 0.272603
v -3.988049 1.159979 0.251581
v -4.107060 1.215792 0.282823
v -3.994827 1.130613 0.251869
v -4.009018 1.100752 0.252141
v -4.077528 1.215881 0.278965
v -4.018186 1.086264 0.251840
v -4.105179 1.154987 0.282867
v -4.104517 1.124497 0.279348
v -4.032568 1.070117 0.251743
v -4.046334 1.058383 0.251638
v -4.106065 1.185678 0.283060
v -4.045282 1.156814 0.272613
v -4.074762 1.041997 0.251739
v -4.103941 1.031304 0.251138
v -4.046713 1.186680 0.272747
v -4.074878 1.155779 0.279002
v -4.044583 1.127099 0.269314
v -3.987463 1.188886 0.250366
v -4.104122 1.094409 0.273271
v -4.019603 1.216116 0.263139
v -4.073983 1.095845 0.269600
v -4.103958 1.064946 0.264675
v -4.135923 1.154382 0.284168
v -4.194494 1.064528 0.261161
v -4.252649 1.095853 0.255441
v -4.196683 1.123481 0.275555
v -4.254614 1.124749 0.260686
v -4.196870 1.184016 0.279174
v -4.254587 1.183337 0.263815
v -4.255155 1.153984 0.263739
v -4.134861 1.093535 0.274529
v -4.136462 1.185214 0.284367
v -4.134346 1.063992 0.265905
v -4.286726 1.211626 0.248857
v -4.224973 1.094589 0.263622
v -4.223000 1.065750 0.255525
v -4.226107 1.212818 0.272195
v -4.283913 1.154814 0.251581
v -4.166922 1.214747 0.282823
v -4.276114 1.125703 0.251869
v -4.260890 1.096355 0.252141
v -4.196430 1.213806 0.278965
v -4.251221 1.082197 0.251840
v -4.135389 1.123755 0.280633
v -4.166670 1.153913 0.282867
v -4.166278 1.123419 0.279348
v -4.236286 1.066561 0.251743
v -4.222117 1.055315 0.251638
v -4.166866 1.184617 0.283060
v -4.226604 1.153649 0.272613
v -4.193135 1.039931 0.251739
v -4.163601 1.030263 0.251138
v -4.226216 1.183547 0.272747
v -4.196990 1.153647 0.279002
v -4.226266 1.123928 0.269314
v -4.133721 1.028184 0.251249
v -4.285508 1.183684 0.250366
v -4.136990 1.215472 0.284126
v -4.165612 1.093336 0.273271
v -4.254877 1.211993 0.263043
v -4.195794 1.093719 0.269600
v -4.164758 1.063885 0.264675
v -4.080953 1.307228 -0.269207
v -4.053023 1.308654 -0.263270
v -4.026190 1.310424 -0.255047
v -3.993285 1.313268 -0.240697
v -4.109548 1.306161 -0.272790
v -4.224157 1.305669 -0.263270
v -4.196195 1.305217 -0.269207
v -4.284020 1.308198 -0.240698
v -4.251026 1.306501 -0.255048
v -4.167580 1.305149 -0.272790
v -4.138561 1.305465 -0.273993
v -4.080364 1.273482 -0.263708
v -4.052417 1.273971 -0.257783
v -4.025572 1.274440 -0.249574
v -3.992617 1.275017 -0.235233
v -4.108969 1.272981 -0.267282
v -4.223521 1.270983 -0.257783
v -4.195576 1.271471 -0.263708
v -4.283323 1.269943 -0.235233
v -4.250367 1.270516 -0.249574
v -4.166980 1.271969 -0.267282
v -4.137975 1.272475 -0.268482
v -4.079856 1.243806 -0.265242
v -4.051908 1.244182 -0.259120
v -4.025048 1.245016 -0.250721
v -3.992085 1.246236 -0.236090
v -4.108452 1.243390 -0.268940
v -4.222991 1.241209 -0.259120
v -4.195048 1.241805 -0.265243
v -4.282849 1.241146 -0.236094
v -4.249874 1.241087 -0.250718
v -4.166454 1.242377 -0.268940
v -4.137458 1.242848 -0.270171
v -4.104899 1.068478 -0.254419
v -4.035725 1.073443 -0.241879
v -4.047595 1.100209 -0.253381
v -4.021847 1.089122 -0.242002
v -4.079397 1.215219 -0.268257
v -4.051462 1.215238 -0.262109
v -4.076083 1.070075 -0.250996
v -4.048526 1.072210 -0.245535
v -4.049031 1.062183 -0.241810
v -4.076382 1.045941 -0.241733
v -4.104821 1.035366 -0.241088
v -4.104843 1.042904 -0.244123
v -4.020928 1.102370 -0.245483
v -4.013190 1.103122 -0.242378
v -3.999042 1.132033 -0.241942
v -3.992315 1.160307 -0.241574
v -4.023431 1.215407 -0.252974
v -3.991569 1.216124 -0.238922
v -3.991777 1.188520 -0.240397
v -4.022158 1.187162 -0.253624
v -4.107989 1.215142 -0.271992
v -4.106994 1.185637 -0.272222
v -4.077917 1.186033 -0.268457
v -4.049521 1.186504 -0.262237
v -4.075827 1.098386 -0.259176
v -4.105077 1.096991 -0.262738
v -4.047351 1.128660 -0.258900
v -4.048071 1.157318 -0.262093
v -4.020528 1.158540 -0.253522
v -4.020007 1.130381 -0.250560
v -4.075981 1.127251 -0.264951
v -4.105457 1.126175 -0.268633
v -4.106121 1.155617 -0.272032
v -4.076729 1.156357 -0.268283
v -4.134408 1.067572 -0.255620
v -4.133951 1.041358 -0.244891
v -4.133792 1.032276 -0.241175
v -4.135935 1.155040 -0.273295
v -4.163940 1.067448 -0.254419
v -4.233245 1.069996 -0.241879
v -4.222318 1.097159 -0.253381
v -4.247663 1.085180 -0.242002
v -4.223266 1.212237 -0.261703
v -4.194529 1.213208 -0.268261
v -4.219555 1.059207 -0.241810
v -4.220410 1.069209 -0.245534
v -4.192795 1.068038 -0.250996
v -4.163102 1.041759 -0.244071
v -4.162863 1.034353 -0.241088
v -4.191654 1.043929 -0.241733
v -4.249043 1.098388 -0.245483
v -4.256803 1.098870 -0.242378
v -4.271951 1.127270 -0.241942
v -4.279661 1.155292 -0.241574
v -4.281173 1.183481 -0.240401
v -4.282334 1.211046 -0.238930
v -4.251026 1.211417 -0.252873
v -4.250773 1.183176 -0.253622
v -4.165971 1.214130 -0.271992
v -4.136979 1.214836 -0.273254
v -4.136462 1.185203 -0.273490
v -4.165936 1.184609 -0.272222
v -4.134907 1.096141 -0.263959
v -4.135419 1.125458 -0.269880
v -4.223404 1.183455 -0.262238
v -4.194999 1.183979 -0.268458
v -4.164758 1.095950 -0.262738
v -4.194039 1.096323 -0.259176
v -4.251403 1.154510 -0.253522
v -4.223835 1.154250 -0.262093
v -4.223554 1.125584 -0.258900
v -4.250942 1.126350 -0.250560
v -4.165761 1.154576 -0.272032
v -4.165397 1.125129 -0.268633
v -4.194882 1.125175 -0.264951
v -4.195161 1.154290 -0.268283
v -4.163851 1.037690 -0.254127
v -4.133879 1.037265 -0.254966
v -4.103942 1.038863 -0.254179
v -4.079093 1.305583 -0.279797
v -4.050235 1.307057 -0.273663
v -4.022353 1.308897 -0.265117
v -3.988868 1.311791 -0.250519
v -4.108609 1.304482 -0.283495
v -4.226888 1.303973 -0.273663
v -4.197995 1.303507 -0.279797
v -4.288383 1.306563 -0.250519
v -4.254817 1.304839 -0.265117
v -4.168459 1.303438 -0.283495
v -4.138531 1.303764 -0.284735
v -4.078524 1.273513 -0.274471
v -4.049648 1.274018 -0.268337
v -4.021742 1.274506 -0.259791
v -3.988217 1.275094 -0.245193
v -4.108039 1.272998 -0.278169
v -4.226301 1.270934 -0.268337
v -4.197425 1.271437 -0.274471
v -4.287722 1.269866 -0.245193
v -4.254197 1.270448 -0.259791
v -4.167900 1.271953 -0.278169
v -4.137975 1.272474 -0.279409
v -4.078021 1.244682 -0.275931
v -4.049141 1.244988 -0.269612
v -4.021241 1.245746 -0.260895
v -3.987726 1.246932 -0.246026
v -4.107548 1.244302 -0.279743
v -4.225795 1.241905 -0.269612
v -4.196922 1.242607 -0.275931
v -4.287230 1.241704 -0.246026
v -4.253706 1.241689 -0.260895
v -4.167399 1.243257 -0.279743
v -4.137474 1.243763 -0.281012
v -4.074263 1.066627 -0.261160
v -4.017236 1.099962 -0.255441
v -4.074131 1.125620 -0.275555
v -4.016281 1.128909 -0.260685
v -4.076058 1.186125 -0.279173
v -4.018353 1.187461 -0.263815
v -4.016761 1.158145 -0.263739
v -3.987221 1.216854 -0.248856
v -4.044851 1.097733 -0.263621
v -4.045817 1.068842 -0.255524
v -4.048644 1.215917 -0.272603
v -3.988049 1.159979 -0.251581
v -4.107060 1.215792 -0.282822
v -3.994827 1.130613 -0.251869
v -4.009018 1.100752 -0.252140
v -4.077528 1.215881 -0.278964
v -4.018186 1.086264 -0.251839
v -4.105179 1.154987 -0.282866
v -4.104517 1.124497 -0.279348
v -4.032568 1.070117 -0.251743
v -4.046334 1.058383 -0.251638
v -4.106065 1.185678 -0.283059
v -4.045282 1.156814 -0.272613
v -4.074762 1.041997 -0.251738
v -4.103941 1.031304 -0.251137
v -4.046713 1.186680 -0.272746
v -4.074878 1.155779 -0.279001
v -4.044583 1.127099 -0.269314
v -3.987463 1.188886 -0.250366
v -4.104122 1.094409 -0.273270
v -4.019603 1.216116 -0.263138
v -4.073983 1.095845 -0.269599
v -4.103958 1.064946 -0.264675
v -4.135923 1.154382 -0.284167
v -4.194494 1.064528 -0.261160
v -4.252649 1.095853 -0.255441
v -4.196683 1.123481 -0.275555
v -4.254614 1.124749 -0.260685
v -4.196870 1.184016 -0.279173
v -4.254587 1.183337 -0.263815
v -4.255155 1.153984 -0.263739
v -4.134861 1.093535 -0.274528
v -4.136462 1.185214 -0.284367
v -4.134346 1.063992 -0.265904
v -4.286726 1.211626 -0.248856
v -4.224973 1.094589 -0.263621
v -4.223000 1.065750 -0.255524
v -4.226107 1.212818 -0.272194
v -4.283913 1.154814 -0.251581
v -4.166922 1.214747 -0.282822
v -4.276114 1.125703 -0.251869
v -4.260890 1.096355 -0.252140
v -4.196430 1.213806 -0.278964
v -4.251221 1.082197 -0.251839
v -4.135389 1.123755 -0.280632
v -4.166670 1.153913 -0.282866
v -4.166278 1.123419 -0.279348
v -4.236286 1.066561 -0.251743
v -4.222117 1.055315 -0.251638
v -4.166866 1.184617 -0.283059
v -4.226604 1.153649 -0.272613
v -4.193135 1.039931 -0.251738
v -4.163601 1.030263 -0.251137
v -4.226216 1.183547 -0.272746
v -4.196990 1.153647 -0.279001
v -4.226266 1.123928 -0.269314
v -4.133721 1.028184 -0.251248
v -4.285508 1.183684 -0.250366
v -4.136990 1.215472 -0.284126
v -4.165612 1.093336 -0.273270
v -4.254877 1.211993 -0.263042
v -4.195794 1.093719 -0.269599
v -4.164758 1.063885 -0.264675

vt 0.100390 0.058135
vt 0.100405 0.056124
vt 0.098378 0.056084
vt 0.098369 0.058117
vt 0.104265 0.056276
vt 0.102376 0.056188
vt 0.102364 0.058169
vt 0.104267 0.058225
vt 0.100380 0.054139
vt 0.098369 0.054078
vt 0.100346 0.060159
vt 0.102303 0.060162
vt 0.096319 0.056071
vt 0.096319 0.054056
vt 0.098346 0.060164
vt 0.096319 0.060169
vt 0.096319 0.062186
vt 0.098315 0.062173
vt 0.104195 0.060181
vt 0.104180 0.062091
vt 0.106304 0.062104
vt 0.106255 0.060240
vt 0.106182 0.058314
vt 0.105697 0.056364
vt 0.104716 0.054390
vt 0.104167 0.054347
vt 0.100265 0.050550
vt 0.098308 0.049872
vt 0.098316 0.050367
vt 0.100327 0.052191
vt 0.102226 0.052306
vt 0.102179 0.051610
vt 0.100283 0.062144
vt 0.102262 0.062113
vt 0.104088 0.053435
vt 0.102324 0.054231
vt 0.103110 0.052376
vt 0.098346 0.052114
vt 0.096319 0.058113
vt 0.096319 0.049698
vt 0.096319 0.050304
vt 0.096319 0.052086
vt 0.092248 0.058135
vt 0.094269 0.058117
vt 0.094260 0.056084
vt 0.092233 0.056124
vt 0.088373 0.056276
vt 0.088371 0.058225
vt 0.090274 0.058169
vt 0.090262 0.056188
vt 0.094269 0.054078
vt 0.092258 0.054139
vt 0.090335 0.060162
vt 0.092291 0.060159
vt 0.094292 0.060164
vt 0.094323 0.062173
vt 0.088443 0.060181
vt 0.086383 0.060240
vt 0.086334 0.062104
vt 0.088493 0.062092
vt 0.086455 0.058314
vt 0.086941 0.056364
vt 0.087922 0.054390
vt 0.088471 0.054347
vt 0.094321 0.050375
vt 0.094330 0.049872
vt 0.092373 0.050550
vt 0.090459 0.051610
vt 0.090412 0.052306
vt 0.092311 0.052191
vt 0.090429 0.062113
vt 0.092355 0.062144
vt 0.088550 0.053435
vt 0.090314 0.054231
vt 0.089527 0.052376
vt 0.094292 0.052114
vt 0.096318 0.064072
vt 0.098313 0.064073
vt 0.104068 0.064069
vt 0.106303 0.064109
vt 0.100282 0.064065
vt 0.102207 0.064051
vt 0.094323 0.064073
vt 0.086333 0.064109
vt 0.088568 0.064069
vt 0.090429 0.064051
vt 0.092354 0.064065
vt 0.096318 0.065987
vt 0.098313 0.065987
vt 0.104067 0.065987
vt 0.106303 0.065987
vt 0.100282 0.065987
vt 0.102207 0.065987
vt 0.094322 0.065987
vt 0.086333 0.065987
vt 0.088568 0.065987
vt 0.090429 0.065987
vt 0.092354 0.065987
vt 0.086624 0.064068
vt 0.086626 0.065987
vt 0.106009 0.065987
vt 0.106011 0.064067
vt 0.086625 0.062060
vt 0.106012 0.062060
vt 0.090634 0.051866
vt 0.089734 0.052601
vt 0.096319 0.049971
vt 0.094384 0.050143
vt 0.086739 0.058341
vt 0.086671 0.060220
vt 0.088791 0.053630
vt 0.088197 0.054553
vt 0.092476 0.050815
vt 0.100267 0.058176
vt 0.098307 0.058160
vt 0.098317 0.056197
vt 0.100283 0.056234
vt 0.104018 0.056378
vt 0.104016 0.058256
vt 0.102178 0.058206
vt 0.102193 0.056295
vt 0.098308 0.054251
vt 0.100260 0.054310
vt 0.102116 0.060152
vt 0.100222 0.060154
vt 0.096319 0.056184
vt 0.096319 0.054229
vt 0.098284 0.060162
vt 0.098252 0.062130
vt 0.096319 0.062144
vt 0.103941 0.060166
vt 0.105966 0.060221
vt 0.103925 0.062048
vt 0.105899 0.058341
vt 0.105417 0.056464
vt 0.104441 0.054553
vt 0.103924 0.054512
vt 0.100162 0.050815
vt 0.098261 0.050637
vt 0.098254 0.050143
vt 0.102004 0.051866
vt 0.102049 0.052534
vt 0.100210 0.052423
vt 0.102073 0.062071
vt 0.100156 0.062102
vt 0.103847 0.053630
vt 0.102144 0.054399
vt 0.102904 0.052601
vt 0.098287 0.052351
vt 0.096319 0.058157
vt 0.096319 0.050577
vt 0.096319 0.052325
vt 0.092371 0.058176
vt 0.092355 0.056234
vt 0.094321 0.056197
vt 0.094331 0.058160
vt 0.088620 0.056378
vt 0.090445 0.056295
vt 0.090459 0.058206
vt 0.088622 0.058256
vt 0.092378 0.054310
vt 0.094329 0.054251
vt 0.092415 0.060155
vt 0.090522 0.060153
vt 0.094354 0.060162
vt 0.094386 0.062130
vt 0.088697 0.060165
vt 0.088749 0.062050
vt 0.087221 0.056464
vt 0.088714 0.054512
vt 0.094377 0.050646
vt 0.092428 0.052423
vt 0.090589 0.052534
vt 0.092480 0.062102
vt 0.090618 0.062071
vt 0.090494 0.054399
vt 0.094351 0.052351
vt 0.096318 0.064011
vt 0.098251 0.064014
vt 0.103813 0.064025
vt 0.100158 0.064009
vt 0.102021 0.064002
vt 0.094384 0.064014
vt 0.088823 0.064025
vt 0.090614 0.064001
vt 0.092477 0.064008
vt 0.098252 0.065987
vt 0.103812 0.065987
vt 0.100159 0.065987
vt 0.102022 0.065987
vt 0.094384 0.065987
vt 0.088823 0.065987
vt 0.090613 0.065987
vt 0.092477 0.065987

vn -0.168350 -0.059018 -0.983959
vn -0.164588 -0.155667 -0.974001
vn -0.081136 -0.157037 -0.984254
vn -0.083673 -0.060819 -0.994636
vn -0.337619 -0.147007 -0.929733
vn -0.249194 -0.152108 -0.956434
vn -0.253971 -0.055164 -0.965637
vn -0.344244 -0.048365 -0.937634
vn -0.161125 -0.239218 -0.957504
vn -0.079275 -0.240193 -0.967483
vn -0.172047 0.003398 -0.985083
vn -0.258117 0.008449 -0.966077
vn 0.002734 -0.156413 -0.987688
vn 0.004181 -0.239386 -0.970915
vn -0.085709 0.000681 -0.996320
vn -0.000013 0.001052 -0.999999
vn -0.001014 0.058378 -0.998294
vn -0.087298 0.056662 -0.994570
vn -0.349858 0.014898 -0.936684
vn -0.353433 0.052949 -0.933960
vn -0.404147 0.053278 -0.913141
vn -0.398470 0.018601 -0.916993
vn -0.390759 -0.043892 -0.919446
vn -0.382733 -0.144016 -0.912565
vn -0.375576 -0.231197 -0.897491
vn -0.330897 -0.232806 -0.914499
vn -0.136450 -0.367516 -0.919953
vn -0.067192 -0.375952 -0.924200
vn -0.069631 -0.374276 -0.924700
vn -0.156145 -0.322355 -0.933652
vn -0.238361 -0.317819 -0.917701
vn -0.235532 -0.357825 -0.903596
vn -0.174956 0.054924 -0.983043
vn -0.260730 0.053327 -0.963938
vn -0.327304 -0.274292 -0.904232
vn -0.243818 -0.236141 -0.940633
vn -0.279091 -0.315728 -0.906876
vn -0.075309 -0.327248 -0.941933
vn 0.001058 -0.060418 -0.998173
vn 0.006576 -0.376560 -0.926369
vn 0.005741 -0.328734 -0.944405
vn 0.170317 -0.053106 -0.983957
vn 0.085758 -0.057861 -0.994634
vn 0.086580 -0.154109 -0.984253
vn 0.169931 -0.149827 -0.974000
vn 0.342541 -0.135134 -0.929734
vn 0.345719 -0.036322 -0.937635
vn 0.255739 -0.046267 -0.965638
vn 0.254349 -0.143316 -0.956434
vn 0.087623 -0.237279 -0.967482
vn 0.169387 -0.233449 -0.957502
vn 0.257660 0.016148 -0.966101
vn 0.170915 0.008386 -0.985250
vn 0.085639 0.003674 -0.996319
vn 0.085263 0.059630 -0.994573
vn 0.349525 0.027374 -0.936527
vn 0.396675 0.033633 -0.917343
vn 0.400348 0.067179 -0.913898
vn 0.352215 0.065137 -0.933650
vn 0.392049 -0.030228 -0.919447
vn 0.387523 -0.130572 -0.912566
vn 0.383422 -0.217946 -0.897489
vn 0.338823 -0.221115 -0.914498
vn 0.082677 -0.371648 -0.924685
vn 0.080302 -0.373460 -0.924164
vn 0.149224 -0.362565 -0.919934
vn 0.247878 -0.349381 -0.903598
vn 0.249309 -0.309306 -0.917701
vn 0.167316 -0.316703 -0.933651
vn 0.258679 0.062290 -0.963953
vn 0.171086 0.060862 -0.983375
vn 0.336684 -0.262702 -0.904230
vn 0.251912 -0.227490 -0.940632
vn 0.289940 -0.305794 -0.906876
vn 0.086702 -0.324415 -0.941933
vn -0.001429 0.081826 -0.996646
vn -0.086493 0.078841 -0.993128
vn -0.351767 0.055796 -0.934423
vn -0.172505 0.072332 -0.982349
vn -0.257318 0.063624 -0.964230
vn 0.083690 0.081766 -0.993132
vn 0.401076 0.065010 -0.913735
vn 0.350032 0.067616 -0.934294
vn 0.254882 0.073742 -0.964156
vn 0.168935 0.079184 -0.982441
vn -0.000968 0.055237 -0.998473
vn -0.084944 0.052294 -0.995012
vn -0.349637 0.029241 -0.936429
vn -0.402394 0.024195 -0.915147
vn -0.169373 0.046292 -0.984464
vn -0.253839 0.038367 -0.966485
vn 0.083075 0.055211 -0.995013
vn 0.401253 0.038141 -0.915173
vn 0.348357 0.041356 -0.936449
vn 0.252324 0.047172 -0.966492
vn 0.167665 0.052161 -0.984463
vn 0.915176 0.004492 0.403029
vn 0.915818 -0.008796 0.401498
vn -0.914723 -0.040369 0.402060
vn -0.914748 -0.027480 0.403090
vn 0.916710 -0.025430 0.398743
vn -0.914756 -0.056946 0.399972
vn 0.634666 -0.645724 0.424545
vn 0.526076 -0.740946 0.417423
vn 0.212992 -0.898353 0.384183
vn 0.016155 -0.925290 0.378915
vn 0.917701 -0.031681 0.396007
vn 0.908888 -0.124573 0.397999
vn 0.726113 -0.537008 0.429398
vn 0.792164 -0.434590 0.428495
vn 0.395056 -0.828052 0.397819
vn 0.168366 0.059055 0.983954
vn 0.083682 0.060843 0.994633
vn 0.081148 0.157046 0.984252
vn 0.164584 0.155676 0.974001
vn 0.337601 0.146969 0.929745
vn 0.344241 0.048276 0.937639
vn 0.253973 0.055185 0.965636
vn 0.249155 0.152107 0.956444
vn 0.079306 0.240182 0.967483
vn 0.161128 0.239193 0.957510
vn 0.258159 -0.008436 0.966066
vn 0.172065 -0.003379 0.985080
vn -0.002737 0.156418 0.987687
vn -0.004185 0.239376 0.970918
vn 0.085701 -0.000664 0.996321
vn 0.087266 -0.056659 0.994572
vn 0.001016 -0.058371 0.998294
vn 0.000011 -0.001040 0.999999
vn 0.349871 -0.014947 0.936679
vn 0.398462 -0.018711 0.916994
vn 0.404093 -0.053299 0.913164
vn 0.353415 -0.052973 0.933966
vn 0.390771 0.043713 0.919450
vn 0.382745 0.143948 0.912570
vn 0.375555 0.231116 0.897521
vn 0.330888 0.232759 0.914514
vn 0.136497 0.367450 0.919972
vn 0.069642 0.374287 0.924694
vn 0.067229 0.375925 0.924208
vn 0.235670 0.357755 0.903588
vn 0.238430 0.317772 0.917699
vn 0.156168 0.322295 0.933669
vn 0.260764 -0.053350 0.963927
vn 0.174958 -0.054932 0.983042
vn 0.327292 0.274191 0.904267
vn 0.243803 0.236117 0.940643
vn 0.279209 0.315784 0.906820
vn 0.075323 0.327276 0.941922
vn -0.001062 0.060432 0.998172
vn -0.006575 0.376410 0.926430
vn -0.005745 0.328760 0.944396
vn -0.170336 0.053131 0.983953
vn -0.169924 0.149837 0.973999
vn -0.086575 0.154118 0.984252
vn -0.085753 0.057881 0.994634
vn -0.342520 0.135099 0.929747
vn -0.254328 0.143319 0.956440
vn -0.255748 0.046286 0.965635
vn -0.345711 0.036248 0.937640
vn -0.169378 0.233434 0.957507
vn -0.087641 0.237272 0.967482
vn -0.170929 -0.008378 0.985248
vn -0.257673 -0.016127 0.966098
vn -0.085635 -0.003662 0.996320
vn -0.085258 -0.059624 0.994573
vn -0.349537 -0.027392 0.936522
vn -0.352216 -0.065147 0.933649
vn -0.400359 -0.067216 0.913890
vn -0.396707 -0.033705 0.917326
vn -0.392077 0.030065 0.919441
vn -0.387531 0.130503 0.912573
vn -0.383386 0.217860 0.897526
vn -0.338807 0.221060 0.914517
vn -0.082672 0.371610 0.924701
vn -0.149243 0.362456 0.919974
vn -0.080313 0.373325 0.924218
vn -0.167320 0.316646 0.933670
vn -0.249383 0.309275 0.917691
vn -0.248031 0.349365 0.903562
vn -0.171068 -0.060855 0.983378
vn -0.258649 -0.062276 0.963962
vn -0.336665 0.262579 0.904272
vn -0.251902 0.227464 0.940641
vn -0.290085 0.305875 0.906803
vn -0.086710 0.324442 0.941923
vn 0.001441 -0.082414 0.996597
vn 0.086452 -0.079417 0.993086
vn 0.351662 -0.056153 0.934441
vn 0.172455 -0.072863 0.982319
vn 0.257251 -0.064064 0.964219
vn -0.083642 -0.082333 0.993089
vn -0.401035 -0.065381 0.913726
vn -0.349961 -0.067988 0.934294
vn -0.254770 -0.074150 0.964155
vn -0.168847 -0.079677 0.982417
vn 0.000989 -0.056408 0.998407
vn 0.084899 -0.053420 0.994956
vn 0.349469 -0.029915 0.936470
vn 0.402257 -0.024833 0.915190
vn 0.169275 -0.047313 0.984433
vn 0.253681 -0.039196 0.966493
vn -0.082982 -0.056352 0.994956
vn -0.401174 -0.038790 0.915180
vn -0.348226 -0.042055 0.936467
vn -0.252146 -0.048003 0.966498
vn -0.167513 -0.053171 0.984435
vn 0.857410 -0.307141 0.412931
vn -0.499895 -0.758848 0.417438
vn -0.611738 -0.667465 0.424578
vn -0.181497 -0.905225 0.384221
vn -0.903911 -0.156131 0.398207
vn -0.915651 -0.063529 0.396923
vn -0.706915 -0.562029 0.429411
vn -0.776513 -0.461978 0.428490
vn -0.365906 -0.841331 0.397837
vn -0.846178 -0.336879 0.412911
vn -0.168358 -0.059035 0.983957
vn -0.083672 -0.060827 0.994635
vn -0.081144 -0.157037 0.984253
vn -0.164592 -0.155663 0.974001
vn -0.337620 -0.146999 0.929733
vn -0.344248 -0.048361 0.937632
vn -0.253980 -0.055172 0.965635
vn -0.249194 -0.152100 0.956435
vn -0.079279 -0.240189 0.967483
vn -0.161121 -0.239206 0.957507
vn -0.258129 0.008437 0.966074
vn -0.172051 0.003394 0.985082
vn 0.002734 -0.156413 0.987688
vn 0.004181 -0.239385 0.970916
vn -0.085697 0.000686 0.996321
vn -0.087286 0.056658 0.994571
vn -0.001014 0.058369 0.998295
vn -0.000013 0.001060 0.999999
vn -0.349866 0.014882 0.936682
vn -0.398470 0.018585 0.916993
vn -0.404147 0.053277 0.913141
vn -0.353441 0.052949 0.933957
vn -0.390767 -0.043886 0.919443
vn -0.382742 -0.144009 0.912562
vn -0.375531 -0.231168 0.897518
vn -0.330878 -0.232790 0.914510
vn -0.136453 -0.367519 0.919951
vn -0.069623 -0.374260 0.924707
vn -0.067184 -0.375928 0.924210
vn -0.235573 -0.357875 0.903566
vn -0.238386 -0.317844 0.917686
vn -0.156144 -0.322362 0.933650
vn -0.260738 0.053328 0.963935
vn -0.174956 0.054924 0.983043
vn -0.327266 -0.274262 0.904255
vn -0.243823 -0.236133 0.940633
vn -0.279129 -0.315765 0.906851
vn -0.075305 -0.327251 0.941932
vn 0.001058 -0.060418 0.998173
vn 0.006580 -0.376402 0.926433
vn 0.005745 -0.328745 0.944401
vn 0.170326 -0.053122 0.983955
vn 0.169935 -0.149823 0.974000
vn 0.086588 -0.154109 0.984252
vn 0.085758 -0.057869 0.994634
vn 0.342540 -0.135126 0.929735
vn 0.254349 -0.143308 0.956436
vn 0.255748 -0.046275 0.965635
vn 0.345722 -0.036318 0.937634
vn 0.169383 -0.233438 0.957505
vn 0.087627 -0.237274 0.967483
vn 0.170923 0.008387 0.985249
vn 0.257673 0.016144 0.966097
vn 0.085626 0.003678 0.996321
vn 0.085251 0.059626 0.994574
vn 0.349529 0.027361 0.936526
vn 0.352215 0.065136 0.933650
vn 0.400347 0.067178 0.913898
vn 0.396675 0.033616 0.917343
vn 0.392057 -0.030221 0.919444
vn 0.387529 -0.130564 0.912565
vn 0.383374 -0.217917 0.897517
vn 0.338803 -0.221099 0.914510
vn 0.082661 -0.371602 0.924705
vn 0.149208 -0.362538 0.919947
vn 0.080280 -0.373360 0.924206
vn 0.167309 -0.316713 0.933649
vn 0.249334 -0.309329 0.917686
vn 0.247919 -0.349427 0.903569
vn 0.171094 0.060862 0.983373
vn 0.258687 0.062290 0.963951
vn 0.336646 -0.262672 0.904253
vn 0.251916 -0.227481 0.940633
vn 0.289981 -0.305829 0.906852
vn 0.086698 -0.324426 0.941930
vn -0.001429 0.081817 0.996646
vn -0.086493 0.078841 0.993128
vn -0.351778 0.055799 0.934419
vn -0.172505 0.072341 0.982349
vn -0.257321 0.063629 0.964229
vn 0.083690 0.081766 0.993132
vn 0.401081 0.065017 0.913732
vn 0.350038 0.067616 0.934292
vn 0.254887 0.073738 0.964155
vn 0.168940 0.079188 0.982440
vn -0.000968 0.055237 0.998473
vn -0.084953 0.052303 0.995011
vn -0.349650 0.029225 0.936424
vn -0.402407 0.024178 0.915142
vn -0.169374 0.046309 0.984463
vn -0.253839 0.038367 0.966485
vn 0.083083 0.055220 0.995012
vn 0.401265 0.038125 0.915168
vn 0.348371 0.041339 0.936445
vn 0.252325 0.047171 0.966492
vn 0.167666 0.052178 0.984462
vn 0.915157 0.004491 -0.403073
vn 0.915804 -0.008801 -0.401528
vn -0.914722 -0.040370 -0.402062
vn -0.914737 -0.027481 -0.403115
vn 0.916707 -0.025427 -0.398751
vn -0.914765 -0.056943 -0.399954
vn 0.634661 -0.645718 -0.424563
vn 0.526070 -0.740941 -0.417441
vn 0.212995 -0.898366 -0.384150
vn 0.016156 -0.925304 -0.378883
vn 0.917697 -0.031678 -0.396016
vn 0.908879 -0.124573 -0.398021
vn 0.726120 -0.537005 -0.429390
vn 0.792171 -0.434595 -0.428477
vn 0.395058 -0.828059 -0.397803
vn 0.168363 0.059043 -0.983955
vn 0.164584 0.155676 -0.974001
vn 0.081141 0.157037 -0.984254
vn 0.083674 0.060835 -0.994635
vn 0.337609 0.146967 -0.929742
vn 0.249159 0.152110 -0.956442
vn 0.253981 0.055169 -0.965635
vn 0.344245 0.048263 -0.937639
vn 0.161132 0.239205 -0.957506
vn 0.079298 0.240198 -0.967480
vn 0.172065 -0.003387 -0.985080
vn 0.258158 -0.008436 -0.966066
vn -0.002737 0.156410 -0.987688
vn -0.004185 0.239392 -0.970914
vn 0.085698 -0.000669 -0.996321
vn 0.000011 -0.001040 -0.999999
vn 0.001016 -0.058370 -0.998294
vn 0.087266 -0.056659 -0.994572
vn 0.349874 -0.014943 -0.936678
vn 0.353421 -0.052956 -0.933964
vn 0.404106 -0.053283 -0.913159
vn 0.398460 -0.018711 -0.916995
vn 0.390765 0.043705 -0.919452
vn 0.382762 0.143945 -0.912564
vn 0.375571 0.231144 -0.897507
vn 0.330891 0.232775 -0.914509
vn 0.136504 0.367480 -0.919959
vn 0.067249 0.376025 -0.924166
vn 0.069656 0.374325 -0.924678
vn 0.156164 0.322299 -0.933668
vn 0.238422 0.317771 -0.917702
vn 0.235655 0.357757 -0.903591
vn 0.174950 -0.054924 -0.983044
vn 0.260755 -0.053333 -0.963931
vn 0.327291 0.274217 -0.904260
vn 0.243802 0.236123 -0.940642
vn 0.279208 0.315779 -0.906822
vn 0.075323 0.327276 -0.941922
vn -0.001062 0.060424 -0.998172
vn -0.006576 0.376556 -0.926371
vn -0.005745 0.328753 -0.944399
vn -0.170331 0.053119 -0.983954
vn -0.085745 0.057874 -0.994635
vn -0.086567 0.154109 -0.984254
vn -0.169924 0.149836 -0.973999
vn -0.342524 0.135102 -0.929744
vn -0.345716 0.036243 -0.937639
vn -0.255752 0.046274 -0.965634
vn -0.254337 0.143326 -0.956436
vn -0.087634 0.237288 -0.967478
vn -0.169387 0.233449 -0.957502
vn -0.257669 -0.016131 -0.966098
vn -0.170933 -0.008382 -0.985247
vn -0.085627 -0.003661 -0.996321
vn -0.085250 -0.059623 -0.994574
vn -0.349532 -0.027388 -0.936524
vn -0.396714 -0.033697 -0.917323
vn -0.400360 -0.067215 -0.913890
vn -0.352208 -0.065146 -0.933652
vn -0.392079 0.030065 -0.919440
vn -0.387532 0.130503 -0.912572
vn -0.383337 0.217862 -0.897546
vn -0.338781 0.221065 -0.914526
vn -0.082688 0.371650 -0.924683
vn -0.080336 0.373425 -0.924175
vn -0.149253 0.362477 -0.919964
vn -0.247986 0.349316 -0.903593
vn -0.249363 0.309250 -0.917705
vn -0.167322 0.316647 -0.933669
vn -0.258650 -0.062267 -0.963962
vn -0.171069 -0.060847 -0.983379
vn -0.336613 0.262574 -0.904294
vn -0.251908 0.227476 -0.940637
vn -0.290050 0.305830 -0.906829
vn -0.086710 0.324443 -0.941923
vn 0.001441 -0.082406 -0.996598
vn 0.086452 -0.079409 -0.993086
vn 0.351665 -0.056149 -0.934440
vn 0.172443 -0.072859 -0.982321
vn 0.257243 -0.064064 -0.964221
vn -0.083638 -0.082329 -0.993089
vn -0.401024 -0.065380 -0.913732
vn -0.349959 -0.067984 -0.934295
vn -0.254774 -0.074145 -0.964154
vn -0.168838 -0.079677 -0.982418
vn 0.000989 -0.056408 -0.998407
vn 0.084899 -0.053421 -0.994956
vn 0.349469 -0.029916 -0.936470
vn 0.402255 -0.024834 -0.915191
vn 0.169266 -0.047322 -0.984434
vn 0.253673 -0.039206 -0.966495
vn -0.082982 -0.056352 -0.994956
vn -0.401163 -0.038773 -0.915186
vn -0.348229 -0.042039 -0.936466
vn -0.252146 -0.048003 -0.966498
vn -0.167503 -0.053180 -0.984436
vn 0.857407 -0.307144 -0.412935
vn -0.499891 -0.758843 -0.417453
vn -0.611734 -0.667458 -0.424595
vn -0.181500 -0.905239 -0.384188
vn -0.903903 -0.156130 -0.398223
vn -0.915651 -0.063528 -0.396923
vn -0.706921 -0.562026 -0.429406
vn -0.776516 -0.461981 -0.428481
vn -0.365909 -0.841339 -0.397818
vn -0.846174 -0.336882 -0.412916

usemtl Paint
f 4914/3073/2490 4915/3072/2489 4895/3071/2488 4923/3070/2487
f 4899/3077/2494 4919/3076/2493 4924/3075/2492 4896/3074/2491
f 4928/3079/2496 4930/3078/2495 4895/3071/2488 4915/3072/2489
f 4919/3076/2493 4922/3081/2498 4897/3080/2497 4923/3070/2487
f 4900/3083/2500 4928/3079/2496 4915/3072/2489 4913/3082/2499
f 4908/3087/2504 4927/3086/2503 4901/3085/2502 4918/3084/2501
f 4926/3091/2508 4903/3090/2507 4929/3089/2506 4898/3088/2505
f 4899/3077/2494 4896/3074/2491 4909/3093/2510 4907/3092/2509
f 4909/3093/2510 4896/3074/2491 4894/3095/2512 4910/3094/2511
f 4823/3098/2515 4921/3097/2514 4920/3096/2513
f 4917/3101/2518 4905/3100/2517 4893/3099/2516 4920/3096/2513
f 4906/3103/2520 4911/3102/2519 4897/3080/2497 4922/3081/2498
f 4910/3094/2511 4894/3095/2512 4912/3104/2521
f 4919/3076/2493 4923/3070/2487 4895/3071/2488 4924/3075/2492
f 4906/3103/2520 4922/3081/2498 4898/3088/2505 4929/3089/2506
f 4904/3105/2522 4930/3078/2495 4893/3099/2516 4905/3100/2517
f 4912/3104/2521 4894/3095/2512 4904/3105/2522 4905/3100/2517 4916/3106/2523
f 4924/3075/2492 4904/3105/2522 4894/3095/2512 4896/3074/2491
f 4898/3088/2505 4899/3077/2494 4907/3092/2509 4926/3091/2508
f 4928/3079/2496 4931/3107/2524 4893/3099/2516 4930/3078/2495
f 4914/3073/2490 4918/3084/2501 4901/3085/2502 4892/3108/2525
f 4824/3110/2526 4925/3109/2526 4921/3097/2514 4823/3098/2515
f 4928/3079/2496 4900/3083/2500 4902/3111/2527 4931/3107/2524
f 4915/3072/2489 4914/3073/2490 4892/3108/2525 4913/3082/2499
f 4904/3105/2522 4924/3075/2492 4895/3071/2488 4930/3078/2495
f 4908/3087/2504 4918/3084/2501 4897/3080/2497 4911/3102/2519
f 4916/3106/2523 4905/3100/2517 4917/3101/2518
f 4914/3073/2490 4923/3070/2487 4897/3080/2497 4918/3084/2501
f 4919/3076/2493 4899/3077/2494 4898/3088/2505 4922/3081/2498
f 4861/3115/2531 4877/3114/2530 4876/3113/2529 4885/3112/2528
f 4886/3119/2535 4881/3118/2534 4865/3117/2533 4862/3116/2532
f 4861/3115/2531 4890/3121/2537 4888/3120/2536 4877/3114/2530
f 4863/3123/2539 4884/3122/2538 4881/3118/2534 4885/3112/2528
f 4877/3114/2530 4888/3120/2536 4900/3083/2500 4913/3082/2499
f 4901/3085/2502 4927/3086/2503 4871/3125/2541 4880/3124/2540
f 4889/3129/2545 4866/3128/2544 4887/3127/2543 4864/3126/2542
f 4872/3131/2547 4862/3116/2532 4865/3117/2533 4870/3130/2546
f 4860/3133/2549 4862/3116/2532 4872/3131/2547 4873/3132/2548
f 4882/3136/2552 4883/3135/2551 4825/3134/2550
f 4859/3139/2555 4868/3138/2554 4879/3137/2553 4882/3136/2552
f 4863/3123/2539 4874/3141/2557 4869/3140/2556 4884/3122/2538
f 4860/3133/2549 4873/3132/2548 4875/3142/2558
f 4861/3115/2531 4885/3112/2528 4881/3118/2534 4886/3119/2535
f 4864/3126/2542 4884/3122/2538 4869/3140/2556 4889/3129/2545
f 4859/3139/2555 4890/3121/2537 4867/3143/2559 4868/3138/2554
f 4868/3138/2554 4867/3143/2559 4860/3133/2549 4875/3142/2558 4878/3144/2560
f 4860/3133/2549 4867/3143/2559 4886/3119/2535 4862/3116/2532
f 4870/3130/2546 4865/3117/2533 4864/3126/2542 4887/3127/2543
f 4859/3139/2555 4891/3145/2561 4888/3120/2536 4890/3121/2537
f 4901/3085/2502 4880/3124/2540 4876/3113/2529 4892/3108/2525
f 4825/3134/2550 4883/3135/2551 4925/3109/2526 4824/3110/2526
f 4902/3111/2527 4900/3083/2500 4888/3120/2536 4891/3145/2561
f 4892/3108/2525 4876/3113/2529 4877/3114/2530 4913/3082/2499
f 4861/3115/2531 4886/3119/2535 4867/3143/2559 4890/3121/2537
f 4863/3123/2539 4880/3124/2540 4871/3125/2541 4874/3141/2557
f 4868/3138/2554 4878/3144/2560 4879/3137/2553
f 4863/3123/2539 4885/3112/2528 4876/3113/2529 4880/3124/2540
f 4864/3126/2542 4865/3117/2533 4881/3118/2534 4884/3122/2538
f 4927/3086/2503 4908/3087/2504 4857/3147/2563 4858/3146/2562
f 4929/3089/2506 4903/3090/2507 4855/3149/2507 4856/3148/2564
f 4911/3102/2519 4906/3103/2520 4853/3151/2566 4854/3150/2565
f 4906/3103/2520 4929/3089/2506 4856/3148/2564 4853/3151/2566
f 4908/3087/2504 4911/3102/2519 4854/3150/2565 4857/3147/2563
f 4871/3125/2541 4927/3086/2503 4858/3146/2562 4852/3152/2567
f 4866/3128/2544 4889/3129/2545 4850/3154/2569 4851/3153/2568
f 4869/3140/2556 4874/3141/2557 4848/3156/2571 4849/3155/2570
f 4889/3129/2545 4869/3140/2556 4849/3155/2570 4850/3154/2569
f 4874/3141/2557 4871/3125/2541 4852/3152/2567 4848/3156/2571
f 4858/3146/2562 4857/3147/2563 4846/3158/2573 4847/3157/2572
f 4856/3148/2564 4855/3149/2507 4844/3160/2575 4845/3159/2574
f 4854/3150/2565 4853/3151/2566 4842/3162/2577 4843/3161/2576
f 4853/3151/2566 4856/3148/2564 4845/3159/2574 4842/3162/2577
f 4857/3147/2563 4854/3150/2565 4843/3161/2576 4846/3158/2573
f 4852/3152/2567 4858/3146/2562 4847/3157/2572 4841/3163/2578
f 4851/3153/2568 4850/3154/2569 4839/3165/2580 4840/3164/2579
f 4849/3155/2570 4848/3156/2571 4837/3167/2582 4838/3166/2581
f 4850/3154/2569 4849/3155/2570 4838/3166/2581 4839/3165/2580
f 4848/3156/2571 4852/3152/2567 4841/3163/2578 4837/3167/2582
f 4728/3169/2583 4739/3168/2584 4851/3153/2584 4840/3164/2583
f 4743/3171/2585 4732/3170/2586 4844/3160/2586 4855/3149/2585
f 4739/3168/2584 4764/3172/2587 4866/3128/2587 4851/3153/2584
f 4802/3173/2588 4743/3171/2585 4855/3149/2585 4903/3090/2588
f 4748/3175/2589 4755/3174/2590 4879/3137/2590 4878/3144/2589
f 4757/3177/2591 4783/3176/2592 4925/3109/2592 4883/3135/2591
f 4765/3179/2593 4762/3178/2594 4870/3130/2594 4887/3127/2593
f 4750/3180/2595 4748/3175/2589 4878/3144/2589 4875/3142/2595
f 4760/3181/2596 4750/3180/2595 4875/3142/2595 4873/3132/2596
f 4755/3174/2590 4756/3182/2597 4882/3136/2597 4879/3137/2590
f 4825/3134/2550 4891/3145/2561 4859/3139/2555 4882/3136/2552
f 4824/3110/2526 4902/3111/2527 4891/3145/2561 4825/3134/2550
f 4823/3098/2515 4931/3107/2524 4902/3111/2527 4824/3110/2526
f 4920/3096/2513 4893/3099/2516 4931/3107/2524 4823/3098/2515
f 4821/3186/2601 4820/3185/2600 4819/3184/2599 4822/3183/2598
f 4817/3190/2605 4816/3189/2604 4815/3188/2603 4818/3187/2602
f 4821/3186/2601 4814/3192/2607 4813/3191/2606 4820/3185/2600
f 4812/3194/2609 4811/3193/2608 4816/3189/2604 4822/3183/2598
f 4820/3185/2600 4813/3191/2606 4809/3196/2611 4810/3195/2610
f 4807/3085/2615 4806/3199/2614 4805/3198/2613 4808/3197/2612
f 4803/3202/2619 4802/3173/2618 4801/3201/2617 4804/3200/2616
f 4799/3204/2621 4818/3187/2602 4815/3188/2603 4800/3203/2620
f 4797/3206/2623 4818/3187/2602 4799/3204/2621 4798/3205/2622
f 4795/3209/2626 4794/3208/2625 4796/3207/2624
f 4793/3212/2629 4792/3211/2628 4791/3210/2627 4796/3207/2624
f 4812/3194/2609 4790/3214/2631 4789/3213/2630 4811/3193/2608
f 4797/3206/2623 4798/3205/2622 4788/3215/2632
f 4821/3186/2601 4822/3183/2598 4816/3189/2604 4817/3190/2605
f 4804/3200/2616 4811/3193/2608 4789/3213/2630 4803/3202/2619
f 4793/3212/2629 4814/3192/2607 4787/3216/2633 4792/3211/2628
f 4792/3211/2628 4787/3216/2633 4797/3206/2623 4788/3215/2632 4786/3217/2634
f 4797/3206/2623 4787/3216/2633 4817/3190/2605 4818/3187/2602
f 4800/3203/2620 4815/3188/2603 4804/3200/2616 4801/3201/2617
f 4793/3212/2629 4785/3218/2635 4813/3191/2606 4814/3192/2607
f 4807/3085/2615 4808/3197/2612 4819/3184/2599 4784/3219/2636
f 4795/3209/2626 4783/3176/2637 4782/3220/2637 4794/3208/2625
f 4781/3221/2638 4809/3196/2611 4813/3191/2606 4785/3218/2635
f 4784/3219/2636 4819/3184/2599 4820/3185/2600 4810/3195/2610
f 4821/3186/2601 4817/3190/2605 4787/3216/2633 4814/3192/2607
f 4812/3194/2609 4808/3197/2612 4805/3198/2613 4790/3214/2631
f 4792/3211/2628 4786/3217/2634 4791/3210/2627
f 4812/3194/2609 4822/3183/2598 4819/3184/2599 4808/3197/2612
f 4804/3200/2616 4815/3188/2603 4816/3189/2604 4811/3193/2608
f 4779/3225/2642 4778/3224/2641 4777/3223/2640 4780/3222/2639
f 4775/3229/2646 4774/3228/2645 4773/3227/2644 4776/3226/2643
f 4772/3231/2648 4771/3230/2647 4777/3223/2640 4778/3224/2641
f 4774/3228/2645 4770/3233/2650 4769/3232/2649 4780/3222/2639
f 4809/3196/2611 4772/3231/2648 4778/3224/2641 4810/3195/2610
f 4767/3235/2652 4806/3199/2614 4807/3085/2615 4768/3234/2651
f 4765/3179/2656 4764/3172/2655 4763/3237/2654 4766/3236/2653
f 4775/3229/2646 4776/3226/2643 4761/3238/2658 4762/3178/2657
f 4761/3238/2658 4776/3226/2643 4759/3239/2660 4760/3181/2659
f 4757/3177/2663 4756/3182/2662 4758/3240/2661
f 4755/3174/2666 4754/3242/2665 4753/3241/2664 4756/3182/2662
f 4752/3244/2668 4751/3243/2667 4769/3232/2649 4770/3233/2650
f 4760/3181/2659 4759/3239/2660 4750/3180/2669
f 4774/3228/2645 4780/3222/2639 4777/3223/2640 4773/3227/2644
f 4752/3244/2668 4770/3233/2650 4766/3236/2653 4763/3237/2654
f 4749/3245/2670 4771/3230/2647 4753/3241/2664 4754/3242/2665
f 4750/3180/2669 4759/3239/2660 4749/3245/2670 4754/3242/2665 4748/3175/2671
f 4773/3227/2644 4749/3245/2670 4759/3239/2660 4776/3226/2643
f 4766/3236/2653 4775/3229/2646 4762/3178/2657 4765/3179/2656
f 4772/3231/2648 4747/3246/2672 4753/3241/2664 4771/3230/2647
f 4779/3225/2642 4768/3234/2651 4807/3085/2615 4784/3219/2636
f 4783/3176/2637 4757/3177/2663 4758/3240/2661 4782/3220/2637
f 4772/3231/2648 4809/3196/2611 4781/3221/2638 4747/3246/2672
f 4778/3224/2641 4779/3225/2642 4784/3219/2636 4810/3195/2610
f 4749/3245/2670 4773/3227/2644 4777/3223/2640 4771/3230/2647
f 4767/3235/2652 4768/3234/2651 4769/3232/2649 4751/3243/2667
f 4748/3175/2671 4754/3242/2665 4755/3174/2666
f 4779/3225/2642 4780/3222/2639 4769/3232/2649 4768/3234/2651
f 4774/3228/2645 4775/3229/2646 4766/3236/2653 4770/3233/2650
f 4745/3248/2674 4805/3198/2613 4806/3199/2614 4746/3247/2673
f 4743/3171/2618 4802/3173/2618 4803/3202/2619 4744/3249/2675
f 4741/3251/2677 4789/3213/2630 4790/3214/2631 4742/3250/2676
f 4744/3249/2675 4803/3202/2619 4789/3213/2630 4741/3251/2677
f 4742/3250/2676 4790/3214/2631 4805/3198/2613 4745/3248/2674
f 4746/3247/2673 4806/3199/2614 4767/3235/2652 4740/3252/2678
f 4738/3253/2680 4763/3237/2654 4764/3172/2655 4739/3168/2679
f 4736/3255/2682 4751/3243/2667 4752/3244/2668 4737/3254/2681
f 4737/3254/2681 4752/3244/2668 4763/3237/2654 4738/3253/2680
f 4740/3252/2678 4767/3235/2652 4751/3243/2667 4736/3255/2682
f 4734/3256/2684 4745/3248/2674 4746/3247/2673 4735/3157/2683
f 4732/3170/2686 4743/3171/2618 4744/3249/2675 4733/3257/2685
f 4730/3259/2688 4741/3251/2677 4742/3250/2676 4731/3258/2687
f 4733/3257/2685 4744/3249/2675 4741/3251/2677 4730/3259/2688
f 4731/3258/2687 4742/3250/2676 4745/3248/2674 4734/3256/2684
f 4735/3157/2683 4746/3247/2673 4740/3252/2678 4729/3260/2689
f 4727/3261/2691 4738/3253/2680 4739/3168/2679 4728/3169/2690
f 4725/3263/2693 4736/3255/2682 4737/3254/2681 4726/3262/2692
f 4726/3262/2692 4737/3254/2681 4738/3253/2680 4727/3261/2691
f 4729/3260/2689 4740/3252/2678 4736/3255/2682 4725/3263/2693
f 4756/3182/2597 4757/3177/2591 4883/3135/2591 4882/3136/2597
f 4761/3238/2694 4760/3181/2596 4873/3132/2596 4872/3131/2694
f 4762/3178/2594 4761/3238/2694 4872/3131/2694 4870/3130/2594
f 4764/3172/2587 4765/3179/2593 4887/3127/2593 4866/3128/2587
f 4791/3210/2695 4786/3217/2696 4916/3106/2696 4917/3101/2695
f 4783/3176/2592 4795/3209/2697 4921/3097/2697 4925/3109/2592
f 4800/3203/2698 4801/3201/2699 4926/3091/2699 4907/3092/2698
f 4786/3217/2696 4788/3215/2700 4912/3104/2700 4916/3106/2696
f 4788/3215/2700 4798/3205/2701 4910/3094/2701 4912/3104/2700
f 4796/3207/2702 4791/3210/2695 4917/3101/2695 4920/3096/2702
f 4753/3241/2664 4747/3246/2672 4758/3240/2661 4756/3182/2662
f 4747/3246/2672 4781/3221/2638 4782/3220/2637 4758/3240/2661
f 4781/3221/2638 4785/3218/2635 4794/3208/2625 4782/3220/2637
f 4785/3218/2635 4793/3212/2629 4796/3207/2624 4794/3208/2625
f 4801/3201/2699 4802/3173/2588 4903/3090/2588 4926/3091/2699
f 4799/3204/2703 4800/3203/2698 4907/3092/2698 4909/3093/2703
f 4798/3205/2701 4799/3204/2703 4909/3093/2703 4910/3094/2701
f 4795/3209/2697 4796/3207/2702 4920/3096/2702 4921/3097/2697
f 4677/3071/2707 4697/3072/2706 4696/3073/2705 4705/3070/2704
f 4706/3075/2711 4701/3076/2710 4681/3077/2709 4678/3074/2708
f 4677/3071/2707 4712/3078/2713 4710/3079/2712 4697/3072/2706
f 4679/3080/2715 4704/3081/2714 4701/3076/2710 4705/3070/2704
f 4697/3072/2706 4710/3079/2712 4682/3083/2717 4695/3082/2716
f 4683/3085/2721 4709/3086/2720 4690/3087/2719 4700/3084/2718
f 4711/3089/2725 4685/3090/2724 4708/3091/2723 4680/3088/2722
f 4691/3093/2727 4678/3074/2708 4681/3077/2709 4689/3092/2726
f 4676/3095/2729 4678/3074/2708 4691/3093/2727 4692/3094/2728
f 4703/3097/2732 4605/3098/2731 4702/3096/2730
f 4675/3099/2735 4687/3100/2734 4699/3101/2733 4702/3096/2730
f 4679/3080/2715 4693/3102/2737 4688/3103/2736 4704/3081/2714
f 4676/3095/2729 4692/3094/2728 4694/3104/2738
f 4677/3071/2707 4705/3070/2704 4701/3076/2710 4706/3075/2711
f 4680/3088/2722 4704/3081/2714 4688/3103/2736 4711/3089/2725
f 4675/3099/2735 4712/3078/2713 4686/3105/2739 4687/3100/2734
f 4687/3100/2734 4686/3105/2739 4676/3095/2729 4694/3104/2738 4698/3106/2740
f 4676/3095/2729 4686/3105/2739 4706/3075/2711 4678/3074/2708
f 4689/3092/2726 4681/3077/2709 4680/3088/2722 4708/3091/2723
f 4675/3099/2735 4713/3107/2741 4710/3079/2712 4712/3078/2713
f 4683/3085/2721 4700/3084/2718 4696/3073/2705 4674/3108/2742
f 4703/3097/2732 4707/3109/2743 4606/3110/2743 4605/3098/2731
f 4684/3111/2744 4682/3083/2717 4710/3079/2712 4713/3107/2741
f 4674/3108/2742 4696/3073/2705 4697/3072/2706 4695/3082/2716
f 4677/3071/2707 4706/3075/2711 4686/3105/2739 4712/3078/2713
f 4679/3080/2715 4700/3084/2718 4690/3087/2719 4693/3102/2737
f 4687/3100/2734 4698/3106/2740 4699/3101/2733
f 4679/3080/2715 4705/3070/2704 4696/3073/2705 4700/3084/2718
f 4680/3088/2722 4681/3077/2709 4701/3076/2710 4704/3081/2714
f 4658/3113/2748 4659/3114/2747 4643/3115/2746 4667/3112/2745
f 4647/3117/2752 4663/3118/2751 4668/3119/2750 4644/3116/2749
f 4670/3120/2754 4672/3121/2753 4643/3115/2746 4659/3114/2747
f 4663/3118/2751 4666/3122/2756 4645/3123/2755 4667/3112/2745
f 4682/3083/2717 4670/3120/2754 4659/3114/2747 4695/3082/2716
f 4653/3125/2758 4709/3086/2720 4683/3085/2721 4662/3124/2757
f 4669/3127/2762 4648/3128/2761 4671/3129/2760 4646/3126/2759
f 4647/3117/2752 4644/3116/2749 4654/3131/2764 4652/3130/2763
f 4654/3131/2764 4644/3116/2749 4642/3133/2766 4655/3132/2765
f 4665/3135/2769 4664/3136/2768 4607/3134/2767
f 4661/3137/2772 4650/3138/2771 4641/3139/2770 4664/3136/2768
f 4651/3140/2774 4656/3141/2773 4645/3123/2755 4666/3122/2756
f 4655/3132/2765 4642/3133/2766 4657/3142/2775
f 4663/3118/2751 4667/3112/2745 4643/3115/2746 4668/3119/2750
f 4651/3140/2774 4666/3122/2756 4646/3126/2759 4671/3129/2760
f 4649/3143/2776 4672/3121/2753 4641/3139/2770 4650/3138/2771
f 4657/3142/2775 4642/3133/2766 4649/3143/2776 4650/3138/2771 4660/3144/2777
f 4668/3119/2750 4649/3143/2776 4642/3133/2766 4644/3116/2749
f 4646/3126/2759 4647/3117/2752 4652/3130/2763 4669/3127/2762
f 4670/3120/2754 4673/3145/2778 4641/3139/2770 4672/3121/2753
f 4658/3113/2748 4662/3124/2757 4683/3085/2721 4674/3108/2742
f 4707/3109/2743 4665/3135/2769 4607/3134/2767 4606/3110/2743
f 4670/3120/2754 4682/3083/2717 4684/3111/2744 4673/3145/2778
f 4659/3114/2747 4658/3113/2748 4674/3108/2742 4695/3082/2716
f 4649/3143/2776 4668/3119/2750 4643/3115/2746 4672/3121/2753
f 4653/3125/2758 4662/3124/2757 4645/3123/2755 4656/3141/2773
f 4660/3144/2777 4650/3138/2771 4661/3137/2772
f 4658/3113/2748 4667/3112/2745 4645/3123/2755 4662/3124/2757
f 4663/3118/2751 4647/3117/2752 4646/3126/2759 4666/3122/2756
f 4639/3147/2780 4690/3087/2719 4709/3086/2720 4640/3146/2779
f 4637/3149/2724 4685/3090/2724 4711/3089/2725 4638/3148/2781
f 4635/3151/2783 4688/3103/2736 4693/3102/2737 4636/3150/2782
f 4638/3148/2781 4711/3089/2725 4688/3103/2736 4635/3151/2783
f 4636/3150/2782 4693/3102/2737 4690/3087/2719 4639/3147/2780
f 4640/3146/2779 4709/3086/2720 4653/3125/2758 4634/3152/2784
f 4632/3154/2786 4671/3129/2760 4648/3128/2761 4633/3153/2785
f 4630/3156/2788 4656/3141/2773 4651/3140/2774 4631/3155/2787
f 4631/3155/2787 4651/3140/2774 4671/3129/2760 4632/3154/2786
f 4634/3152/2784 4653/3125/2758 4656/3141/2773 4630/3156/2788
f 4628/3158/2790 4639/3147/2780 4640/3146/2779 4629/3157/2789
f 4626/3160/2792 4637/3149/2724 4638/3148/2781 4627/3159/2791
f 4624/3162/2794 4635/3151/2783 4636/3150/2782 4625/3161/2793
f 4627/3159/2791 4638/3148/2781 4635/3151/2783 4624/3162/2794
f 4625/3161/2793 4636/3150/2782 4639/3147/2780 4628/3158/2790
f 4629/3157/2789 4640/3146/2779 4634/3152/2784 4623/3163/2795
f 4621/3165/2797 4632/3154/2786 4633/3153/2785 4622/3164/2796
f 4619/3167/2799 4630/3156/2788 4631/3155/2787 4620/3166/2798
f 4620/3166/2798 4631/3155/2787 4632/3154/2786 4621/3165/2797
f 4623/3163/2795 4634/3152/2784 4630/3156/2788 4619/3167/2799
f 4633/3153/2801 4521/3168/2801 4510/3169/2800 4622/3164/2800
f 4626/3160/2803 4514/3170/2803 4525/3171/2802 4637/3149/2802
f 4648/3128/2804 4546/3172/2804 4521/3168/2801 4633/3153/2801
f 4637/3149/2802 4525/3171/2802 4584/3173/2805 4685/3090/2805
f 4661/3137/2807 4537/3174/2807 4530/3175/2806 4660/3144/2806
f 4707/3109/2809 4565/3176/2809 4539/3177/2808 4665/3135/2808
f 4652/3130/2811 4544/3178/2811 4547/3179/2810 4669/3127/2810
f 4660/3144/2806 4530/3175/2806 4532/3180/2812 4657/3142/2812
f 4657/3142/2812 4532/3180/2812 4542/3181/2813 4655/3132/2813
f 4664/3136/2814 4538/3182/2814 4537/3174/2807 4661/3137/2807
f 4641/3139/2770 4673/3145/2778 4607/3134/2767 4664/3136/2768
f 4673/3145/2778 4684/3111/2744 4606/3110/2743 4607/3134/2767
f 4684/3111/2744 4713/3107/2741 4605/3098/2731 4606/3110/2743
f 4713/3107/2741 4675/3099/2735 4702/3096/2730 4605/3098/2731
f 4601/3184/2818 4602/3185/2817 4603/3186/2816 4604/3183/2815
f 4597/3188/2822 4598/3189/2821 4599/3190/2820 4600/3187/2819
f 4595/3191/2824 4596/3192/2823 4603/3186/2816 4602/3185/2817
f 4598/3189/2821 4593/3193/2826 4594/3194/2825 4604/3183/2815
f 4591/3196/2828 4595/3191/2824 4602/3185/2817 4592/3195/2827
f 4587/3198/2832 4588/3199/2831 4589/3085/2830 4590/3197/2829
f 4583/3201/2836 4584/3173/2835 4585/3202/2834 4586/3200/2833
f 4597/3188/2822 4600/3187/2819 4581/3204/2838 4582/3203/2837
f 4581/3204/2838 4600/3187/2819 4579/3206/2840 4580/3205/2839
f 4576/3208/2843 4577/3209/2842 4578/3207/2841
f 4573/3210/2846 4574/3211/2845 4575/3212/2844 4578/3207/2841
f 4571/3213/2848 4572/3214/2847 4594/3194/2825 4593/3193/2826
f 4580/3205/2839 4579/3206/2840 4570/3215/2849
f 4598/3189/2821 4604/3183/2815 4603/3186/2816 4599/3190/2820
f 4571/3213/2848 4593/3193/2826 4586/3200/2833 4585/3202/2834
f 4569/3216/2850 4596/3192/2823 4575/3212/2844 4574/3211/2845
f 4570/3215/2849 4579/3206/2840 4569/3216/2850 4574/3211/2845 4568/3217/2851
f 4599/3190/2820 4569/3216/2850 4579/3206/2840 4600/3187/2819
f 4586/3200/2833 4597/3188/2822 4582/3203/2837 4583/3201/2836
f 4595/3191/2824 4567/3218/2852 4575/3212/2844 4596/3192/2823
f 4601/3184/2818 4590/3197/2829 4589/3085/2830 4566/3219/2853
f 4564/3220/2854 4565/3176/2854 4577/3209/2842 4576/3208/2843
f 4595/3191/2824 4591/3196/2828 4563/3221/2855 4567/3218/2852
f 4602/3185/2817 4601/3184/2818 4566/3219/2853 4592/3195/2827
f 4569/3216/2850 4599/3190/2820 4603/3186/2816 4596/3192/2823
f 4587/3198/2832 4590/3197/2829 4594/3194/2825 4572/3214/2847
f 4568/3217/2851 4574/3211/2845 4573/3210/2846
f 4601/3184/2818 4604/3183/2815 4594/3194/2825 4590/3197/2829
f 4598/3189/2821 4597/3188/2822 4586/3200/2833 4593/3193/2826
f 4559/3223/2859 4560/3224/2858 4561/3225/2857 4562/3222/2856
f 4555/3227/2863 4556/3228/2862 4557/3229/2861 4558/3226/2860
f 4559/3223/2859 4553/3230/2865 4554/3231/2864 4560/3224/2858
f 4551/3232/2867 4552/3233/2866 4556/3228/2862 4562/3222/2856
f 4560/3224/2858 4554/3231/2864 4591/3196/2828 4592/3195/2827
f 4589/3085/2830 4588/3199/2831 4549/3235/2869 4550/3234/2868
f 4545/3237/2873 4546/3172/2872 4547/3179/2871 4548/3236/2870
f 4543/3238/2875 4558/3226/2860 4557/3229/2861 4544/3178/2874
f 4541/3239/2877 4558/3226/2860 4543/3238/2875 4542/3181/2876
f 4538/3182/2880 4539/3177/2879 4540/3240/2878
f 4535/3241/2883 4536/3242/2882 4537/3174/2881 4538/3182/2880
f 4551/3232/2867 4533/3243/2885 4534/3244/2884 4552/3233/2866
f 4541/3239/2877 4542/3181/2876 4532/3180/2886
f 4559/3223/2859 4562/3222/2856 4556/3228/2862 4555/3227/2863
f 4548/3236/2870 4552/3233/2866 4534/3244/2884 4545/3237/2873
f 4535/3241/2883 4553/3230/2865 4531/3245/2887 4536/3242/2882
f 4536/3242/2882 4531/3245/2887 4541/3239/2877 4532/3180/2886 4530/3175/2888
f 4541/3239/2877 4531/3245/2887 4555/3227/2863 4558/3226/2860
f 4544/3178/2874 4557/3229/2861 4548/3236/2870 4547/3179/2871
f 4535/3241/2883 4529/3246/2889 4554/3231/2864 4553/3230/2865
f 4589/3085/2830 4550/3234/2868 4561/3225/2857 4566/3219/2853
f 4540/3240/2878 4539/3177/2879 4565/3176/2854 4564/3220/2854
f 4563/3221/2855 4591/3196/2828 4554/3231/2864 4529/3246/2889
f 4566/3219/2853 4561/3225/2857 4560/3224/2858 4592/3195/2827
f 4559/3223/2859 4555/3227/2863 4531/3245/2887 4553/3230/2865
f 4551/3232/2867 4550/3234/2868 4549/3235/2869 4533/3243/2885
f 4536/3242/2882 4530/3175/2888 4537/3174/2881
f 4551/3232/2867 4562/3222/2856 4561/3225/2857 4550/3234/2868
f 4548/3236/2870 4557/3229/2861 4556/3228/2862 4552/3233/2866
f 4588/3199/2831 4587/3198/2832 4527/3248/2891 4528/3247/2890
f 4585/3202/2834 4584/3173/2835 4525/3171/2835 4526/3249/2892
f 4572/3214/2847 4571/3213/2848 4523/3251/2894 4524/3250/2893
f 4571/3213/2848 4585/3202/2834 4526/3249/2892 4523/3251/2894
f 4587/3198/2832 4572/3214/2847 4524/3250/2893 4527/3248/2891
f 4549/3235/2869 4588/3199/2831 4528/3247/2890 4522/3252/2895
f 4546/3172/2872 4545/3237/2873 4520/3253/2897 4521/3168/2896
f 4534/3244/2884 4533/3243/2885 4518/3255/2899 4519/3254/2898
f 4545/3237/2873 4534/3244/2884 4519/3254/2898 4520/3253/2897
f 4533/3243/2885 4549/3235/2869 4522/3252/2895 4518/3255/2899
f 4528/3247/2890 4527/3248/2891 4516/3256/2901 4517/3157/2900
f 4526/3249/2892 4525/3171/2835 4514/3170/2903 4515/3257/2902
f 4524/3250/2893 4523/3251/2894 4512/3259/2905 4513/3258/2904
f 4523/3251/2894 4526/3249/2892 4515/3257/2902 4512/3259/2905
f 4527/3248/2891 4524/3250/2893 4513/3258/2904 4516/3256/2901
f 4522/3252/2895 4528/3247/2890 4517/3157/2900 4511/3260/2906
f 4521/3168/2896 4520/3253/2897 4509/3261/2908 4510/3169/2907
f 4519/3254/2898 4518/3255/2899 4507/3263/2910 4508/3262/2909
f 4520/3253/2897 4519/3254/2898 4508/3262/2909 4509/3261/2908
f 4518/3255/2899 4522/3252/2895 4511/3260/2906 4507/3263/2910
f 4665/3135/2808 4539/3177/2808 4538/3182/2814 4664/3136/2814
f 4655/3132/2813 4542/3181/2813 4543/3238/2911 4654/3131/2911
f 4654/3131/2911 4543/3238/2911 4544/3178/2811 4652/3130/2811
f 4669/3127/2810 4547/3179/2810 4546/3172/2804 4648/3128/2804
f 4698/3106/2913 4568/3217/2913 4573/3210/2912 4699/3101/2912
f 4703/3097/2914 4577/3209/2914 4565/3176/2809 4707/3109/2809
f 4708/3091/2916 4583/3201/2916 4582/3203/2915 4689/3092/2915
f 4694/3104/2917 4570/3215/2917 4568/3217/2913 4698/3106/2913
f 4692/3094/2918 4580/3205/2918 4570/3215/2917 4694/3104/2917
f 4699/3101/2912 4573/3210/2912 4578/3207/2919 4702/3096/2919
f 4540/3240/2878 4529/3246/2889 4535/3241/2883 4538/3182/2880
f 4564/3220/2854 4563/3221/2855 4529/3246/2889 4540/3240/2878
f 4576/3208/2843 4567/3218/2852 4563/3221/2855 4564/3220/2854
f 4578/3207/2841 4575/3212/2844 4567/3218/2852 4576/3208/2843
f 4685/3090/2805 4584/3173/2805 4583/3201/2916 4708/3091/2916
f 4689/3092/2915 4582/3203/2915 4581/3204/2920 4691/3093/2920
f 4691/3093/2920 4581/3204/2920 4580/3205/2918 4692/3094/2918
f 4702/3096/2919 4578/3207/2919 4577/3209/2914 4703/3097/2914

usemtl default

g Sensor
v -4.277442 0.995481 -0.010927
v -4.281433 1.002402 -0.018926
v -4.286900 1.011868 -0.021854
v -4.292365 1.021334 -0.018926
v -4.296366 1.028256 -0.010927
v -4.297831 1.030793 -0.000000
v -4.296366 1.028256 0.010927
v -4.292365 1.021334 0.018926
v -4.286900 1.011868 0.021854
v -4.281433 1.002402 0.018926
v -4.275977 0.992946 -0.000000
v -4.277442 0.995481 0.010927
v -4.210950 0.925461 -0.100624
v -4.221148 0.919572 -0.100624
v -4.227243 0.930127 -0.112812
v -4.217045 0.936016 -0.112812
v -4.317662 1.110303 -0.112812
v -4.327860 1.104414 -0.112812
v -4.333956 1.114970 -0.100624
v -4.323757 1.120859 -0.100624
v -4.323757 1.120859 0.100625
v -4.333956 1.114970 0.100625
v -4.327860 1.104414 0.112813
v -4.317662 1.110303 0.112813
v -4.217045 0.936016 0.112813
v -4.227243 0.930127 0.112813
v -4.221148 0.919572 0.100625
v -4.210950 0.925461 0.100625
v -4.270851 0.985774 -0.017676
v -4.277328 0.996983 -0.030616
v -4.286157 1.012291 -0.035352
v -4.294994 1.027599 -0.030616
v -4.301472 1.038807 -0.017676
v -4.303833 1.042910 -0.000000
v -4.301472 1.038807 0.017676
v -4.294994 1.027599 0.030616
v -4.286157 1.012291 0.035352
v -4.277328 0.996983 0.030616
v -4.286900 1.011868 -0.000000
v -4.268489 0.981675 -0.000000
v -4.270851 0.985774 0.017676
v -4.260029 0.992034 -0.017676
v -4.266495 1.003233 -0.030616
v -4.275334 1.018541 -0.035352
v -4.284172 1.033853 -0.030616
v -4.290639 1.045059 -0.017676
v -4.293011 1.049161 -0.000000
v -4.290639 1.045059 0.017676
v -4.284172 1.033853 0.030616
v -4.275334 1.018541 0.035352
v -4.266495 1.003233 0.030616
v -4.260029 0.992034 0.017676
v -4.257657 0.987925 -0.000000
v -4.275334 1.018541 -0.000000
v -4.336963 1.040875 0.173766
v -4.343501 1.052189 0.165672
v -4.349462 1.062486 0.154721
v -4.354525 1.071233 0.139973
v -4.358382 1.077900 0.120489
v -4.360734 1.081955 0.095331
v -4.361949 1.084033 0.065918
v -4.362383 1.084772 0.033668
v -4.362404 1.084807 -0.000000
v -4.362383 1.084772 -0.033669
v -4.361949 1.084033 -0.065919
v -4.360734 1.081955 -0.095332
v -4.358382 1.077900 -0.120489
v -4.354525 1.071233 -0.139972
v -4.349462 1.062486 -0.154720
v -4.343501 1.052189 -0.165672
v -4.336963 1.040875 -0.173765
v -4.330136 1.029073 -0.179938
v -4.323113 1.016937 -0.184214
v -4.315986 1.004599 -0.186613
v -4.308840 0.992222 -0.187157
v -4.301744 0.979954 -0.185868
v -4.294783 0.967914 -0.182625
v -4.288029 0.956230 -0.177306
v -4.281562 0.945031 -0.169790
v -4.275446 0.934446 -0.159955
v -4.269929 0.924901 -0.147302
v -4.265246 0.916792 -0.131331
v -4.261637 0.910554 -0.111541
v -4.259358 0.906603 -0.087434
v -4.258100 0.904425 -0.060089
v -4.257584 0.903513 -0.030584
v -4.257501 0.903385 -0.000000
v -4.257584 0.903513 0.030584
v -4.258100 0.904425 0.060089
v -4.259358 0.906603 0.087434
v -4.261637 0.910554 0.111542
v -4.265246 0.916792 0.131331
v -4.269929 0.924901 0.147303
v -4.275446 0.934446 0.159956
v -4.281562 0.945031 0.169791
v -4.288029 0.956230 0.177307
v -4.294783 0.967914 0.182626
v -4.301744 0.979954 0.185869
v -4.308840 0.992222 0.187158
v -4.315986 1.004599 0.186614
v -4.323113 1.016937 0.184214
v -4.330136 1.029073 0.179939
v -4.366104 1.024048 0.173766
v -4.372643 1.035365 0.165672
v -4.378603 1.045661 0.154721
v -4.383667 1.054408 0.139973
v -4.387523 1.061075 0.120489
v -4.389874 1.065130 0.095331
v -4.391091 1.067208 0.065918
v -4.391524 1.067947 0.033668
v -4.391554 1.067981 -0.000000
v -4.391524 1.067947 -0.033669
v -4.391091 1.067208 -0.065919
v -4.389874 1.065130 -0.095332
v -4.387523 1.061075 -0.120489
v -4.383667 1.054408 -0.139972
v -4.378603 1.045661 -0.154720
v -4.372643 1.035365 -0.165672
v -4.366104 1.024048 -0.173765
v -4.359277 1.012245 -0.179938
v -4.352254 1.000106 -0.184214
v -4.345128 0.987778 -0.186613
v -4.337981 0.975401 -0.187157
v -4.330885 0.963123 -0.185868
v -4.323924 0.951083 -0.182625
v -4.317179 0.939399 -0.177306
v -4.310703 0.928200 -0.169790
v -4.304587 0.917625 -0.159955
v -4.299070 0.908070 -0.147302
v -4.294387 0.899971 -0.131331
v -4.290778 0.893733 -0.111541
v -4.288499 0.889772 -0.087434
v -4.287240 0.887594 -0.060089
v -4.286725 0.886692 -0.030584
v -4.286643 0.886554 -0.000000
v -4.286725 0.886692 0.030584
v -4.287240 0.887594 0.060089
v -4.288499 0.889772 0.087434
v -4.290778 0.893733 0.111542
v -4.294387 0.899971 0.131331
v -4.299070 0.908070 0.147303
v -4.304587 0.917625 0.159956
v -4.310703 0.928200 0.169791
v -4.317179 0.939399 0.177307
v -4.323924 0.951083 0.182626
v -4.330885 0.963123 0.185869
v -4.337981 0.975401 0.187158
v -4.345128 0.987778 0.186614
v -4.359277 1.012245 0.179939
v -4.352254 1.000106 0.184214
v -4.302911 1.060532 0.173766
v -4.309449 1.071847 0.165672
v -4.315410 1.082143 0.154721
v -4.320473 1.090891 0.139973
v -4.324330 1.097558 0.120489
v -4.326691 1.101613 0.095331
v -4.327898 1.103692 0.065918
v -4.328341 1.104430 0.033668
v -4.328362 1.104465 -0.000000
v -4.328341 1.104430 -0.033669
v -4.327898 1.103692 -0.065919
v -4.326691 1.101613 -0.095332
v -4.324330 1.097558 -0.120489
v -4.320473 1.090891 -0.139972
v -4.315410 1.082143 -0.154720
v -4.309449 1.071847 -0.165672
v -4.302911 1.060532 -0.173765
v -4.296083 1.048732 -0.179938
v -4.289071 1.036592 -0.184214
v -4.281944 1.024257 -0.186613
v -4.274787 1.011880 -0.187157
v -4.267693 0.999612 -0.185868
v -4.260741 0.987571 -0.182625
v -4.253986 0.975887 -0.177306
v -4.247520 0.964688 -0.169790
v -4.241394 0.954104 -0.159955
v -4.235877 0.944559 -0.147302
v -4.231194 0.936449 -0.131331
v -4.227594 0.930211 -0.111541
v -4.225306 0.926260 -0.087434
v -4.224058 0.924082 -0.060089
v -4.223532 0.923171 -0.030584
v -4.223459 0.923042 -0.000000
v -4.223532 0.923171 0.030584
v -4.224058 0.924082 0.060089
v -4.225306 0.926260 0.087434
v -4.227594 0.930211 0.111542
v -4.231194 0.936449 0.131331
v -4.235877 0.944559 0.147303
v -4.241394 0.954104 0.159956
v -4.247520 0.964688 0.169791
v -4.253986 0.975887 0.177307
v -4.260741 0.987571 0.182626
v -4.267693 0.999612 0.185869
v -4.274787 1.011880 0.187158
v -4.281944 1.024257 0.186614
v -4.296083 1.048732 0.179939
v -4.289071 1.036592 0.184214
v -4.273438 1.022865 0.006925
v -4.265952 1.009904 0.002222
v -4.268159 1.013736 0.012880
v -4.273273 1.022568 0.008753
v -4.272192 1.020706 0.012035
v -4.267694 1.012924 0.012334
v -4.266509 1.010864 0.009541
v -4.266240 1.010419 0.008103
v -4.271716 1.019884 0.012623
v -4.270190 1.017251 0.013557
v -4.269675 1.016350 0.013596
v -4.273563 1.023073 -0.002446
v -4.273563 1.023073 -0.000000
v -4.265942 1.009894 -0.000000
v -4.266076 1.010131 -0.006352
v -4.269159 1.015458 -0.013503
v -4.272985 1.022083 -0.010168
v -4.273273 1.022568 -0.008753
v -4.266240 1.010419 -0.008103
v -4.267241 1.012152 -0.011620
v -4.267694 1.012924 -0.012335
v -4.269675 1.016350 -0.013596
v -4.271222 1.019023 -0.013072
v -4.271716 1.019884 -0.012623
v -4.273563 1.023073 0.002446
v -4.273531 1.023013 0.004789
v -4.266076 1.010131 0.006352
v -4.265983 1.009973 0.004365
v -4.269159 1.015458 0.013503
v -4.268654 1.014577 0.013267
v -4.272985 1.022083 0.010168
v -4.272624 1.021449 0.011240
v -4.267241 1.012152 0.011620
v -4.266839 1.011458 0.010701
v -4.271222 1.019023 0.013072
v -4.270706 1.018142 0.013382
v -4.273438 1.022865 -0.006925
v -4.273531 1.023013 -0.004789
v -4.265952 1.009904 -0.002222
v -4.265983 1.009973 -0.004365
v -4.268159 1.013736 -0.012881
v -4.268654 1.014577 -0.013267
v -4.272192 1.020706 -0.012035
v -4.272624 1.021449 -0.011240
v -4.266509 1.010864 -0.009541
v -4.266839 1.011458 -0.010701
v -4.270190 1.017251 -0.013557
v -4.270706 1.018142 -0.013382
v -4.281827 1.039362 0.024158
v -4.255685 0.994140 0.007750
v -4.263399 1.007498 0.044932
v -4.281230 1.038334 0.030534
v -4.277456 1.031819 0.041984
v -4.261760 1.004666 0.043027
v -4.257624 0.997507 0.033281
v -4.256716 0.995923 0.028266
v -4.275805 1.028955 0.044035
v -4.270484 1.019756 0.047290
v -4.268680 1.016627 0.047428
v -4.282250 1.040076 -0.008532
v -4.282250 1.040085 -0.000000
v -4.255665 0.994111 -0.000000
v -4.256139 0.994923 -0.022157
v -4.266875 1.013518 -0.047102
v -4.280251 1.036645 -0.035471
v -4.281230 1.038334 -0.030534
v -4.256716 0.995923 -0.028266
v -4.260213 1.001982 -0.040535
v -4.261760 1.004666 -0.043027
v -4.268680 1.016627 -0.047428
v -4.274073 1.025964 -0.045599
v -4.275805 1.028955 -0.044035
v -4.282250 1.040076 0.008532
v -4.282138 1.039889 0.016705
v -4.256139 0.994923 0.022157
v -4.255819 0.994368 0.015227
v -4.266875 1.013518 0.047102
v -4.265111 1.010458 0.046280
v -4.280251 1.036645 0.035471
v -4.278972 1.034428 0.039208
v -4.260213 1.001982 0.040535
v -4.258810 0.999557 0.037328
v -4.274073 1.025964 0.045599
v -4.272289 1.022885 0.046682
v -4.281827 1.039362 -0.024158
v -4.282138 1.039889 -0.016705
v -4.255685 0.994140 -0.007750
v -4.255819 0.994368 -0.015227
v -4.263399 1.007498 -0.044932
v -4.265111 1.010458 -0.046280
v -4.277456 1.031819 -0.041984
v -4.278972 1.034428 -0.039208
v -4.257624 0.997507 -0.033281
v -4.258810 0.999557 -0.037329
v -4.270484 1.019756 -0.047291
v -4.272289 1.022885 -0.046683
v -4.289369 1.053090 0.038757
v -4.247426 0.980542 0.012434
v -4.259812 1.001980 0.072083
v -4.288410 1.051442 0.048984
v -4.282367 1.040990 0.067353
v -4.257182 0.997425 0.069027
v -4.250541 0.985949 0.053392
v -4.249077 0.983414 0.045347
v -4.279706 1.036390 0.070644
v -4.271177 1.021644 0.075867
v -4.268269 1.016614 0.076088
v -4.290039 1.054236 -0.013688
v -4.290050 1.054250 -0.000000
v -4.247406 0.980493 -0.000000
v -4.248148 0.981800 -0.035546
v -4.265382 1.011624 -0.075564
v -4.286843 1.048732 -0.056905
v -4.288410 1.051442 -0.048984
v -4.249077 0.983414 -0.045347
v -4.254697 0.993117 -0.065029
v -4.257182 0.997425 -0.069028
v -4.268269 1.016614 -0.076088
v -4.276932 1.031592 -0.073154
v -4.279706 1.036390 -0.070644
v -4.290039 1.054236 0.013688
v -4.289864 1.053936 0.026799
v -4.248148 0.981800 0.035546
v -4.247643 0.980919 0.024429
v -4.265382 1.011624 0.075564
v -4.262556 1.006722 0.074246
v -4.286843 1.048732 0.056905
v -4.284780 1.045175 0.062901
v -4.254697 0.993117 0.065029
v -4.252449 0.989236 0.059885
v -4.276932 1.031592 0.073153
v -4.274075 1.026654 0.074891
v -4.289369 1.053090 -0.038757
v -4.289864 1.053936 -0.026799
v -4.247426 0.980542 -0.012434
v -4.247643 0.980919 -0.024429
v -4.259812 1.001980 -0.072083
v -4.262556 1.006722 -0.074246
v -4.282367 1.040990 -0.067353
v -4.284780 1.045175 -0.062901
v -4.250541 0.985949 -0.053392
v -4.252449 0.989236 -0.059885
v -4.271177 1.021644 -0.075867
v -4.274075 1.026654 -0.074892
v -4.295691 1.065162 0.051447
v -4.240022 0.968860 0.016505
v -4.256451 0.997307 0.095685
v -4.294423 1.062974 0.065023
v -4.286389 1.049099 0.089407
v -4.252964 0.991267 0.091629
v -4.244157 0.976029 0.070874
v -4.242208 0.972662 0.060195
v -4.282862 1.042992 0.093774
v -4.271538 1.023418 0.100708
v -4.267681 1.016735 0.101002
v -4.296577 1.066683 -0.018170
v -4.296587 1.066701 -0.000000
v -4.239980 0.968791 -0.000000
v -4.240981 0.970533 -0.047185
v -4.263855 1.010120 -0.100306
v -4.292339 1.059376 -0.075538
v -4.294423 1.062974 -0.065023
v -4.242208 0.972662 -0.060195
v -4.249664 0.985554 -0.086322
v -4.252964 0.991267 -0.091629
v -4.267681 1.016735 -0.101002
v -4.279181 1.036624 -0.097106
v -4.282862 1.042992 -0.093775
v -4.296577 1.066683 0.018170
v -4.296340 1.066284 0.035574
v -4.240981 0.970533 0.047185
v -4.240300 0.969355 0.032428
v -4.263855 1.010120 0.100307
v -4.260100 1.003615 0.098556
v -4.292339 1.059376 0.075538
v -4.289606 1.054656 0.083497
v -4.249664 0.985554 0.086322
v -4.246685 0.980405 0.079493
v -4.279181 1.036624 0.097106
v -4.275385 1.030073 0.099413
v -4.295691 1.065162 -0.051447
v -4.296340 1.066284 -0.035574
v -4.240022 0.968860 -0.016505
v -4.240300 0.969355 -0.032428
v -4.256451 0.997307 -0.095686
v -4.260100 1.003615 -0.098556
v -4.286389 1.049099 -0.089407
v -4.289606 1.054656 -0.083497
v -4.244157 0.976029 -0.070874
v -4.246685 0.980405 -0.079493
v -4.271538 1.023418 -0.100708
v -4.275385 1.030073 -0.099413
v -4.302364 1.079629 0.066240
v -4.230689 0.955641 0.021251
v -4.251852 0.992267 0.123200
v -4.300725 1.076811 0.083721
v -4.290391 1.058946 0.115116
v -4.247355 0.984484 0.117978
v -4.236011 0.964869 0.091254
v -4.233505 0.960532 0.077504
v -4.285844 1.051084 0.120740
v -4.271271 1.025883 0.129667
v -4.266300 1.017279 0.130045
v -4.303509 1.081586 -0.023394
v -4.303529 1.081610 -0.000000
v -4.230638 0.955552 -0.000000
v -4.231916 0.957780 -0.060753
v -4.261371 1.008753 -0.129149
v -4.298043 1.072179 -0.097259
v -4.300725 1.076811 -0.083721
v -4.233505 0.960532 -0.077504
v -4.243097 0.977137 -0.111144
v -4.247355 0.984484 -0.117977
v -4.266300 1.017279 -0.130045
v -4.281100 1.042884 -0.125029
v -4.285844 1.051084 -0.120739
v -4.303509 1.081586 0.023394
v -4.303210 1.081073 0.045803
v -4.231916 0.957780 0.060753
v -4.231050 0.956264 0.041752
v -4.261371 1.008753 0.129150
v -4.256534 1.000386 0.126896
v -4.298043 1.072179 0.097259
v -4.294527 1.066100 0.107507
v -4.243097 0.977137 0.111144
v -4.239270 0.970493 0.102352
v -4.281100 1.042884 0.125030
v -4.276221 1.034449 0.128000
v -4.302364 1.079629 -0.066240
v -4.303210 1.081073 -0.045803
v -4.230689 0.955641 -0.021251
v -4.231050 0.956264 -0.041752
v -4.251852 0.992267 -0.123200
v -4.256534 1.000386 -0.126896
v -4.290391 1.058946 -0.115116
v -4.294527 1.066100 -0.107506
v -4.236011 0.964869 -0.091254
v -4.239270 0.970493 -0.102352
v -4.271271 1.025883 -0.129667
v -4.276221 1.034449 -0.128000
v -4.308007 1.091226 0.078237
v -4.223349 0.944787 0.025100
v -4.248337 0.988048 0.145512
v -4.306079 1.087898 0.098883
v -4.293859 1.066797 0.135964
v -4.243026 0.978859 0.139344
v -4.229640 0.955679 0.107781
v -4.226680 0.950560 0.091540
v -4.288496 1.057511 0.142606
v -4.271284 1.027743 0.153150
v -4.265416 1.017584 0.153597
v -4.309358 1.093538 -0.027631
v -4.309379 1.093565 -0.000000
v -4.223287 0.944678 -0.000000
v -4.224803 0.947312 -0.071756
v -4.259589 1.007514 -0.152538
v -4.302904 1.082427 -0.114872
v -4.306079 1.087898 -0.098883
v -4.226680 0.950560 -0.091540
v -4.238014 0.970165 -0.131272
v -4.243026 0.978859 -0.139343
v -4.265416 1.017584 -0.153596
v -4.282897 1.047827 -0.147672
v -4.288496 1.057511 -0.142605
v -4.309358 1.093538 0.027631
v -4.308997 1.092931 0.054098
v -4.224803 0.947312 0.071756
v -4.223772 0.945530 0.049313
v -4.259589 1.007514 0.152539
v -4.253876 0.997633 0.149877
v -4.302904 1.082427 0.114873
v -4.298747 1.075247 0.126976
v -4.238014 0.970165 0.131272
v -4.233477 0.962333 0.120888
v -4.282897 1.047827 0.147672
v -4.277132 1.037864 0.151181
v -4.308007 1.091226 -0.078237
v -4.308997 1.092931 -0.054098
v -4.223349 0.944787 -0.025100
v -4.223772 0.945530 -0.049314
v -4.248337 0.988048 -0.145511
v -4.253876 0.997633 -0.149877
v -4.293859 1.066797 -0.135963
v -4.298747 1.075247 -0.126976
v -4.229640 0.955679 -0.107780
v -4.233477 0.962333 -0.120888
v -4.271284 1.027743 -0.153149
v -4.277132 1.037864 -0.151181
v -4.313344 1.109316 0.095331
v -4.210194 0.930875 0.030584
v -4.240638 0.983591 0.177307
v -4.310993 1.105261 0.120489
v -4.296112 1.079550 0.165672
v -4.234172 0.972393 0.169791
v -4.217857 0.944153 0.131331
v -4.214248 0.937915 0.111542
v -4.289574 1.068235 0.173766
v -4.268597 1.031963 0.186614
v -4.261450 1.019584 0.187158
v -4.314993 1.112133 -0.033669
v -4.315024 1.112167 -0.000000
v -4.210112 0.930746 -0.000000
v -4.211968 0.933964 -0.087434
v -4.254354 1.007316 -0.185868
v -4.307136 1.098594 -0.139972
v -4.310993 1.105261 -0.120489
v -4.214248 0.937915 -0.111541
v -4.228056 0.961808 -0.159955
v -4.234172 0.972393 -0.169790
v -4.261450 1.019584 -0.187157
v -4.282747 1.056435 -0.179938
v -4.289574 1.068235 -0.173765
v -4.314993 1.112133 0.033668
v -4.314560 1.111395 0.065918
v -4.211968 0.933964 0.087434
v -4.210710 0.931776 0.060089
v -4.254354 1.007316 0.185869
v -4.247393 0.995275 0.182626
v -4.307136 1.098594 0.139973
v -4.302073 1.089846 0.154721
v -4.228056 0.961808 0.159956
v -4.222539 0.952263 0.147303
v -4.282747 1.056435 0.179939
v -4.275723 1.044294 0.184214
v -4.313344 1.109316 -0.095332
v -4.314560 1.111395 -0.065919
v -4.210194 0.930875 -0.030584
v -4.210710 0.931776 -0.060089
v -4.240638 0.983591 -0.177306
v -4.247393 0.995275 -0.182625
v -4.296112 1.079550 -0.165672
v -4.302073 1.089846 -0.154720
v -4.217857 0.944153 -0.131331
v -4.222539 0.952263 -0.147302
v -4.268597 1.031963 -0.186613
v -4.275723 1.044294 -0.184214
v -4.401657 1.058327 0.095331
v -4.298507 0.879886 0.030584
v -4.328962 0.932602 0.177307
v -4.399307 1.054272 0.120489
v -4.384426 1.028561 0.165672
v -4.322486 0.921404 0.169791
v -4.306170 0.893164 0.131331
v -4.302561 0.886926 0.111542
v -4.377887 1.017251 0.173766
v -4.356911 0.980972 0.186614
v -4.349763 0.968595 0.187158
v -4.403307 1.061144 -0.033669
v -4.403337 1.061178 -0.000000
v -4.298425 0.879757 -0.000000
v -4.300282 0.882975 -0.087434
v -4.342668 0.956326 -0.185868
v -4.395449 1.047605 -0.139972
v -4.399307 1.054272 -0.120489
v -4.302561 0.886926 -0.111541
v -4.316370 0.910819 -0.159955
v -4.322486 0.921404 -0.169790
v -4.349763 0.968595 -0.187157
v -4.371060 1.005449 -0.179938
v -4.377887 1.017251 -0.173765
v -4.403307 1.061144 0.033668
v -4.402874 1.060406 0.065918
v -4.300282 0.882975 0.087434
v -4.299023 0.880787 0.060089
v -4.342668 0.956326 0.185869
v -4.335707 0.944286 0.182626
v -4.395449 1.047605 0.139973
v -4.390386 1.038857 0.154721
v -4.316370 0.910819 0.159956
v -4.310853 0.901273 0.147303
v -4.371060 1.005449 0.179939
v -4.364037 0.993309 0.184214
v -4.401657 1.058327 -0.095332
v -4.402874 1.060406 -0.065919
v -4.298507 0.879886 -0.030584
v -4.299023 0.880787 -0.060089
v -4.328962 0.932602 -0.177306
v -4.335707 0.944286 -0.182625
v -4.384426 1.028561 -0.165672
v -4.390386 1.038857 -0.154720
v -4.306170 0.893164 -0.131331
v -4.310853 0.901273 -0.147302
v -4.356911 0.980972 -0.186613
v -4.364037 0.993309 -0.184214
v -4.264134 0.977970 -0.201571
v -4.231602 0.988440 -0.206705
v -4.247672 0.983148 -0.203784
v -4.199776 0.953990 -0.189530
v -4.214907 0.971069 -0.199356
v -4.236368 0.945760 -0.187099
v -4.249670 0.961780 -0.195535
v -4.217576 0.949809 -0.188035
v -4.328278 1.037777 -0.200834
v -4.308613 1.054299 -0.209280
v -4.318666 1.045245 -0.204458
v -4.268500 1.022401 -0.213809
v -4.249556 1.005679 -0.211537
v -4.288246 1.038610 -0.213173
v -4.295681 1.009585 -0.206441
v -4.312090 1.024301 -0.205058
v -4.282288 1.015859 -0.209654
v -4.279547 0.994014 -0.205205
v -4.382116 1.073317 -0.150423
v -4.378002 1.086316 -0.150851
v -4.379465 1.079017 -0.151082
v -4.347655 1.076431 -0.188109
v -4.328707 1.067546 -0.201226
v -4.364429 1.082253 -0.170969
v -4.358181 1.059533 -0.182983
v -4.371071 1.067426 -0.168740
v -4.352589 1.066853 -0.185450
v -4.343797 1.049649 -0.193549
v -4.403395 1.079352 -0.034950
v -4.404139 1.088763 -0.034451
v -4.403373 1.083292 -0.034825
v -4.396211 1.089520 -0.099073
v -4.388546 1.088708 -0.127102
v -4.401309 1.089341 -0.067832
v -4.397209 1.079068 -0.099985
v -4.401248 1.079570 -0.068684
v -4.396267 1.083553 -0.099867
v -4.390945 1.077200 -0.127636
v -4.397209 1.079068 0.099985
v -4.396211 1.089520 0.099073
v -4.396267 1.083553 0.099867
v -4.404139 1.088763 0.034451
v -4.404983 1.088372 -0.000000
v -4.401309 1.089341 0.067832
v -4.403395 1.079352 0.034950
v -4.401248 1.079570 0.068684
v -4.403373 1.083292 0.034825
v -4.403999 1.079064 -0.000000
v -4.358181 1.059533 0.182984
v -4.347655 1.076431 0.188109
v -4.352589 1.066853 0.185451
v -4.378002 1.086316 0.150851
v -4.388546 1.088708 0.127103
v -4.364429 1.082253 0.170970
v -4.382116 1.073317 0.150423
v -4.371071 1.067426 0.168740
v -4.379465 1.079017 0.151082
v -4.390945 1.077200 0.127637
v -4.295681 1.009585 0.206442
v -4.268500 1.022401 0.213810
v -4.282288 1.015859 0.209655
v -4.308613 1.054299 0.209281
v -4.328707 1.067546 0.201227
v -4.288246 1.038610 0.213174
v -4.328278 1.037777 0.200835
v -4.312090 1.024301 0.205058
v -4.318666 1.045245 0.204459
v -4.343797 1.049649 0.193550
v -4.236368 0.945760 0.187099
v -4.199776 0.953990 0.189531
v -4.217576 0.949809 0.188035
v -4.231602 0.988440 0.206706
v -4.249556 1.005679 0.211538
v -4.214907 0.971069 0.199356
v -4.264134 0.977970 0.201571
v -4.249670 0.961780 0.195536
v -4.247672 0.983148 0.203784
v -4.279547 0.994014 0.205206
v -4.198434 0.890914 0.128753
v -4.158950 0.896754 0.126199
v -4.177808 0.893594 0.127298
v -4.175308 0.922242 0.162620
v -4.186478 0.937580 0.177271
v -4.166156 0.908470 0.145591
v -4.214128 0.915564 0.163016
v -4.205444 0.902263 0.147227
v -4.194000 0.918765 0.162591
v -4.224445 0.930246 0.176260
v -4.186463 0.871430 0.028717
v -4.146639 0.876166 0.027573
v -4.165475 0.873496 0.028105
v -4.149933 0.881499 0.080386
v -4.153570 0.887606 0.104459
v -4.147719 0.877877 0.054563
v -4.189598 0.876276 0.083185
v -4.187479 0.872942 0.056693
v -4.168755 0.878590 0.081669
v -4.193140 0.882065 0.107452
v -4.189598 0.876276 -0.083185
v -4.149933 0.881499 -0.080386
v -4.168755 0.878590 -0.081669
v -4.146639 0.876166 -0.027573
v -4.146383 0.875780 -0.000000
v -4.147719 0.877877 -0.054563
v -4.186463 0.871430 -0.028717
v -4.187479 0.872942 -0.056693
v -4.165475 0.873496 -0.028105
v -4.186237 0.871124 -0.000000
v -4.214128 0.915564 -0.163015
v -4.224445 0.930246 -0.176259
v -4.175308 0.922242 -0.162619
v -4.194000 0.918765 -0.162590
v -4.186478 0.937580 -0.177271
v -4.158950 0.896754 -0.126199
v -4.153570 0.887606 -0.104459
v -4.166156 0.908470 -0.145590
v -4.198434 0.890914 -0.128752
v -4.205444 0.902263 -0.147226
v -4.177808 0.893594 -0.127298
v -4.193140 0.882065 -0.107452
v -4.404198 1.073232 0.034950
v -4.403800 1.076235 0.034950
v -4.404957 1.067450 0.034950
v -4.405328 1.064618 0.034950
v -4.404577 1.070312 0.034950
v -4.402384 1.065034 0.099157
v -4.404177 1.066873 0.068477
v -4.403616 1.061693 0.098960
v -4.399863 1.071850 0.099559
v -4.398565 1.075392 0.099768
v -4.402754 1.073040 0.068577
v -4.401134 1.068408 0.099356
v -4.233202 0.874945 0.086333
v -4.211418 0.874935 0.084788
v -4.276665 0.877637 0.089305
v -4.298374 0.879658 0.090762
v -4.254942 0.875955 0.087834
v -4.274542 0.874063 0.031165
v -4.275181 0.875132 0.061283
v -4.296527 0.876460 0.031748
v -4.230536 0.870661 0.029976
v -4.208517 0.870345 0.029358
v -4.231369 0.871966 0.059054
v -4.252543 0.872017 0.030577
v -4.296443 0.968425 0.197987
v -4.280540 0.973033 0.199746
v -4.327229 0.959907 0.194602
v -4.342370 0.955812 0.192943
v -4.311959 0.964084 0.196278
v -4.310246 0.933559 0.184641
v -4.318544 0.946576 0.190723
v -4.328137 0.931176 0.184055
v -4.273993 0.938852 0.185835
v -4.255416 0.942037 0.186455
v -4.284851 0.953535 0.193060
v -4.292237 0.936064 0.185232
v -4.388362 1.063864 0.148295
v -4.395193 1.069009 0.126573
v -4.385293 1.068503 0.149339
v -4.394267 1.054938 0.146286
v -4.397161 1.050563 0.145301
v -4.391344 1.059358 0.147281
v -4.399198 1.061275 0.125568
v -4.380430 1.036320 0.174094
v -4.387898 1.046471 0.162173
v -4.385724 1.030795 0.171978
v -4.369626 1.047594 0.178412
v -4.364017 1.053453 0.180655
v -4.379725 1.056648 0.165363
v -4.375077 1.041902 0.176232
v -4.255155 0.911087 0.164274
v -4.264043 0.924614 0.176257
v -4.234804 0.912902 0.163657
v -4.295208 0.909128 0.165462
v -4.315071 0.908571 0.166044
v -4.275268 0.909906 0.164874
v -4.302436 0.921013 0.176254
v -4.283428 0.889220 0.134873
v -4.279305 0.882151 0.114185
v -4.288799 0.898378 0.151817
v -4.304479 0.890243 0.136330
v -4.241157 0.888338 0.131901
v -4.219875 0.889049 0.130356
v -4.247479 0.898819 0.149588
v -4.262332 0.888488 0.133401
v -4.236354 0.880201 0.110915
v -4.346376 1.024912 0.194999
v -4.358397 1.036936 0.188078
v -4.337494 1.031223 0.197863
v -4.363466 1.012752 0.189489
v -4.371843 1.006795 0.186788
v -4.355010 1.018771 0.192217
v -4.372170 1.024932 0.182912
v -4.345320 0.986785 0.196163
v -4.336195 0.973362 0.196382
v -4.354462 0.999977 0.193886
v -4.357158 0.981397 0.193716
v -4.321189 0.997808 0.201155
v -4.308658 1.003567 0.203749
v -4.333875 1.011778 0.199312
v -4.333364 0.992234 0.198635
v -4.308603 0.983265 0.200668
v -4.399863 1.071850 -0.099559
v -4.398565 1.075392 -0.099768
v -4.402384 1.065034 -0.099157
v -4.403616 1.061693 -0.098960
v -4.401134 1.068408 -0.099356
v -4.404957 1.067450 -0.034950
v -4.405087 1.067424 -0.000000
v -4.404177 1.066873 -0.068477
v -4.405328 1.064618 -0.034950
v -4.404198 1.073232 -0.034950
v -4.403800 1.076235 -0.034950
v -4.402754 1.073040 -0.068577
v -4.404577 1.070312 -0.034950
v -4.404566 1.073077 -0.000000
v -4.230536 0.870661 -0.029976
v -4.230372 0.870433 -0.000000
v -4.208517 0.870345 -0.029359
v -4.274542 0.874063 -0.031165
v -4.296527 0.876460 -0.031748
v -4.252543 0.872017 -0.030577
v -4.274429 0.873895 -0.000000
v -4.276665 0.877637 -0.089305
v -4.275181 0.875132 -0.061283
v -4.298374 0.879658 -0.090762
v -4.233202 0.874945 -0.086333
v -4.211418 0.874935 -0.084788
v -4.231369 0.871966 -0.059054
v -4.254942 0.875955 -0.087834
v -4.273993 0.938852 -0.185834
v -4.255416 0.942037 -0.186455
v -4.310246 0.933559 -0.184640
v -4.328137 0.931176 -0.184055
v -4.292237 0.936064 -0.185231
v -4.327229 0.959907 -0.194602
v -4.318544 0.946576 -0.190722
v -4.342370 0.955812 -0.192943
v -4.296443 0.968425 -0.197986
v -4.280540 0.973033 -0.199745
v -4.284851 0.953535 -0.193060
v -4.311959 0.964084 -0.196277
v -4.369626 1.047594 -0.178411
v -4.364017 1.053453 -0.180655
v -4.380430 1.036320 -0.174094
v -4.385724 1.030795 -0.171978
v -4.375077 1.041902 -0.176231
v -4.394267 1.054938 -0.146285
v -4.399198 1.061275 -0.125567
v -4.387898 1.046471 -0.162173
v -4.397161 1.050563 -0.145300
v -4.388362 1.063864 -0.148294
v -4.385293 1.068503 -0.149339
v -4.379725 1.056648 -0.165362
v -4.391344 1.059358 -0.147280
v -4.395193 1.069009 -0.126572
v -4.241157 0.888338 -0.131900
v -4.236354 0.880201 -0.110914
v -4.219875 0.889049 -0.130355
v -4.283428 0.889220 -0.134872
v -4.304479 0.890243 -0.136329
v -4.262332 0.888488 -0.133401
v -4.279305 0.882151 -0.114184
v -4.295208 0.909128 -0.165461
v -4.302436 0.921013 -0.176254
v -4.288799 0.898378 -0.151816
v -4.315071 0.908571 -0.166043
v -4.255155 0.911087 -0.164273
v -4.234804 0.912902 -0.163656
v -4.247479 0.898819 -0.149587
v -4.275268 0.909906 -0.164873
v -4.264043 0.924614 -0.176256
v -4.321189 0.997808 -0.201155
v -4.308603 0.983265 -0.200667
v -4.308658 1.003567 -0.203749
v -4.345320 0.986785 -0.196163
v -4.357158 0.981397 -0.193716
v -4.333364 0.992234 -0.198634
v -4.336195 0.973362 -0.196381
v -4.363466 1.012752 -0.189488
v -4.372170 1.024932 -0.182911
v -4.354462 0.999977 -0.193885
v -4.371843 1.006795 -0.186787
v -4.346376 1.024912 -0.194998
v -4.337494 1.031223 -0.197862
v -4.333875 1.011778 -0.199311
v -4.355010 1.018771 -0.192216
v -4.358397 1.036936 -0.188078
v -3.963897 1.315378 0.181224
v -3.939682 1.330229 0.135285
v -3.950744 1.323336 0.159131
v -3.972674 1.370709 0.131394
v -3.955482 1.351270 0.133713
v -3.994903 1.354964 0.175695
v -3.978908 1.335929 0.179042
v -3.982715 1.363228 0.154416
v -4.028473 1.387382 0.166383
v -4.011546 1.372207 0.171403
v -4.010286 1.403732 0.125425
v -4.018298 1.395752 0.146824
v -3.991023 1.388283 0.128556
v -4.051483 1.427238 0.120361
v -4.030447 1.416802 0.122519
v -4.061625 1.410137 0.156640
v -4.045299 1.400141 0.161255
v -4.056014 1.418701 0.139824
v -4.344454 1.295828 0.166383
v -4.360804 1.314020 0.125425
v -4.352822 1.306011 0.146824
v -4.384308 1.272817 0.120361
v -4.373874 1.293858 0.122519
v -4.367208 1.262682 0.156640
v -4.357212 1.279001 0.161255
v -4.375778 1.268284 0.139824
v -4.254188 1.436649 0.028225
v -4.250086 1.428031 0.083506
v -4.252671 1.433399 0.056158
v -4.198949 1.446974 0.081222
v -4.224828 1.438635 0.082564
v -4.201559 1.456049 0.027472
v -4.228213 1.447522 0.027911
v -4.200648 1.452594 0.054645
v -4.093238 1.463877 0.025714
v -4.147225 1.465500 0.026467
v -4.174469 1.462089 0.026970
v -4.120062 1.466143 0.026028
v -4.146425 1.456339 0.078020
v -4.147003 1.461975 0.052589
v -4.172729 1.452919 0.079650
v -4.094493 1.454997 0.075501
v -4.093768 1.460424 0.051018
v -4.120274 1.457082 0.076560
v -4.096128 1.439200 0.120361
v -4.095319 1.447840 0.098752
v -4.073388 1.434789 0.119468
v -4.143569 1.439445 0.125425
v -4.119567 1.440682 0.122519
v -4.145332 1.448770 0.102414
v -4.135983 1.416189 0.166383
v -4.140619 1.428530 0.146824
v -4.095901 1.419323 0.156640
v -4.078224 1.416741 0.154461
v -4.096470 1.429540 0.139824
v -4.115035 1.418825 0.161255
v -4.303072 1.408423 0.028225
v -4.279223 1.423569 0.028350
v -4.346193 1.372542 0.027472
v -4.325479 1.391364 0.027911
v -4.339633 1.365751 0.081222
v -4.343649 1.370029 0.054645
v -4.297664 1.400560 0.083506
v -4.274448 1.415296 0.083877
v -4.301021 1.405488 0.056158
v -4.319479 1.383989 0.082564
v -4.272449 1.360408 0.181224
v -4.287304 1.384624 0.135285
v -4.293072 1.393614 0.109980
v -4.280411 1.373564 0.159131
v -4.327785 1.351631 0.131394
v -4.345357 1.333284 0.128556
v -4.308342 1.368824 0.133713
v -4.334286 1.359641 0.106905
v -4.312035 1.329398 0.175695
v -4.293001 1.345394 0.179042
v -4.320299 1.341594 0.154416
v -4.329277 1.312762 0.171403
v -4.408916 1.138977 0.085888
v -4.418221 1.137439 0.029338
v -4.414731 1.138047 0.058144
v -4.409611 1.107127 0.032456
v -4.406084 1.096471 0.033703
v -4.413919 1.120769 0.030928
v -4.400615 1.108599 0.094085
v -4.404706 1.122379 0.090108
v -4.406323 1.107866 0.064091
v -4.397503 1.097644 0.097260
v -4.119752 0.881716 0.026961
v -4.131037 0.879038 0.027175
v -4.100650 0.889180 0.027014
v -4.110406 0.884879 0.026914
v -4.102434 0.895750 0.079660
v -4.101140 0.891482 0.053683
v -4.122426 0.887610 0.079102
v -4.134135 0.884635 0.079482
v -4.120587 0.883691 0.053477
v -4.112585 0.891092 0.079182
v -4.144357 0.971160 0.204003
v -4.174256 1.010944 0.228512
v -4.158578 0.990585 0.217435
v -4.202420 0.998931 0.215959
v -4.216362 0.993737 0.210657
v -4.188736 1.004510 0.222086
v -4.169979 0.961861 0.195275
v -4.157329 0.966013 0.199441
v -4.185380 0.980125 0.206842
v -4.183664 0.958072 0.191855
v -4.008434 1.005967 0.181224
v -3.993568 0.981733 0.135285
v -4.000452 0.992775 0.159131
v -3.953593 1.015596 0.131394
v -3.972902 0.998186 0.133713
v -3.969344 1.037829 0.175695
v -3.988254 1.021622 0.179042
v -3.961080 1.025637 0.154416
v -3.936925 1.071399 0.166383
v -3.952092 1.054466 0.171403
v -3.920575 1.053208 0.125425
v -3.928546 1.061218 0.146824
v -3.936021 1.033945 0.128556
v -3.897060 1.094411 0.120361
v -3.907505 1.073370 0.122519
v -3.914170 1.104545 0.156640
v -3.924166 1.088228 0.161255
v -3.905601 1.098943 0.139824
v -4.151023 1.145058 0.275882
v -4.198644 1.118360 0.266783
v -4.175209 1.131436 0.272415
v -4.168661 1.072620 0.258093
v -4.183770 1.095302 0.263580
v -4.122565 1.097275 0.266367
v -4.136740 1.120954 0.272311
v -4.146115 1.084480 0.263143
v -4.070546 1.010694 0.218989
v -4.095147 1.051803 0.247386
v -4.108649 1.074175 0.258057
v -4.082354 1.030521 0.234362
v -4.138783 1.028276 0.240158
v -4.157948 1.018700 0.234711
v -4.117574 1.039399 0.244500
v -4.153579 1.050287 0.250295
v -4.111870 0.987079 0.212915
v -4.091869 0.998120 0.216509
v -4.124730 1.007058 0.227694
v -4.129654 0.977968 0.208611
v -4.420955 1.231065 0.025714
v -4.423594 1.180019 0.026841
v -4.421716 1.157176 0.027903
v -4.423470 1.204979 0.026121
v -4.414383 1.180603 0.078953
v -4.420067 1.180179 0.053289
v -4.412426 1.158387 0.081983
v -4.412072 1.229807 0.075501
v -4.417495 1.230538 0.051018
v -4.414404 1.204713 0.076793
v -4.396271 1.228174 0.120361
v -4.404916 1.228983 0.098752
v -4.391868 1.250916 0.119468
v -4.397248 1.182718 0.126358
v -4.397941 1.205229 0.122753
v -4.406726 1.181410 0.103440
v -4.373598 1.189215 0.166849
v -4.386138 1.185123 0.147547
v -4.376401 1.228400 0.156640
v -4.373820 1.246080 0.154461
v -4.386613 1.227830 0.139824
v -4.375982 1.209495 0.161372
v -4.025479 0.927618 0.028225
v -4.029126 0.935445 0.083506
v -4.026789 0.930516 0.056158
v -4.072460 0.911225 0.081550
v -4.089786 0.902242 0.080470
v -4.051782 0.922398 0.082646
v -4.070383 0.903931 0.027581
v -4.049009 0.914785 0.027938
v -4.071018 0.906570 0.054864
v -4.088095 0.895310 0.027243
v -4.363628 1.147523 0.178028
v -4.369421 1.168308 0.172569
v -4.390358 1.141557 0.136060
v -4.400795 1.140167 0.112037
v -4.377875 1.143794 0.158032
v -4.394583 1.161283 0.130889
v -4.381231 1.108551 0.145864
v -4.378370 1.095924 0.149267
v -4.385569 1.123871 0.141257
v -4.392310 1.108953 0.121616
v -4.350048 1.106967 0.187110
v -4.356939 1.127021 0.182963
v -4.367205 1.107765 0.167478
v -4.345951 1.089418 0.189237
v -4.108841 0.911521 0.128154
v -4.104889 0.902318 0.104599
v -4.122200 0.937111 0.170207
v -4.132061 0.953162 0.188250
v -4.114535 0.923173 0.150099
v -4.145699 0.928850 0.164997
v -4.158916 0.925699 0.163342
v -4.134019 0.932414 0.167359
v -4.156625 0.944622 0.181309
v -4.130378 0.903163 0.125896
v -4.125576 0.893946 0.103390
v -4.119699 0.906750 0.126769
v -4.137025 0.914919 0.146479
v -4.142816 0.900056 0.125663
v -4.179241 1.193945 0.275882
v -4.165240 1.169439 0.277075
v -4.206237 1.242197 0.266367
v -4.192937 1.218293 0.272311
v -4.251640 1.213343 0.257207
v -4.229299 1.227794 0.262922
v -4.226615 1.165710 0.266450
v -4.213016 1.141821 0.267730
v -4.203246 1.179722 0.272332
v -4.239485 1.189671 0.262942
v -4.311286 1.116362 0.220976
v -4.330999 1.108912 0.204897
v -4.270459 1.139184 0.247802
v -4.249101 1.152125 0.258265
v -4.291052 1.127167 0.235295
v -4.293490 1.185484 0.239054
v -4.282625 1.162374 0.244328
v -4.273096 1.199141 0.249244
v -4.330927 1.162049 0.212393
v -4.347889 1.153392 0.196124
v -4.321802 1.139491 0.217248
v -4.312784 1.172933 0.226737
v -4.051003 0.976860 0.181224
v -4.060000 0.992685 0.201274
v -4.029486 0.991008 0.182025
v -4.091537 0.952739 0.176460
v -4.108602 0.943650 0.173315
v -4.072020 0.963961 0.179233
v -4.100659 0.968822 0.195833
v -4.078882 0.927316 0.131940
v -4.074980 0.918083 0.107342
v -4.084345 0.938892 0.155071
v -4.095885 0.918148 0.129921
v -4.037383 0.951764 0.135285
v -4.015192 0.966243 0.135885
v -4.043492 0.963209 0.159131
v -4.059007 0.938654 0.133849
v -4.032619 0.942506 0.109980
v -3.874245 1.084576 0.025714
v -3.882565 1.087927 0.075501
v -3.889176 1.090792 0.098751
v -3.877498 1.085847 0.051018
v -3.907372 1.042284 0.078020
v -3.893649 1.064562 0.076560
v -3.913376 1.047015 0.102414
v -3.899839 1.037013 0.026467
v -3.885692 1.060216 0.026028
v -3.902774 1.038965 0.052589
v -4.345026 1.204837 0.199157
v -4.338669 1.183883 0.206375
v -4.359826 1.195589 0.184106
v -4.312022 1.229523 0.222993
v -4.329115 1.216352 0.212090
v -4.303225 1.208029 0.231952
v -4.328117 1.267526 0.199064
v -4.336091 1.283119 0.183872
v -4.320201 1.249507 0.212067
v -4.354667 1.240948 0.181736
v -4.365714 1.232051 0.170660
v -4.350273 1.224123 0.190893
v -4.342412 1.253353 0.190870
v -4.359789 1.254180 0.170660
v -4.130356 1.222170 0.275882
v -4.154865 1.208167 0.277075
v -4.082109 1.249159 0.266367
v -4.106011 1.235864 0.272311
v -4.110956 1.294566 0.257207
v -4.096504 1.272221 0.262922
v -4.158649 1.269669 0.266367
v -4.182628 1.256254 0.267523
v -4.144597 1.246204 0.272311
v -4.134648 1.282440 0.262922
v -4.227912 1.386122 0.181224
v -4.250666 1.374098 0.182025
v -4.181262 1.404899 0.175695
v -4.158234 1.411515 0.171403
v -4.204638 1.396412 0.179042
v -4.192646 1.429652 0.131394
v -4.196335 1.439292 0.106905
v -4.187695 1.418154 0.154416
v -4.167968 1.435698 0.128556
v -4.241460 1.411091 0.135285
v -4.264918 1.398793 0.135885
v -4.235328 1.399592 0.159131
v -4.217256 1.421414 0.133713
v -4.246366 1.420583 0.109980
v -4.407124 1.282652 0.025714
v -4.415632 1.257286 0.025589
v -4.398814 1.279301 0.075501
v -4.392203 1.276437 0.098752
v -4.403871 1.281382 0.051018
v -4.407001 1.254973 0.075071
v -4.374006 1.324944 0.078020
v -4.357892 1.346014 0.079650
v -4.387730 1.302666 0.076560
v -4.367993 1.320213 0.102414
v -4.381540 1.330215 0.026467
v -4.395677 1.307013 0.026028
v -4.378595 1.328262 0.052589
v -4.364959 1.352109 0.026969
v -4.209028 1.353416 0.218989
v -4.219161 1.370718 0.201274
v -4.185407 1.314009 0.247386
v -4.172317 1.292345 0.258057
v -4.197715 1.334440 0.234362
v -4.138821 1.336415 0.239054
v -4.161998 1.325708 0.244224
v -4.125163 1.316021 0.249244
v -4.163152 1.373522 0.211927
v -4.173151 1.389988 0.194957
v -4.186022 1.364179 0.216262
v -4.151598 1.355623 0.226620
v -4.119647 1.387887 0.199064
v -4.140867 1.381430 0.206141
v -4.129164 1.402587 0.183872
v -4.094778 1.354948 0.222993
v -4.107997 1.372027 0.212067
v -4.116277 1.346154 0.231952
v -4.056782 1.371041 0.199064
v -4.041189 1.379012 0.183872
v -4.074797 1.363132 0.212067
v -4.083360 1.397589 0.181736
v -4.092254 1.408641 0.170660
v -4.100225 1.393177 0.190870
v -4.070954 1.385333 0.190870
v -4.070127 1.402712 0.170660
v -4.102128 1.173283 0.275882
v -4.126514 1.159062 0.277075
v -4.116138 1.197789 0.277075
v -4.075111 1.124974 0.266367
v -4.088431 1.148921 0.272311
v -4.098668 1.110831 0.267523
v -4.029738 1.153884 0.257207
v -4.052070 1.139419 0.262922
v -4.054635 1.201576 0.266367
v -4.068045 1.225553 0.267523
v -4.078103 1.187521 0.272311
v -4.041864 1.177572 0.262922
v -3.970891 1.251957 0.218989
v -4.010294 1.228335 0.247386
v -4.031960 1.215248 0.258057
v -3.989867 1.240638 0.234362
v -3.987888 1.181744 0.239054
v -3.998594 1.204926 0.244224
v -4.008283 1.168087 0.249244
v -3.950778 1.206076 0.211927
v -3.960128 1.228952 0.216262
v -3.968678 1.194519 0.226620
v -4.207994 1.052405 0.243483
v -4.189507 1.061870 0.251459
v -4.190891 1.031716 0.237206
v -4.241485 1.094503 0.249465
v -4.256799 1.116398 0.249505
v -4.225041 1.073252 0.247514
v -4.220881 1.105994 0.259096
v -4.279799 1.073797 0.226781
v -4.296262 1.064097 0.216366
v -4.260960 1.083798 0.238492
v -4.297805 1.094013 0.224009
v -4.239909 1.036331 0.226637
v -4.220733 1.017824 0.222575
v -4.224620 1.043975 0.234949
v -4.259685 1.054855 0.228066
v -4.254367 1.029229 0.219330
v -4.253566 1.327702 0.218989
v -4.263482 1.345129 0.201274
v -4.231699 1.341253 0.219950
v -4.293924 1.298020 0.211927
v -4.311910 1.282678 0.206141
v -4.274395 1.313160 0.216262
v -4.303181 1.314916 0.194957
v -4.273950 1.258395 0.239054
v -4.263124 1.236371 0.249244
v -4.284202 1.279062 0.226620
v -4.293657 1.243741 0.231952
v -4.231252 1.287541 0.247386
v -4.208629 1.301294 0.248466
v -4.242798 1.308411 0.234362
v -4.253093 1.273118 0.244224
v -4.219033 1.265374 0.258057
v -3.996602 1.296496 0.218989
v -3.979173 1.306413 0.201274
v -3.983048 1.274626 0.219950
v -4.026281 1.336848 0.211927
v -4.041627 1.354837 0.206141
v -4.011138 1.317318 0.216262
v -4.009390 1.346107 0.194957
v -4.065908 1.316879 0.239054
v -4.087933 1.306046 0.249244
v -4.045244 1.327126 0.226620
v -4.080565 1.336585 0.231952
v -4.036759 1.274179 0.247386
v -4.023012 1.251556 0.248466
v -4.015887 1.285721 0.234362
v -4.051182 1.296014 0.244224
v -4.058929 1.261960 0.258057
v -4.027452 1.038902 0.218989
v -4.017453 1.021332 0.201274
v -4.048772 1.024416 0.219950
v -3.987454 1.069207 0.211927
v -4.006890 1.053912 0.216262
v -3.978198 1.052311 0.194957
v -4.007429 1.108832 0.239054
v -4.018254 1.130857 0.249244
v -3.997177 1.088165 0.226620
v -4.049962 1.079404 0.247386
v -4.072338 1.065226 0.248466
v -4.038323 1.058363 0.234362
v -4.028244 1.094039 0.244224
v -4.062263 1.101711 0.258057
v -3.938186 1.270840 0.181224
v -3.953586 1.262091 0.201274
v -3.950204 1.293589 0.182025
v -3.919409 1.224191 0.175695
v -3.927888 1.247562 0.179042
v -3.934319 1.216079 0.194957
v -3.894653 1.235574 0.131394
v -3.906149 1.230621 0.154416
v -3.913208 1.284386 0.135285
v -3.925509 1.307847 0.135885
v -3.924713 1.278254 0.159131
v -3.902894 1.260182 0.133713
v -4.041649 1.450054 0.025714
v -4.067022 1.458561 0.025589
v -4.045005 1.441734 0.075501
v -4.047869 1.435124 0.098752
v -4.042922 1.446801 0.051018
v -4.069331 1.449931 0.075071
v -3.999355 1.416932 0.078020
v -4.021637 1.430654 0.076560
v -4.004090 1.410924 0.102414
v -3.994085 1.424469 0.026467
v -4.017295 1.438607 0.026028
v -3.996044 1.421526 0.052589
v -3.936416 1.162570 0.199064
v -3.942877 1.183794 0.206141
v -3.969357 1.137705 0.222993
v -3.987721 1.123488 0.231952
v -3.952275 1.150920 0.212067
v -3.978153 1.159199 0.231952
v -3.953261 1.099702 0.199064
v -3.945288 1.084109 0.183872
v -3.961177 1.117720 0.212067
v -3.969469 1.084550 0.206141
v -3.926711 1.126279 0.181736
v -3.931126 1.143149 0.190870
v -3.938966 1.113875 0.190870
v -3.921589 1.113048 0.170660
v -3.887657 1.297112 0.028225
v -3.896276 1.293006 0.083506
v -3.903722 1.289286 0.109980
v -3.890901 1.295599 0.056158
v -3.877331 1.241877 0.081222
v -3.885674 1.267751 0.082564
v -3.885016 1.239257 0.106905
v -3.868255 1.244479 0.027472
v -3.876781 1.271135 0.027911
v -3.871710 1.243572 0.054645
v -3.977966 0.958212 0.028225
v -4.001299 0.942182 0.028350
v -3.935185 0.994684 0.027472
v -3.916409 1.015115 0.026970
v -3.955818 0.975711 0.027911
v -3.941745 1.001480 0.081222
v -3.947083 1.007588 0.106905
v -3.937720 0.997200 0.054645
v -3.923487 1.021212 0.079650
v -3.983281 0.965920 0.083506
v -4.005847 0.950054 0.083877
v -3.979976 0.961077 0.056158
v -3.961797 0.983048 0.082564
v -3.987821 0.972782 0.109980
v -3.860424 1.136163 0.025714
v -3.865747 1.109941 0.025589
v -3.858805 1.190147 0.026467
v -3.862211 1.217397 0.026970
v -3.858161 1.162984 0.026028
v -3.867962 1.189351 0.078020
v -3.862332 1.189927 0.052589
v -3.871383 1.215654 0.079650
v -3.869307 1.137420 0.075501
v -3.874368 1.112254 0.075071
v -3.863883 1.136690 0.051018
v -3.867226 1.163196 0.076560
v -3.885108 1.139054 0.120361
v -3.876462 1.138245 0.098751
v -3.889511 1.116312 0.119468
v -3.884855 1.186490 0.125425
v -3.888602 1.210898 0.128556
v -3.883616 1.162495 0.122519
v -3.875535 1.188257 0.102414
v -3.908117 1.178910 0.166383
v -3.921720 1.172088 0.183872
v -3.895775 1.183543 0.146824
v -3.912786 1.201163 0.171403
v -3.904977 1.138827 0.156640
v -3.907558 1.121147 0.154461
v -3.894765 1.139397 0.139824
v -3.905481 1.157957 0.161255
v -3.915665 1.135176 0.170660
v -3.915884 1.345999 0.028225
v -3.900736 1.322152 0.028350
v -3.951762 1.389117 0.027472
v -3.972193 1.407888 0.026970
v -3.932938 1.368404 0.027911
v -3.958549 1.382558 0.081222
v -3.964666 1.377216 0.106905
v -3.954278 1.386578 0.054645
v -3.978291 1.400819 0.079650
v -3.923741 1.340589 0.083506
v -3.909003 1.317376 0.083877
v -3.918818 1.343942 0.056158
v -3.940314 1.362399 0.082564
v -3.930692 1.335999 0.109980
v -3.972674 1.370709 -0.131394
v -3.939682 1.330229 -0.135284
v -3.955482 1.351270 -0.133712
v -3.963897 1.315378 -0.181224
v -3.950744 1.323336 -0.159130
v -3.994903 1.354964 -0.175695
v -3.982715 1.363228 -0.154415
v -3.978908 1.335928 -0.179041
v -4.051483 1.427238 -0.120360
v -4.010286 1.403732 -0.125424
v -3.991023 1.388283 -0.128555
v -4.030447 1.416802 -0.122519
v -4.028473 1.387382 -0.166382
v -4.018298 1.395752 -0.146823
v -4.011546 1.372207 -0.171402
v -4.061625 1.410137 -0.156640
v -4.056014 1.418701 -0.139824
v -4.045299 1.400141 -0.161254
v -4.384308 1.272817 -0.120360
v -4.360804 1.314020 -0.125424
v -4.373874 1.293858 -0.122519
v -4.344454 1.295828 -0.166382
v -4.352822 1.306011 -0.146823
v -4.367208 1.262682 -0.156640
v -4.375778 1.268284 -0.139824
v -4.357212 1.279001 -0.161254
v -4.198949 1.446974 -0.081222
v -4.250086 1.428031 -0.083507
v -4.224828 1.438635 -0.082565
v -4.254188 1.436649 -0.028225
v -4.254677 1.437744 -0.000000
v -4.252671 1.433399 -0.056158
v -4.201559 1.456049 -0.027472
v -4.200648 1.452594 -0.054645
v -4.228213 1.447522 -0.027911
v -4.201809 1.457235 -0.000000
v -4.146425 1.456339 -0.078020
v -4.172729 1.452919 -0.079650
v -4.147225 1.465500 -0.026468
v -4.147246 1.466735 -0.000000
v -4.147003 1.461975 -0.052589
v -4.174469 1.462089 -0.026970
v -4.093238 1.463877 -0.025714
v -4.120062 1.466143 -0.026028
v -4.093029 1.465110 -0.000000
v -4.094493 1.454997 -0.075501
v -4.120274 1.457082 -0.076560
v -4.093768 1.460424 -0.051018
v -4.135983 1.416189 -0.166382
v -4.143569 1.439445 -0.125424
v -4.145332 1.448770 -0.102413
v -4.140619 1.428530 -0.146823
v -4.096128 1.439200 -0.120360
v -4.073388 1.434789 -0.119467
v -4.119567 1.440682 -0.122519
v -4.095319 1.447840 -0.098752
v -4.095901 1.419323 -0.156640
v -4.115035 1.418825 -0.161254
v -4.096470 1.429540 -0.139824
v -4.078224 1.416741 -0.154460
v -4.339633 1.365751 -0.081222
v -4.346193 1.372542 -0.027472
v -4.347087 1.373357 -0.000000
v -4.343649 1.370029 -0.054645
v -4.303072 1.408423 -0.028225
v -4.279223 1.423569 -0.028350
v -4.325479 1.391364 -0.027911
v -4.303780 1.409393 -0.000000
v -4.297664 1.400560 -0.083507
v -4.319479 1.383988 -0.082565
v -4.301021 1.405488 -0.056158
v -4.274448 1.415297 -0.083878
v -4.327785 1.351631 -0.131394
v -4.334286 1.359641 -0.106904
v -4.345357 1.333284 -0.128555
v -4.287304 1.384624 -0.135284
v -4.308342 1.368824 -0.133712
v -4.293072 1.393614 -0.109979
v -4.272449 1.360408 -0.181224
v -4.280411 1.373564 -0.159130
v -4.312035 1.329398 -0.175695
v -4.329277 1.312762 -0.171402
v -4.320299 1.341594 -0.154415
v -4.293001 1.345394 -0.179041
v -4.409611 1.107127 -0.032456
v -4.410644 1.106756 -0.000000
v -4.406084 1.096471 -0.033703
v -4.418221 1.137439 -0.029338
v -4.413919 1.120769 -0.030929
v -4.419387 1.137216 -0.000000
v -4.408916 1.138977 -0.085888
v -4.414731 1.138047 -0.058144
v -4.400615 1.108599 -0.094085
v -4.397503 1.097644 -0.097260
v -4.406323 1.107866 -0.064092
v -4.404706 1.122379 -0.090108
v -4.102434 0.895750 -0.079660
v -4.100650 0.889180 -0.027014
v -4.100598 0.888531 -0.000000
v -4.101140 0.891482 -0.053683
v -4.119752 0.881716 -0.026961
v -4.131037 0.879038 -0.027175
v -4.110406 0.884879 -0.026914
v -4.119574 0.881219 -0.000000
v -4.122426 0.887610 -0.079102
v -4.112585 0.891092 -0.079182
v -4.120587 0.883691 -0.053477
v -4.134135 0.884635 -0.079482
v -4.202420 0.998931 -0.215959
v -4.216362 0.993737 -0.210657
v -4.174256 1.010944 -0.228512
v -4.188736 1.004510 -0.222086
v -4.144357 0.971160 -0.204003
v -4.158578 0.990585 -0.217434
v -4.169979 0.961861 -0.195274
v -4.183664 0.958072 -0.191854
v -4.185380 0.980125 -0.206842
v -4.157329 0.966013 -0.199441
v -3.953593 1.015596 -0.131394
v -3.993568 0.981733 -0.135284
v -3.972902 0.998186 -0.133712
v -4.008434 1.005967 -0.181224
v -4.000452 0.992775 -0.159130
v -3.969344 1.037829 -0.175695
v -3.961080 1.025637 -0.154415
v -3.988254 1.021622 -0.179041
v -3.897060 1.094411 -0.120360
v -3.920575 1.053208 -0.125424
v -3.936021 1.033945 -0.128555
v -3.907505 1.073370 -0.122519
v -3.936925 1.071399 -0.166382
v -3.928546 1.061218 -0.146823
v -3.952092 1.054466 -0.171402
v -3.914170 1.104545 -0.156640
v -3.905601 1.098943 -0.139824
v -3.924166 1.088228 -0.161254
v -4.168661 1.072620 -0.258092
v -4.198644 1.118360 -0.266782
v -4.183770 1.095302 -0.263579
v -4.151023 1.145058 -0.275882
v -4.175209 1.131436 -0.272414
v -4.122565 1.097275 -0.266366
v -4.146115 1.084480 -0.263142
v -4.136740 1.120954 -0.272310
v -4.138783 1.028276 -0.240157
v -4.153579 1.050287 -0.250294
v -4.157948 1.018700 -0.234711
v -4.095147 1.051803 -0.247386
v -4.117574 1.039399 -0.244499
v -4.108649 1.074175 -0.258056
v -4.070546 1.010694 -0.218988
v -4.082354 1.030521 -0.234361
v -4.111870 0.987079 -0.212914
v -4.129654 0.977968 -0.208611
v -4.124730 1.007058 -0.227693
v -4.091869 0.998120 -0.216508
v -4.414383 1.180603 -0.078953
v -4.412426 1.158387 -0.081983
v -4.423594 1.180019 -0.026841
v -4.424825 1.180006 -0.000000
v -4.420067 1.180179 -0.053289
v -4.421716 1.157176 -0.027903
v -4.420955 1.231065 -0.025714
v -4.423470 1.204979 -0.026121
v -4.422179 1.231277 -0.000000
v -4.412072 1.229807 -0.075501
v -4.414404 1.204713 -0.076793
v -4.417495 1.230538 -0.051018
v -4.373598 1.189215 -0.166849
v -4.397248 1.182718 -0.126357
v -4.406726 1.181410 -0.103439
v -4.386138 1.185123 -0.147546
v -4.396271 1.228174 -0.120360
v -4.391868 1.250916 -0.119467
v -4.397941 1.205229 -0.122752
v -4.404916 1.228983 -0.098752
v -4.376401 1.228400 -0.156640
v -4.375982 1.209495 -0.161371
v -4.386613 1.227830 -0.139824
v -4.373820 1.246080 -0.154460
v -4.072460 0.911225 -0.081550
v -4.089786 0.902242 -0.080470
v -4.029126 0.935445 -0.083507
v -4.051782 0.922398 -0.082646
v -4.025479 0.927618 -0.028225
v -4.025083 0.926675 -0.000000
v -4.026789 0.930516 -0.056158
v -4.070383 0.903931 -0.027581
v -4.088095 0.895310 -0.027243
v -4.071018 0.906570 -0.054864
v -4.049009 0.914785 -0.027938
v -4.070268 0.903113 -0.000000
v -4.381231 1.108551 -0.145863
v -4.392310 1.108953 -0.121616
v -4.378370 1.095924 -0.149266
v -4.390358 1.141557 -0.136059
v -4.394583 1.161283 -0.130888
v -4.385569 1.123871 -0.141256
v -4.400795 1.140167 -0.112036
v -4.363628 1.147523 -0.178028
v -4.377875 1.143794 -0.158031
v -4.369421 1.168308 -0.172569
v -4.350048 1.106967 -0.187109
v -4.345951 1.089418 -0.189236
v -4.367205 1.107765 -0.167477
v -4.356939 1.127021 -0.182962
v -4.145699 0.928850 -0.164996
v -4.156625 0.944622 -0.181309
v -4.158916 0.925699 -0.163342
v -4.122200 0.937111 -0.170206
v -4.134019 0.932414 -0.167359
v -4.132061 0.953162 -0.188250
v -4.108841 0.911521 -0.128154
v -4.104889 0.902318 -0.104598
v -4.114535 0.923173 -0.150099
v -4.130378 0.903163 -0.125895
v -4.142816 0.900056 -0.125662
v -4.137025 0.914919 -0.146478
v -4.119699 0.906750 -0.126769
v -4.125576 0.893946 -0.103389
v -4.251640 1.213343 -0.257206
v -4.206237 1.242197 -0.266367
v -4.229299 1.227794 -0.262921
v -4.179241 1.193945 -0.275882
v -4.165240 1.169439 -0.277074
v -4.192937 1.218293 -0.272310
v -4.226615 1.165710 -0.266450
v -4.239485 1.189671 -0.262942
v -4.203246 1.179722 -0.272331
v -4.213016 1.141821 -0.267730
v -4.293490 1.185484 -0.239053
v -4.273096 1.199141 -0.249243
v -4.270459 1.139184 -0.247801
v -4.282625 1.162374 -0.244327
v -4.249101 1.152125 -0.258264
v -4.311286 1.116362 -0.220975
v -4.330999 1.108912 -0.204896
v -4.291052 1.127167 -0.235294
v -4.330927 1.162049 -0.212393
v -4.312784 1.172933 -0.226736
v -4.321802 1.139491 -0.217248
v -4.347889 1.153392 -0.196123
v -4.078882 0.927316 -0.131940
v -4.095885 0.918148 -0.129920
v -4.074980 0.918083 -0.107341
v -4.091537 0.952739 -0.176460
v -4.100659 0.968822 -0.195832
v -4.084345 0.938892 -0.155071
v -4.108602 0.943650 -0.173314
v -4.051003 0.976860 -0.181224
v -4.029486 0.991008 -0.182024
v -4.072020 0.963961 -0.179233
v -4.060000 0.992685 -0.201274
v -4.037383 0.951764 -0.135284
v -4.032619 0.942506 -0.109979
v -4.059007 0.938654 -0.133849
v -4.043492 0.963209 -0.159130
v -4.015192 0.966243 -0.135884
v -3.907372 1.042284 -0.078020
v -3.913376 1.047015 -0.102413
v -3.882565 1.087927 -0.075501
v -3.893649 1.064562 -0.076560
v -3.889176 1.090792 -0.098752
v -3.874245 1.084576 -0.025714
v -3.873078 1.084144 -0.000000
v -3.877498 1.085847 -0.051018
v -3.899839 1.037013 -0.026468
v -3.902774 1.038965 -0.052589
v -3.885692 1.060216 -0.026028
v -3.898778 1.036378 -0.000000
v -4.328117 1.267526 -0.199063
v -4.336091 1.283119 -0.183872
v -4.312022 1.229523 -0.222992
v -4.303225 1.208029 -0.231951
v -4.320201 1.249507 -0.212066
v -4.345026 1.204837 -0.199156
v -4.359826 1.195589 -0.184105
v -4.329115 1.216352 -0.212090
v -4.338669 1.183883 -0.206374
v -4.354667 1.240948 -0.181735
v -4.359789 1.254180 -0.170660
v -4.342412 1.253353 -0.190869
v -4.350273 1.224123 -0.190892
v -4.365714 1.232051 -0.170660
v -4.110956 1.294566 -0.257206
v -4.082109 1.249159 -0.266367
v -4.096504 1.272221 -0.262921
v -4.130356 1.222170 -0.275882
v -4.154865 1.208167 -0.277074
v -4.106011 1.235864 -0.272310
v -4.158649 1.269669 -0.266366
v -4.134648 1.282440 -0.262921
v -4.144597 1.246204 -0.272310
v -4.182628 1.256254 -0.267522
v -4.192646 1.429652 -0.131394
v -4.167968 1.435698 -0.128555
v -4.196335 1.439292 -0.106904
v -4.181262 1.404899 -0.175695
v -4.187695 1.418154 -0.154415
v -4.158234 1.411515 -0.171402
v -4.227912 1.386122 -0.181224
v -4.250666 1.374098 -0.182024
v -4.204638 1.396412 -0.179041
v -4.241460 1.411091 -0.135284
v -4.246366 1.420584 -0.109979
v -4.217256 1.421414 -0.133712
v -4.235328 1.399592 -0.159130
v -4.264918 1.398793 -0.135884
v -4.374006 1.324944 -0.078020
v -4.367993 1.320213 -0.102413
v -4.357892 1.346014 -0.079650
v -4.398814 1.279301 -0.075501
v -4.407001 1.254973 -0.075071
v -4.387730 1.302666 -0.076560
v -4.392203 1.276437 -0.098752
v -4.407124 1.282652 -0.025714
v -4.408300 1.283085 -0.000000
v -4.403871 1.281382 -0.051018
v -4.415632 1.257286 -0.025589
v -4.381540 1.330215 -0.026468
v -4.364959 1.352109 -0.026970
v -4.378595 1.328262 -0.052589
v -4.395677 1.307013 -0.026028
v -4.382601 1.330850 -0.000000
v -4.138821 1.336415 -0.239053
v -4.125163 1.316021 -0.249243
v -4.185407 1.314009 -0.247386
v -4.161998 1.325708 -0.244223
v -4.172317 1.292345 -0.258056
v -4.209028 1.353416 -0.218988
v -4.219161 1.370718 -0.201274
v -4.197715 1.334440 -0.234361
v -4.163152 1.373522 -0.211926
v -4.151598 1.355623 -0.226620
v -4.186022 1.364179 -0.216261
v -4.173151 1.389988 -0.194957
v -4.056782 1.371041 -0.199063
v -4.041189 1.379012 -0.183872
v -4.094778 1.354948 -0.222992
v -4.116277 1.346154 -0.231951
v -4.074797 1.363132 -0.212066
v -4.119647 1.387887 -0.199063
v -4.129164 1.402587 -0.183872
v -4.107997 1.372027 -0.212066
v -4.140867 1.381430 -0.206141
v -4.083360 1.397589 -0.181735
v -4.070127 1.402712 -0.170660
v -4.070954 1.385333 -0.190869
v -4.100225 1.393177 -0.190869
v -4.092254 1.408641 -0.170660
v -4.029738 1.153884 -0.257206
v -4.075111 1.124974 -0.266366
v -4.098668 1.110831 -0.267522
v -4.052070 1.139419 -0.262921
v -4.102128 1.173283 -0.275882
v -4.116138 1.197789 -0.277074
v -4.088431 1.148921 -0.272310
v -4.126514 1.159062 -0.277074
v -4.054635 1.201576 -0.266366
v -4.041864 1.177572 -0.262921
v -4.078103 1.187521 -0.272310
v -4.068045 1.225553 -0.267522
v -3.987888 1.181744 -0.239053
v -4.008283 1.168087 -0.249243
v -4.010294 1.228335 -0.247386
v -3.998594 1.204926 -0.244223
v -4.031960 1.215248 -0.258056
v -3.970891 1.251957 -0.218988
v -3.989867 1.240638 -0.234361
v -3.950778 1.206076 -0.211926
v -3.968678 1.194519 -0.226620
v -3.960128 1.228952 -0.216261
v -4.279799 1.073797 -0.226780
v -4.297805 1.094013 -0.224008
v -4.296262 1.064097 -0.216365
v -4.241485 1.094503 -0.249464
v -4.220881 1.105994 -0.259096
v -4.260960 1.083798 -0.238491
v -4.256799 1.116398 -0.249504
v -4.207994 1.052405 -0.243483
v -4.190891 1.031716 -0.237205
v -4.225041 1.073252 -0.247513
v -4.189507 1.061870 -0.251458
v -4.239909 1.036331 -0.226636
v -4.254367 1.029229 -0.219329
v -4.259685 1.054855 -0.228065
v -4.224620 1.043975 -0.234948
v -4.220733 1.017824 -0.222574
v -4.273950 1.258395 -0.239053
v -4.293657 1.243741 -0.231951
v -4.263124 1.236371 -0.249243
v -4.293924 1.298020 -0.211926
v -4.303181 1.314916 -0.194957
v -4.284202 1.279062 -0.226620
v -4.311910 1.282678 -0.206141
v -4.253566 1.327702 -0.218988
v -4.231699 1.341253 -0.219950
v -4.274395 1.313160 -0.216261
v -4.263482 1.345129 -0.201274
v -4.231252 1.287541 -0.247386
v -4.219033 1.265374 -0.258056
v -4.253093 1.273118 -0.244223
v -4.242798 1.308411 -0.234361
v -4.208629 1.301294 -0.248465
v -4.065908 1.316879 -0.239053
v -4.080565 1.336585 -0.231951
v -4.087933 1.306046 -0.249243
v -4.026281 1.336848 -0.211926
v -4.009390 1.346107 -0.194957
v -4.045244 1.327126 -0.226620
v -4.041627 1.354837 -0.206141
v -3.996602 1.296496 -0.218988
v -3.983048 1.274626 -0.219950
v -4.011138 1.317318 -0.216261
v -3.979173 1.306413 -0.201274
v -4.036759 1.274179 -0.247386
v -4.058929 1.261960 -0.258056
v -4.051182 1.296014 -0.244223
v -4.015887 1.285721 -0.234361
v -4.023012 1.251556 -0.248465
v -4.007429 1.108832 -0.239053
v -4.018254 1.130857 -0.249243
v -3.987454 1.069207 -0.211926
v -3.978198 1.052311 -0.194957
v -3.997177 1.088165 -0.226620
v -4.027452 1.038902 -0.218988
v -4.048772 1.024416 -0.219950
v -4.006890 1.053912 -0.216261
v -4.017453 1.021332 -0.201274
v -4.049962 1.079404 -0.247386
v -4.062263 1.101711 -0.258056
v -4.028244 1.094039 -0.244223
v -4.038323 1.058363 -0.234361
v -4.072338 1.065226 -0.248465
v -3.894653 1.235574 -0.131394
v -3.919409 1.224191 -0.175695
v -3.934319 1.216079 -0.194957
v -3.906149 1.230621 -0.154415
v -3.938186 1.270840 -0.181224
v -3.950204 1.293589 -0.182024
v -3.927888 1.247562 -0.179041
v -3.953586 1.262091 -0.201274
v -3.913208 1.284386 -0.135284
v -3.902894 1.260182 -0.133712
v -3.924713 1.278254 -0.159130
v -3.925509 1.307847 -0.135884
v -3.999355 1.416932 -0.078020
v -4.004090 1.410924 -0.102413
v -4.045005 1.441734 -0.075501
v -4.069331 1.449931 -0.075071
v -4.021637 1.430654 -0.076560
v -4.047869 1.435124 -0.098752
v -4.041649 1.450054 -0.025714
v -4.041220 1.451228 -0.000000
v -4.042922 1.446801 -0.051018
v -4.067022 1.458561 -0.025589
v -3.994085 1.424469 -0.026468
v -3.996044 1.421526 -0.052589
v -4.017295 1.438607 -0.026028
v -3.993454 1.425527 -0.000000
v -3.953261 1.099702 -0.199063
v -3.969469 1.084550 -0.206141
v -3.945288 1.084109 -0.183872
v -3.969357 1.137705 -0.222992
v -3.978153 1.159199 -0.231951
v -3.961177 1.117720 -0.212066
v -3.987721 1.123488 -0.231951
v -3.936416 1.162570 -0.199063
v -3.952275 1.150920 -0.212066
v -3.942877 1.183794 -0.206141
v -3.926711 1.126279 -0.181735
v -3.921589 1.113048 -0.170660
v -3.938966 1.113875 -0.190869
v -3.931126 1.143149 -0.190869
v -3.877331 1.241877 -0.081222
v -3.885016 1.239257 -0.106904
v -3.896276 1.293006 -0.083507
v -3.885674 1.267751 -0.082565
v -3.903722 1.289286 -0.109979
v -3.887657 1.297112 -0.028225
v -3.886555 1.297600 -0.000000
v -3.890901 1.295599 -0.056158
v -3.868255 1.244479 -0.027472
v -3.871710 1.243572 -0.054645
v -3.876781 1.271135 -0.027911
v -3.867069 1.244735 -0.000000
v -3.941745 1.001480 -0.081222
v -3.923487 1.021212 -0.079650
v -3.947083 1.007588 -0.106904
v -3.935185 0.994684 -0.027472
v -3.934291 0.993869 -0.000000
v -3.937720 0.997200 -0.054645
v -3.916409 1.015115 -0.026970
v -3.977966 0.958212 -0.028225
v -4.001299 0.942182 -0.028350
v -3.955818 0.975711 -0.027911
v -3.977269 0.957274 -0.000000
v -3.983281 0.965920 -0.083507
v -3.987821 0.972782 -0.109979
v -3.961797 0.983048 -0.082565
v -3.979976 0.961077 -0.056158
v -4.005847 0.950054 -0.083878
v -3.867962 1.189351 -0.078020
v -3.871383 1.215654 -0.079650
v -3.858805 1.190147 -0.026468
v -3.857565 1.190167 -0.000000
v -3.862332 1.189927 -0.052589
v -3.862211 1.217397 -0.026970
v -3.860424 1.136163 -0.025714
v -3.865747 1.109941 -0.025589
v -3.858161 1.162984 -0.026028
v -3.859190 1.135951 -0.000000
v -3.869307 1.137420 -0.075501
v -3.867226 1.163196 -0.076560
v -3.863883 1.136690 -0.051018
v -3.874368 1.112254 -0.075071
v -3.908117 1.178910 -0.166382
v -3.912786 1.201163 -0.171402
v -3.921720 1.172088 -0.183872
v -3.884855 1.186490 -0.125424
v -3.875535 1.188257 -0.102413
v -3.895775 1.183543 -0.146823
v -3.888602 1.210898 -0.128555
v -3.885108 1.139054 -0.120360
v -3.889511 1.116312 -0.119467
v -3.883616 1.162495 -0.122519
v -3.876462 1.138245 -0.098752
v -3.904977 1.138827 -0.156640
v -3.915665 1.135176 -0.170660
v -3.905481 1.157957 -0.161254
v -3.894765 1.139397 -0.139824
v -3.907558 1.121147 -0.154460
v -3.958549 1.382558 -0.081222
v -3.978291 1.400819 -0.079650
v -3.964666 1.377216 -0.106904
v -3.951762 1.389117 -0.027472
v -3.950948 1.390016 -0.000000
v -3.954278 1.386578 -0.054645
v -3.972193 1.407888 -0.026970
v -3.915884 1.345999 -0.028225
v -3.900736 1.322152 -0.028350
v -3.932938 1.368404 -0.027911
v -3.914906 1.346704 -0.000000
v -3.923741 1.340589 -0.083507
v -3.930692 1.335999 -0.109979
v -3.940314 1.362399 -0.082565
v -3.918818 1.343942 -0.056158
v -3.909003 1.317376 -0.083878
v -4.231937 0.966371 -0.197132
v -4.264534 0.999757 -0.207965
v -4.300478 1.031126 -0.208577
v -4.336241 1.057419 -0.196887
v -4.367175 1.073927 -0.170173
v -4.389243 1.082201 -0.127779
v -4.400870 1.083706 -0.068499
v -4.404097 1.082944 -0.000000
v -4.400870 1.083706 0.068498
v -4.389243 1.082201 0.127779
v -4.367175 1.073927 0.170174
v -4.336241 1.057419 0.196888
v -4.300478 1.031126 0.208577
v -4.264534 0.999757 0.207966
v -4.231937 0.966371 0.197133
v -4.204854 0.933818 0.176513
v -4.184991 0.905181 0.146206
v -4.172400 0.884557 0.105806
v -4.166554 0.875108 0.055548
v -4.165230 0.873161 -0.000000
v -4.166554 0.875108 -0.055548
v -4.204854 0.933818 -0.176513
v -4.172400 0.884557 -0.105806
v -4.184991 0.905181 -0.146205
v -4.402010 1.076244 0.068629
v -4.404874 1.063851 0.068427
v -4.403471 1.069927 0.068526
v -4.209442 0.871759 0.057895
v -4.297064 0.877401 0.062376
v -4.253284 0.873204 0.060179
v -4.267507 0.957448 0.194275
v -4.335150 0.943306 0.189577
v -4.301821 0.949948 0.191880
v -4.375486 1.061937 0.167020
v -4.397215 1.065104 0.126065
v -4.391901 1.041483 0.160610
v -4.383856 1.051509 0.163752
v -4.226578 0.900044 0.148429
v -4.283341 0.922647 0.176256
v -4.309347 0.898659 0.152909
v -4.257849 0.880855 0.112566
v -4.268195 0.898347 0.150713
v -4.323181 1.017916 0.202132
v -4.365353 1.030876 0.185470
v -4.364563 0.994200 0.191226
v -4.322517 0.978242 0.198504
v -4.344273 1.005816 0.196572
v -4.402010 1.076244 -0.068630
v -4.404874 1.063851 -0.068428
v -4.404826 1.070223 -0.000000
v -4.403471 1.069927 -0.068527
v -4.209442 0.871759 -0.057895
v -4.252409 0.871819 -0.000000
v -4.297064 0.877401 -0.062376
v -4.253284 0.873204 -0.060179
v -4.267507 0.957448 -0.194275
v -4.335150 0.943306 -0.189576
v -4.301821 0.949948 -0.191879
v -4.375486 1.061937 -0.167019
v -4.391901 1.041483 -0.160609
v -4.397215 1.065104 -0.126065
v -4.383856 1.051509 -0.163752
v -4.226578 0.900044 -0.148429
v -4.257849 0.880855 -0.112565
v -4.309347 0.898659 -0.152909
v -4.283341 0.922647 -0.176255
v -4.268195 0.898347 -0.150712
v -4.323181 1.017916 -0.202131
v -4.322517 0.978242 -0.198503
v -4.364563 0.994200 -0.191225
v -4.365353 1.030876 -0.185469
v -4.344273 1.005816 -0.196571
v -3.966127 1.344067 0.157248
v -4.000199 1.380547 0.150865
v -4.036924 1.408564 0.142931
v -4.365639 1.287377 0.142931
v -4.226995 1.444155 0.055530
v -4.173898 1.458580 0.053624
v -4.120211 1.462637 0.051675
v -4.075791 1.425810 0.138467
v -4.120104 1.449692 0.100302
v -4.118076 1.430308 0.142931
v -4.277439 1.420464 0.056407
v -4.323170 1.388625 0.055530
v -4.314493 1.377406 0.108723
v -4.337626 1.324108 0.150865
v -4.301145 1.358176 0.157248
v -4.402985 1.097165 0.066444
v -4.410511 1.121481 0.061188
v -4.132050 0.880871 0.053839
v -4.111053 0.887008 0.053438
v -4.199185 0.975714 0.202496
v -4.172251 0.984895 0.211965
v -3.980110 1.008832 0.157248
v -3.943752 1.043120 0.150865
v -3.915739 1.079851 0.142931
v -4.160694 1.107758 0.268949
v -4.131675 1.061671 0.254994
v -4.143141 0.997785 0.222821
v -4.104180 1.018078 0.231669
v -4.418182 1.157600 0.055374
v -4.419967 1.204814 0.051850
v -4.382884 1.248510 0.138467
v -4.406985 1.204808 0.100559
v -4.387513 1.206587 0.143112
v -4.088558 0.897782 0.054171
v -4.049948 0.917579 0.055584
v -4.382809 1.164003 0.152673
v -4.396420 1.123247 0.117021
v -4.364041 1.093250 0.170336
v -4.372345 1.124909 0.163131
v -4.115347 0.897545 0.103756
v -4.144439 0.948355 0.184558
v -4.149862 0.911815 0.145607
v -4.125844 0.918465 0.148033
v -4.189460 1.155447 0.273542
v -4.216540 1.203943 0.268790
v -4.339915 1.131462 0.200939
v -4.261575 1.175729 0.254783
v -4.302675 1.150122 0.231756
v -4.021720 0.977551 0.159835
v -4.081021 0.979946 0.199027
v -4.101308 0.929745 0.152502
v -4.054735 0.929388 0.108832
v -4.064718 0.950186 0.157412
v -3.899967 1.068402 0.100302
v -3.888811 1.061839 0.051675
v -4.363506 1.214993 0.177357
v -4.321533 1.195158 0.220195
v -4.349258 1.267926 0.177299
v -4.335938 1.235942 0.202342
v -4.168891 1.232464 0.273490
v -4.120365 1.259470 0.268785
v -4.258379 1.387466 0.159835
v -4.163890 1.424410 0.150865
v -4.221614 1.431031 0.108723
v -4.211634 1.409852 0.157248
v -4.412266 1.256384 0.050754
v -4.381412 1.298827 0.100302
v -4.362209 1.349857 0.053624
v -4.392568 1.305389 0.051675
v -4.196140 1.381166 0.198809
v -4.148606 1.304583 0.254731
v -4.174557 1.345633 0.231400
v -4.109418 1.406394 0.177299
v -4.129258 1.364418 0.220137
v -4.056382 1.392180 0.177299
v -4.088374 1.378862 0.202336
v -4.091839 1.211818 0.273490
v -4.112467 1.134728 0.273490
v -4.064828 1.163285 0.268785
v -4.019724 1.191535 0.254731
v -3.978670 1.217486 0.231400
v -4.206345 1.024366 0.229762
v -4.205411 1.083746 0.256376
v -4.277339 1.104812 0.237493
v -4.274833 1.046577 0.219465
v -4.243016 1.063671 0.237806
v -4.220603 1.322036 0.235387
v -4.284048 1.330411 0.198809
v -4.302984 1.264116 0.220137
v -4.241495 1.250959 0.254731
v -4.264069 1.293958 0.231400
v -4.002268 1.263531 0.235387
v -3.993894 1.326973 0.198809
v -4.060184 1.345911 0.220137
v -4.073343 1.284416 0.254731
v -4.030341 1.306991 0.231400
v -4.060116 1.044059 0.235387
v -3.997218 1.036626 0.198809
v -4.039863 1.116234 0.254731
v -4.017247 1.073157 0.231400
v -3.936837 1.301308 0.159835
v -3.943142 1.239064 0.198809
v -3.914448 1.254562 0.157248
v -4.067923 1.455192 0.050754
v -4.025477 1.424336 0.100302
v -4.018912 1.435496 0.051675
v -3.959888 1.172182 0.220137
v -3.978395 1.103111 0.220137
v -3.932121 1.099301 0.177299
v -3.945441 1.131298 0.202336
v -3.893269 1.264539 0.108723
v -3.880151 1.269916 0.055530
v -4.002981 0.945103 0.056407
v -3.919169 1.017367 0.053624
v -3.966762 0.989612 0.108723
v -3.958106 0.978441 0.055530
v -3.869113 1.110845 0.050754
v -3.865722 1.216823 0.053624
v -3.861664 1.163134 0.051675
v -3.898495 1.118717 0.138467
v -3.874615 1.163030 0.100302
v -3.899893 1.206818 0.150865
v -3.917904 1.152347 0.177299
v -3.893992 1.161000 0.142931
v -3.903835 1.320360 0.056407
v -3.974445 1.405137 0.053624
v -3.946898 1.357421 0.108723
v -3.935678 1.366097 0.055530
v -3.966127 1.344067 -0.157247
v -4.000199 1.380547 -0.150864
v -4.036924 1.408564 -0.142930
v -4.365639 1.287377 -0.142930
v -4.228583 1.448668 -0.000000
v -4.226995 1.444155 -0.055530
v -4.173898 1.458580 -0.053625
v -4.119964 1.467384 -0.000000
v -4.120211 1.462637 -0.051675
v -4.120104 1.449692 -0.100301
v -4.075791 1.425810 -0.138467
v -4.118076 1.430308 -0.142930
v -4.326283 1.392260 -0.000000
v -4.277439 1.420464 -0.056407
v -4.323170 1.388625 -0.055530
v -4.337626 1.324108 -0.150864
v -4.314493 1.377406 -0.108722
v -4.301145 1.358176 -0.157247
v -4.402985 1.097165 -0.066444
v -4.415034 1.120461 -0.000000
v -4.410511 1.121481 -0.061188
v -4.110305 0.884301 -0.000000
v -4.132050 0.880871 -0.053839
v -4.111053 0.887008 -0.053438
v -4.199185 0.975714 -0.202495
v -4.172251 0.984895 -0.211964
v -3.980110 1.008832 -0.157247
v -3.943752 1.043120 -0.150864
v -3.915739 1.079851 -0.142930
v -4.160694 1.107758 -0.268949
v -4.143141 0.997785 -0.222820
v -4.131675 1.061671 -0.254993
v -4.104180 1.018078 -0.231668
v -4.418182 1.157600 -0.055374
v -4.424712 1.205078 -0.000000
v -4.419967 1.204814 -0.051850
v -4.406985 1.204808 -0.100558
v -4.382884 1.248510 -0.138467
v -4.387513 1.206587 -0.143111
v -4.088558 0.897782 -0.054171
v -4.048763 0.913899 -0.000000
v -4.049948 0.917579 -0.055585
v -4.364041 1.093250 -0.170335
v -4.396420 1.123247 -0.117020
v -4.382809 1.164003 -0.152672
v -4.372345 1.124909 -0.163131
v -4.149862 0.911815 -0.145606
v -4.144439 0.948355 -0.184558
v -4.115347 0.897545 -0.103756
v -4.125844 0.918465 -0.148033
v -4.189460 1.155447 -0.273541
v -4.216540 1.203943 -0.268789
v -4.261575 1.175729 -0.254783
v -4.339915 1.131462 -0.200938
v -4.302675 1.150122 -0.231756
v -4.054735 0.929388 -0.108832
v -4.101308 0.929745 -0.152502
v -4.081021 0.979946 -0.199027
v -4.021720 0.977551 -0.159834
v -4.064718 0.950186 -0.157411
v -3.899967 1.068402 -0.100301
v -3.884573 1.059679 -0.000000
v -3.888811 1.061839 -0.051675
v -4.349258 1.267926 -0.177298
v -4.321533 1.195158 -0.220195
v -4.363506 1.214993 -0.177357
v -4.335938 1.235942 -0.202341
v -4.168891 1.232464 -0.273489
v -4.120365 1.259470 -0.268784
v -4.221614 1.431031 -0.108722
v -4.163890 1.424410 -0.150864
v -4.258379 1.387466 -0.159834
v -4.211634 1.409852 -0.157247
v -4.362209 1.349857 -0.053625
v -4.381412 1.298827 -0.100301
v -4.412266 1.256384 -0.050754
v -4.396806 1.307549 -0.000000
v -4.392568 1.305389 -0.051675
v -4.148606 1.304583 -0.254731
v -4.196140 1.381166 -0.198808
v -4.174557 1.345633 -0.231400
v -4.056382 1.392180 -0.177298
v -4.129258 1.364418 -0.220136
v -4.109418 1.406394 -0.177298
v -4.088374 1.378862 -0.202335
v -4.112467 1.134728 -0.273489
v -4.091839 1.211818 -0.273489
v -4.064828 1.163285 -0.268784
v -4.019724 1.191536 -0.254731
v -3.978670 1.217486 -0.231400
v -4.274833 1.046577 -0.219464
v -4.277339 1.104812 -0.237493
v -4.205411 1.083746 -0.256376
v -4.206345 1.024366 -0.229761
v -4.243016 1.063671 -0.237805
v -4.241495 1.250959 -0.254731
v -4.302984 1.264116 -0.220136
v -4.284048 1.330411 -0.198808
v -4.220603 1.322036 -0.235387
v -4.264069 1.293958 -0.231400
v -4.073343 1.284416 -0.254731
v -4.060184 1.345911 -0.220136
v -3.993894 1.326973 -0.198808
v -4.002268 1.263531 -0.235387
v -4.030341 1.306991 -0.231400
v -4.039863 1.116234 -0.254731
v -3.997218 1.036626 -0.198808
v -4.060116 1.044059 -0.235387
v -4.017247 1.073157 -0.231400
v -3.943142 1.239064 -0.198808
v -3.936837 1.301308 -0.159834
v -3.914448 1.254562 -0.157247
v -4.025477 1.424336 -0.100301
v -4.067923 1.455192 -0.050754
v -4.016756 1.439729 -0.000000
v -4.018912 1.435496 -0.051675
v -3.932121 1.099301 -0.177298
v -3.978395 1.103111 -0.220136
v -3.959888 1.172182 -0.220136
v -3.945441 1.131298 -0.202335
v -3.893269 1.264539 -0.108722
v -3.875638 1.271509 -0.000000
v -3.880151 1.269916 -0.055530
v -3.966762 0.989612 -0.108722
v -3.919169 1.017367 -0.053625
v -3.955012 0.974825 -0.000000
v -4.002981 0.945103 -0.056407
v -3.958106 0.978441 -0.055530
v -3.865722 1.216823 -0.053625
v -3.856919 1.162887 -0.000000
v -3.869113 1.110845 -0.050754
v -3.861664 1.163134 -0.051675
v -3.917904 1.152347 -0.177298
v -3.899893 1.206818 -0.150864
v -3.874615 1.163030 -0.100301
v -3.898495 1.118717 -0.138467
v -3.893992 1.161000 -0.142930
v -3.946898 1.357421 -0.108722
v -3.974445 1.405137 -0.053625
v -3.932042 1.369210 -0.000000
v -3.903835 1.320360 -0.056407
v -3.935678 1.366097 -0.055530
v -4.294322 0.988505 -0.202894
v -4.351235 1.043174 -0.190763
v -4.393103 1.073028 -0.127094
v -4.404286 1.076015 -0.000000
v -4.393103 1.073028 0.127095
v -4.351235 1.043174 0.190763
v -4.294322 0.988505 0.202895
v -4.244443 0.927096 0.176258
v -4.214785 0.880497 0.109216
v -4.208313 0.870088 -0.000000
v -4.214785 0.880497 -0.109215
v -4.244443 0.927096 -0.176258
v -4.269776 1.016388 -0.000006
v -4.401172 1.057484 0.125075
v -4.321423 0.919552 0.176253
v -4.300746 0.883767 0.115787
v -4.378928 1.019053 0.180380
v -4.349732 0.968545 0.194281
v -4.405349 1.064653 -0.000000
v -4.296455 0.876321 -0.000000
v -4.401172 1.057484 -0.125075
v -4.300746 0.883767 -0.115787
v -4.321423 0.919552 -0.176252
v -4.349732 0.968545 -0.194281
v -4.378928 1.019053 -0.180379
v -3.983792 1.395133 0.104732
v -4.071171 1.443042 0.098117
v -3.916232 1.313204 0.110468
v -4.025277 1.363543 0.189914
v -3.881262 1.114100 0.098117
v -3.927156 1.193599 0.189914
v -3.879060 1.213732 0.104732
v -4.045023 1.238848 0.259179
v -4.085250 1.087591 0.259179
v -3.960763 1.068202 0.189914
v -3.997623 1.145279 0.241637
v -4.092124 0.908942 0.105825
v -4.150673 1.397143 0.189914
v -4.170129 0.941256 0.178786
v -4.195922 1.279283 0.259179
v -4.102355 1.326682 0.241637
v -4.235571 1.128743 0.259699
v -4.404535 1.159595 0.107299
v -4.354632 1.174750 0.190497
v -4.400117 1.253127 0.098117
v -4.320616 1.299026 0.189914
v -4.234869 1.011716 0.216286
v -4.283755 1.221949 0.241637
v -3.929173 1.026714 0.104732
v -4.137625 0.890855 0.103593
v -4.117974 0.959758 0.192103
v -4.173567 1.040233 0.244264
v -4.270282 1.408071 0.110468
v -4.038500 1.006623 0.202161
v -4.241765 1.358691 0.202161
v -4.140684 1.183614 0.278272
v -3.965611 1.284695 0.202161
v -4.389388 1.097400 0.125188
v -4.352205 1.340513 0.104733
v -4.320725 1.083549 0.208168
v -3.914824 1.123093 0.165345
v -4.080167 1.409481 0.165345
v -4.170805 1.445246 0.104733
v -4.009901 0.957084 0.110468
v -4.366555 1.244135 0.165345
v -3.983792 1.395133 -0.104732
v -4.071171 1.443042 -0.098117
v -3.916232 1.313204 -0.110467
v -4.025277 1.363543 -0.189913
v -3.881262 1.114100 -0.098117
v -3.927156 1.193599 -0.189913
v -3.971470 1.408873 -0.000000
v -3.879060 1.213732 -0.104732
v -4.045023 1.238848 -0.259179
v -4.085250 1.087591 -0.259179
v -3.860994 1.217536 -0.000000
v -3.960763 1.068202 -0.189913
v -3.997623 1.145279 -0.241636
v -4.092124 0.908942 -0.105825
v -4.150673 1.397143 -0.189913
v -4.170129 0.941256 -0.178785
v -4.195922 1.279283 -0.259179
v -4.102355 1.326682 -0.241636
v -3.915427 1.014392 -0.000000
v -4.235571 1.128743 -0.259698
v -4.404535 1.159595 -0.107298
v -4.354632 1.174750 -0.190497
v -4.422914 1.157055 -0.000000
v -4.400117 1.253127 -0.098117
v -4.320616 1.299026 -0.189913
v -4.234869 1.011716 -0.216285
v -4.283755 1.221949 -0.241636
v -3.929173 1.026714 -0.104732
v -4.137625 0.890855 -0.103593
v -4.000743 0.941222 -0.000000
v -4.279821 1.424606 -0.000000
v -4.117974 0.959758 -0.192102
v -4.173567 1.040233 -0.244263
v -4.270282 1.408071 -0.110467
v -4.038500 1.006623 -0.202160
v -4.241765 1.358691 -0.202160
v -4.140684 1.183614 -0.278271
v -3.864531 1.109617 -0.000000
v -3.965611 1.284695 -0.202160
v -4.066693 1.459772 -0.000000
v -4.365952 1.352837 -0.000000
v -3.899696 1.322750 -0.000000
v -4.389388 1.097400 -0.125188
v -4.352205 1.340513 -0.104732
v -4.416848 1.257611 -0.000000
v -4.320725 1.083549 -0.208167
v -4.088052 0.894571 -0.000000
v -3.914824 1.123093 -0.165345
v -4.080167 1.409481 -0.165345
v -4.174611 1.463305 -0.000000
v -4.170805 1.445246 -0.104732
v -4.407027 1.096071 -0.000000
v -4.009901 0.957084 -0.110467
v -4.366555 1.244135 -0.165345
v -4.130799 0.878602 -0.000000

vt 0.103733 0.134186
vt 0.105477 0.133862
vt 0.105561 0.132415
vt 0.103796 0.132713
vt 0.101973 0.132930
vt 0.101989 0.131341
vt 0.100119 0.131457
vt 0.100110 0.133064
vt 0.100090 0.134577
vt 0.098229 0.134630
vt 0.098229 0.136039
vt 0.100060 0.135980
vt 0.101872 0.135814
vt 0.101804 0.137074
vt 0.103539 0.136791
vt 0.103644 0.135551
vt 0.108979 0.120518
vt 0.110049 0.120158
vt 0.109606 0.119011
vt 0.108672 0.119242
vt 0.107551 0.119268
vt 0.107460 0.117894
vt 0.106193 0.117723
vt 0.106253 0.119234
vt 0.106397 0.120795
vt 0.104916 0.120820
vt 0.105056 0.122503
vt 0.106590 0.122396
vt 0.108017 0.122212
vt 0.108287 0.123768
vt 0.109656 0.123406
vt 0.109321 0.121918
vt 0.103333 0.120822
vt 0.104812 0.119170
vt 0.103262 0.119107
vt 0.101630 0.119052
vt 0.101612 0.117335
vt 0.099935 0.117271
vt 0.099943 0.119013
vt 0.099964 0.120798
vt 0.098229 0.120790
vt 0.098229 0.122609
vt 0.099993 0.122609
vt 0.101735 0.122599
vt 0.101804 0.124395
vt 0.103539 0.124324
vt 0.103430 0.122567
vt 0.103733 0.108925
vt 0.105477 0.109368
vt 0.105561 0.108271
vt 0.103796 0.107808
vt 0.101973 0.107481
vt 0.101989 0.106443
vt 0.100119 0.106247
vt 0.100110 0.107288
vt 0.100090 0.108429
vt 0.098229 0.108369
vt 0.098229 0.109614
vt 0.100060 0.109669
vt 0.101872 0.109840
vt 0.101804 0.111163
vt 0.103539 0.111424
vt 0.103644 0.110130
vt 0.101872 0.126185
vt 0.100027 0.124430
vt 0.100060 0.126242
vt 0.100090 0.128029
vt 0.098229 0.128052
vt 0.098229 0.129804
vt 0.100110 0.129773
vt 0.101973 0.129676
vt 0.103821 0.131148
vt 0.103796 0.129509
vt 0.103733 0.127813
vt 0.105477 0.127608
vt 0.105356 0.125913
vt 0.103644 0.126079
vt 0.110953 0.117618
vt 0.110049 0.116639
vt 0.109606 0.117543
vt 0.110345 0.118431
vt 0.110953 0.119561
vt 0.110487 0.121479
vt 0.111500 0.120861
vt 0.112367 0.120103
vt 0.112905 0.121529
vt 0.113692 0.120685
vt 0.113095 0.119242
vt 0.112367 0.117901
vt 0.112905 0.116947
vt 0.111972 0.115699
vt 0.111500 0.116690
vt 0.101735 0.138192
vt 0.100027 0.137255
vt 0.099993 0.138386
vt 0.099964 0.139355
vt 0.098229 0.139429
vt 0.098229 0.140224
vt 0.099943 0.140146
vt 0.101630 0.139931
vt 0.101612 0.140519
vt 0.103234 0.140170
vt 0.103262 0.139596
vt 0.103333 0.138830
vt 0.104916 0.138413
vt 0.105056 0.137494
vt 0.103430 0.137889
vt 0.107143 0.127329
vt 0.105561 0.129270
vt 0.107248 0.128954
vt 0.108838 0.128559
vt 0.108884 0.130110
vt 0.110364 0.129611
vt 0.110310 0.128080
vt 0.110165 0.126517
vt 0.111483 0.125968
vt 0.111226 0.124426
vt 0.109942 0.124949
vt 0.108523 0.125362
vt 0.106799 0.124027
vt 0.106989 0.125679
vt 0.114510 0.116400
vt 0.115211 0.117893
vt 0.115433 0.116951
vt 0.114721 0.115450
vt 0.113853 0.114034
vt 0.113921 0.113106
vt 0.112892 0.111783
vt 0.112828 0.112724
vt 0.112646 0.113701
vt 0.111483 0.112537
vt 0.111226 0.113560
vt 0.112357 0.114697
vt 0.113337 0.115972
vt 0.113692 0.118316
vt 0.114166 0.117362
vt 0.114510 0.129890
vt 0.115211 0.129142
vt 0.115433 0.127629
vt 0.114721 0.128418
vt 0.113853 0.129163
vt 0.113921 0.127668
vt 0.112892 0.128385
vt 0.112828 0.129858
vt 0.112646 0.131263
vt 0.111483 0.131887
vt 0.111226 0.133180
vt 0.112357 0.132583
vt 0.113337 0.131957
vt 0.112905 0.133226
vt 0.113692 0.132628
vt 0.114166 0.131298
vt 0.059380 0.131904
vt 0.060080 0.130413
vt 0.060302 0.131348
vt 0.059590 0.132840
vt 0.058722 0.134244
vt 0.058791 0.135127
vt 0.057762 0.136420
vt 0.057697 0.135543
vt 0.057516 0.134598
vt 0.056352 0.135759
vt 0.056095 0.134748
vt 0.057227 0.133611
vt 0.058206 0.132336
vt 0.057774 0.131362
vt 0.058561 0.129993
vt 0.059035 0.130947
vt 0.058303 0.117363
vt 0.057729 0.116829
vt 0.057720 0.115648
vt 0.058207 0.116105
vt 0.058761 0.116597
vt 0.058416 0.115268
vt 0.058912 0.115740
vt 0.059330 0.117139
vt 0.059599 0.118549
vt 0.060190 0.119225
vt 0.060371 0.120726
vt 0.059729 0.119984
vt 0.058998 0.119293
vt 0.058931 0.120713
vt 0.058032 0.120017
vt 0.058217 0.118649
vt 0.113337 0.123028
vt 0.111972 0.122284
vt 0.112357 0.123778
vt 0.112646 0.125314
vt 0.111647 0.127515
vt 0.112828 0.126860
vt 0.113853 0.126127
vt 0.114793 0.126894
vt 0.114721 0.125331
vt 0.114510 0.123757
vt 0.115211 0.122889
vt 0.114845 0.121313
vt 0.114166 0.122199
vt 0.115757 0.121984
vt 0.115433 0.124484
vt 0.115987 0.123599
vt 0.116383 0.122689
vt 0.116461 0.124325
vt 0.116701 0.123418
vt 0.116621 0.121768
vt 0.116383 0.120128
vt 0.116461 0.119210
vt 0.116064 0.117601
vt 0.115987 0.118517
vt 0.115757 0.119453
vt 0.114845 0.118843
vt 0.115376 0.120391
vt 0.110953 0.135866
vt 0.110049 0.136306
vt 0.109606 0.137024
vt 0.110345 0.136698
vt 0.110953 0.136423
vt 0.110049 0.137315
vt 0.110487 0.137084
vt 0.111500 0.136093
vt 0.112367 0.135023
vt 0.112905 0.134540
vt 0.113692 0.133308
vt 0.113095 0.133869
vt 0.112367 0.134391
vt 0.111972 0.133800
vt 0.111500 0.134897
vt 0.113337 0.133980
vt 0.111972 0.135688
vt 0.112357 0.135186
vt 0.112646 0.134590
vt 0.111483 0.135734
vt 0.111647 0.135065
vt 0.112828 0.133900
vt 0.113853 0.132622
vt 0.113921 0.131821
vt 0.114793 0.130425
vt 0.114721 0.131245
vt 0.114510 0.131998
vt 0.115211 0.130574
vt 0.114845 0.131309
vt 0.114166 0.132685
vt 0.046604 0.135725
vt 0.046673 0.137146
vt 0.044896 0.137299
vt 0.044863 0.135859
vt 0.044833 0.134329
vt 0.043098 0.134366
vt 0.043098 0.132749
vt 0.044812 0.132718
vt 0.046499 0.132630
vt 0.046482 0.130973
vt 0.048103 0.130873
vt 0.048132 0.132485
vt 0.048202 0.134030
vt 0.049785 0.133767
vt 0.049926 0.135177
vt 0.048299 0.135499
vt 0.107143 0.138442
vt 0.105477 0.139088
vt 0.105561 0.138420
vt 0.107248 0.137782
vt 0.108838 0.137008
vt 0.108884 0.136227
vt 0.110364 0.135327
vt 0.110310 0.136102
vt 0.110165 0.136761
vt 0.111226 0.136296
vt 0.109942 0.137299
vt 0.108523 0.138190
vt 0.108287 0.138579
vt 0.106799 0.139336
vt 0.106989 0.138962
vt 0.115757 0.129082
vt 0.115433 0.129786
vt 0.115987 0.128259
vt 0.116383 0.126678
vt 0.116461 0.125791
vt 0.116701 0.124155
vt 0.116621 0.125060
vt 0.116383 0.125944
vt 0.116064 0.125213
vt 0.115987 0.126803
vt 0.115757 0.128357
vt 0.114845 0.130601
vt 0.115376 0.129863
vt 0.055823 0.130690
vt 0.054918 0.131670
vt 0.054475 0.130765
vt 0.055214 0.129878
vt 0.055824 0.128751
vt 0.054922 0.128158
vt 0.055372 0.126860
vt 0.056375 0.127459
vt 0.057238 0.128208
vt 0.057778 0.126787
vt 0.058561 0.127623
vt 0.057964 0.129066
vt 0.057236 0.130408
vt 0.056841 0.132609
vt 0.056369 0.131618
vt 0.101735 0.112583
vt 0.100027 0.111009
vt 0.099993 0.112450
vt 0.099964 0.113980
vt 0.098229 0.113943
vt 0.098229 0.115560
vt 0.099943 0.115590
vt 0.101630 0.115679
vt 0.103234 0.117435
vt 0.103262 0.115823
vt 0.103333 0.114279
vt 0.104916 0.114542
vt 0.105056 0.113132
vt 0.103430 0.112810
vt 0.052021 0.109384
vt 0.050354 0.108761
vt 0.050430 0.109610
vt 0.052117 0.110232
vt 0.053707 0.111002
vt 0.053754 0.111933
vt 0.055233 0.112839
vt 0.055180 0.111921
vt 0.055047 0.111086
vt 0.056367 0.112162
vt 0.056154 0.111443
vt 0.054862 0.110360
vt 0.053436 0.109429
vt 0.053265 0.108839
vt 0.051760 0.108060
vt 0.051894 0.108651
vt 0.058214 0.125295
vt 0.056857 0.126055
vt 0.057258 0.124591
vt 0.057581 0.123076
vt 0.056494 0.122562
vt 0.056758 0.121049
vt 0.057830 0.121523
vt 0.058784 0.122219
vt 0.059732 0.121462
vt 0.059618 0.122996
vt 0.059387 0.124556
vt 0.060084 0.125422
vt 0.059714 0.126996
vt 0.059035 0.126109
vt 0.060628 0.126326
vt 0.060316 0.123834
vt 0.060861 0.124713
vt 0.061254 0.125620
vt 0.061334 0.123986
vt 0.061570 0.124891
vt 0.061490 0.126540
vt 0.061252 0.128179
vt 0.061331 0.129096
vt 0.060933 0.130698
vt 0.060856 0.129788
vt 0.060626 0.128855
vt 0.059714 0.129466
vt 0.060245 0.127918
vt 0.052863 0.107892
vt 0.052805 0.107700
vt 0.051476 0.106908
vt 0.051491 0.107101
vt 0.051549 0.107328
vt 0.050015 0.106709
vt 0.050071 0.107015
vt 0.051642 0.107633
vt 0.053105 0.108416
vt 0.054652 0.109774
vt 0.054445 0.109354
vt 0.054255 0.109055
vt 0.055402 0.110130
vt 0.055185 0.109895
vt 0.054098 0.108831
vt 0.054263 0.121015
vt 0.054454 0.120043
vt 0.055714 0.119767
vt 0.055572 0.120941
vt 0.055296 0.122286
vt 0.056173 0.124034
vt 0.054967 0.123661
vt 0.053634 0.123429
vt 0.053276 0.124781
vt 0.051824 0.124614
vt 0.052169 0.123294
vt 0.052515 0.122110
vt 0.050899 0.122081
vt 0.051206 0.121123
vt 0.052822 0.121083
vt 0.046756 0.107259
vt 0.046710 0.106694
vt 0.044914 0.106528
vt 0.044937 0.107082
vt 0.044961 0.107781
vt 0.043098 0.107722
vt 0.043098 0.108546
vt 0.044980 0.108609
vt 0.046842 0.108804
vt 0.046859 0.109748
vt 0.048690 0.110082
vt 0.048665 0.109135
vt 0.048608 0.108292
vt 0.050254 0.108031
vt 0.048535 0.107571
vt 0.053856 0.127806
vt 0.054475 0.129297
vt 0.053541 0.129066
vt 0.052420 0.129040
vt 0.052329 0.130414
vt 0.051063 0.130585
vt 0.051122 0.129075
vt 0.051282 0.127547
vt 0.049802 0.127529
vt 0.049994 0.125970
vt 0.051522 0.126046
vt 0.052935 0.126193
vt 0.054603 0.125053
vt 0.054222 0.126451
vt 0.048218 0.127532
vt 0.049682 0.129138
vt 0.048132 0.129202
vt 0.046499 0.129257
vt 0.044804 0.131038
vt 0.044812 0.129296
vt 0.044840 0.127560
vt 0.043098 0.127568
vt 0.043098 0.125897
vt 0.044887 0.125896
vt 0.046651 0.125903
vt 0.046790 0.124396
vt 0.048564 0.124442
vt 0.048362 0.125925
vt 0.058278 0.114020
vt 0.057953 0.113423
vt 0.057006 0.112086
vt 0.057292 0.112673
vt 0.057532 0.113386
vt 0.056517 0.112986
vt 0.057697 0.114199
vt 0.058722 0.115534
vt 0.058791 0.116411
vt 0.059662 0.117836
vt 0.059590 0.116968
vt 0.059398 0.116167
vt 0.060098 0.117668
vt 0.059785 0.116935
vt 0.059109 0.115450
vt 0.060641 0.119205
vt 0.060302 0.118475
vt 0.060856 0.120031
vt 0.061252 0.121626
vt 0.061331 0.122515
vt 0.061570 0.124154
vt 0.061490 0.123249
vt 0.061259 0.122369
vt 0.060947 0.123105
vt 0.060884 0.121525
vt 0.060670 0.119970
vt 0.059862 0.117749
vt 0.060304 0.118441
vt 0.107551 0.116584
vt 0.108526 0.118067
vt 0.108672 0.116968
vt 0.108979 0.115892
vt 0.110487 0.115642
vt 0.109321 0.114785
vt 0.108017 0.114096
vt 0.108287 0.112908
vt 0.106799 0.112287
vt 0.106590 0.113553
vt 0.106397 0.114882
vt 0.104812 0.116022
vt 0.106253 0.116272
vt 0.108523 0.111763
vt 0.109656 0.113674
vt 0.109942 0.112585
vt 0.110165 0.111526
vt 0.111647 0.111541
vt 0.110310 0.110507
vt 0.108838 0.109618
vt 0.108884 0.108628
vt 0.107288 0.107867
vt 0.107248 0.108874
vt 0.107143 0.109946
vt 0.105356 0.110543
vt 0.106989 0.111085
vt 0.056888 0.112295
vt 0.056598 0.112017
vt 0.055889 0.110823
vt 0.056116 0.111060
vt 0.056394 0.111322
vt 0.055648 0.110436
vt 0.056698 0.111650
vt 0.057594 0.112961
vt 0.058746 0.114834
vt 0.058332 0.114336
vt 0.057904 0.113924
vt 0.057936 0.114849
vt 0.057495 0.113568
vt 0.048377 0.106276
vt 0.049991 0.106481
vt 0.048372 0.106055
vt 0.046663 0.105792
vt 0.046687 0.105617
vt 0.044910 0.105494
vt 0.044896 0.105659
vt 0.044892 0.105859
vt 0.043098 0.105820
vt 0.043098 0.106091
vt 0.044899 0.106134
vt 0.046677 0.106288
vt 0.048463 0.106992
vt 0.048409 0.106574
vt 0.047371 0.121067
vt 0.047528 0.120350
vt 0.049582 0.120375
vt 0.049370 0.121109
vt 0.049105 0.122032
vt 0.050567 0.123214
vt 0.048824 0.123144
vt 0.046975 0.123088
vt 0.044958 0.124372
vt 0.045054 0.123052
vt 0.045160 0.121936
vt 0.043098 0.121917
vt 0.043098 0.120998
vt 0.045262 0.121021
vt 0.053393 0.136546
vt 0.053156 0.135401
vt 0.054525 0.134635
vt 0.054811 0.135724
vt 0.055034 0.136768
vt 0.056517 0.136716
vt 0.055180 0.137745
vt 0.053707 0.138631
vt 0.053754 0.139532
vt 0.052157 0.140295
vt 0.052117 0.139376
vt 0.052012 0.138347
vt 0.050346 0.138927
vt 0.050225 0.137766
vt 0.051858 0.137224
vt 0.048602 0.139371
vt 0.050430 0.139982
vt 0.048665 0.140450
vt 0.046842 0.140783
vt 0.046859 0.141754
vt 0.044988 0.141963
vt 0.044980 0.140981
vt 0.044959 0.139870
vt 0.043098 0.139930
vt 0.043098 0.138695
vt 0.044930 0.138639
vt 0.046741 0.138469
vt 0.048408 0.136885
vt 0.048513 0.138179
vt 0.108979 0.138150
vt 0.109606 0.137445
vt 0.108672 0.138161
vt 0.107551 0.138843
vt 0.107460 0.138570
vt 0.106193 0.139166
vt 0.106253 0.139486
vt 0.106397 0.139612
vt 0.104916 0.140214
vt 0.105056 0.140181
vt 0.106590 0.139558
vt 0.108017 0.138827
vt 0.109656 0.137713
vt 0.109321 0.137999
vt 0.103333 0.140706
vt 0.104812 0.140061
vt 0.103262 0.140537
vt 0.101630 0.140898
vt 0.099935 0.140743
vt 0.099943 0.141128
vt 0.099964 0.141310
vt 0.098229 0.141393
vt 0.098229 0.141381
vt 0.099993 0.141299
vt 0.101735 0.141064
vt 0.101804 0.140869
vt 0.103539 0.140490
vt 0.103430 0.140687
vt 0.101872 0.140501
vt 0.100027 0.141103
vt 0.100060 0.140732
vt 0.100090 0.140195
vt 0.098229 0.140272
vt 0.098229 0.139574
vt 0.100110 0.139500
vt 0.101973 0.139282
vt 0.101989 0.138448
vt 0.103821 0.138101
vt 0.103796 0.138921
vt 0.103733 0.139598
vt 0.105356 0.139609
vt 0.103644 0.140124
vt 0.052420 0.131724
vt 0.053395 0.130242
vt 0.053541 0.131341
vt 0.053848 0.132417
vt 0.055356 0.132667
vt 0.054190 0.133524
vt 0.052886 0.134212
vt 0.051669 0.136022
vt 0.051460 0.134755
vt 0.051266 0.133427
vt 0.049682 0.132287
vt 0.051122 0.132036
vt 0.107551 0.138073
vt 0.108526 0.137968
vt 0.108672 0.137509
vt 0.108979 0.136824
vt 0.110487 0.135411
vt 0.109321 0.135954
vt 0.108017 0.136500
vt 0.108287 0.135465
vt 0.106799 0.135970
vt 0.106590 0.137022
vt 0.106397 0.137917
vt 0.104812 0.139158
vt 0.106253 0.138637
vt 0.108523 0.134290
vt 0.109656 0.134922
vt 0.109942 0.133754
vt 0.110165 0.132466
vt 0.111647 0.130499
vt 0.110310 0.131079
vt 0.108838 0.131594
vt 0.107288 0.130532
vt 0.107248 0.132041
vt 0.107143 0.133462
vt 0.105356 0.135202
vt 0.106989 0.134777
vt 0.094485 0.132930
vt 0.094469 0.131341
vt 0.092637 0.131148
vt 0.092662 0.132713
vt 0.092725 0.134186
vt 0.090981 0.133862
vt 0.091102 0.135202
vt 0.092814 0.135551
vt 0.094586 0.135814
vt 0.094654 0.137074
vt 0.096431 0.137255
vt 0.096398 0.135980
vt 0.096368 0.134577
vt 0.098229 0.133110
vt 0.096347 0.133064
vt 0.088907 0.119268
vt 0.088998 0.117894
vt 0.087932 0.118067
vt 0.087786 0.119242
vt 0.087479 0.120518
vt 0.086409 0.120158
vt 0.085971 0.121479
vt 0.087137 0.121918
vt 0.088441 0.122212
vt 0.088171 0.123768
vt 0.089658 0.124027
vt 0.089867 0.122396
vt 0.090061 0.120795
vt 0.091542 0.120820
vt 0.091645 0.119170
vt 0.090205 0.119234
vt 0.094828 0.119052
vt 0.094845 0.117335
vt 0.093224 0.117435
vt 0.093196 0.119107
vt 0.093125 0.120822
vt 0.091401 0.122503
vt 0.093028 0.122567
vt 0.094723 0.122599
vt 0.094654 0.124395
vt 0.096431 0.124430
vt 0.096464 0.122609
vt 0.096494 0.120798
vt 0.098229 0.118997
vt 0.096515 0.119013
vt 0.094485 0.107481
vt 0.094469 0.106443
vt 0.092637 0.106777
vt 0.092662 0.107808
vt 0.092725 0.108925
vt 0.090981 0.109368
vt 0.091102 0.110543
vt 0.092814 0.110130
vt 0.094586 0.109840
vt 0.094654 0.111163
vt 0.096431 0.111009
vt 0.096398 0.109669
vt 0.096368 0.108429
vt 0.098229 0.107225
vt 0.096347 0.107288
vt 0.096368 0.128029
vt 0.098229 0.126257
vt 0.096398 0.126242
vt 0.094586 0.126185
vt 0.092919 0.124324
vt 0.092814 0.126079
vt 0.092725 0.127813
vt 0.090981 0.127608
vt 0.090897 0.129270
vt 0.092662 0.129509
vt 0.094485 0.129676
vt 0.096339 0.131457
vt 0.096347 0.129773
vt 0.085504 0.119561
vt 0.086852 0.119011
vt 0.086113 0.118431
vt 0.085504 0.117618
vt 0.086409 0.116639
vt 0.085971 0.115642
vt 0.084958 0.116690
vt 0.084091 0.117901
vt 0.083553 0.116947
vt 0.082766 0.118316
vt 0.083363 0.119242
vt 0.084091 0.120103
vt 0.083553 0.121529
vt 0.084486 0.122284
vt 0.084958 0.120861
vt 0.096494 0.139355
vt 0.098229 0.138455
vt 0.096464 0.138386
vt 0.094723 0.138192
vt 0.092919 0.136791
vt 0.093028 0.137889
vt 0.093125 0.138830
vt 0.091542 0.138413
vt 0.091645 0.139158
vt 0.093196 0.139596
vt 0.094828 0.139931
vt 0.094845 0.140519
vt 0.096523 0.140743
vt 0.096515 0.140146
vt 0.087620 0.128559
vt 0.087573 0.130110
vt 0.089170 0.130532
vt 0.089210 0.128954
vt 0.089315 0.127329
vt 0.091102 0.125913
vt 0.089469 0.125679
vt 0.087935 0.125362
vt 0.086802 0.123406
vt 0.086516 0.124949
vt 0.086293 0.126517
vt 0.084975 0.125968
vt 0.084811 0.127515
vt 0.086147 0.128080
vt 0.082605 0.114034
vt 0.082537 0.113106
vt 0.081664 0.114531
vt 0.081736 0.115450
vt 0.081947 0.116400
vt 0.081247 0.117893
vt 0.081613 0.118843
vt 0.082292 0.117362
vt 0.083121 0.115972
vt 0.084486 0.115699
vt 0.084100 0.114697
vt 0.083811 0.113701
vt 0.084975 0.112537
vt 0.084811 0.111541
vt 0.083630 0.112724
vt 0.082605 0.129163
vt 0.082537 0.127668
vt 0.081664 0.126894
vt 0.081736 0.128418
vt 0.081947 0.129890
vt 0.081247 0.129142
vt 0.081613 0.130601
vt 0.082292 0.131298
vt 0.083121 0.131957
vt 0.083553 0.133226
vt 0.084486 0.133800
vt 0.084100 0.132583
vt 0.083811 0.131263
vt 0.084975 0.131887
vt 0.084811 0.130499
vt 0.083630 0.129858
vt 0.027474 0.134244
vt 0.027406 0.135127
vt 0.026534 0.133730
vt 0.026606 0.132840
vt 0.026817 0.131904
vt 0.026116 0.130413
vt 0.026482 0.129466
vt 0.027161 0.130947
vt 0.027990 0.132336
vt 0.028422 0.131362
vt 0.029355 0.132609
vt 0.028970 0.133611
vt 0.028681 0.134598
vt 0.029844 0.135759
vt 0.029680 0.136716
vt 0.028499 0.135543
vt 0.027435 0.116597
vt 0.027781 0.115268
vt 0.028260 0.114849
vt 0.027989 0.116105
vt 0.027894 0.117363
vt 0.028467 0.116829
vt 0.028674 0.118021
vt 0.027980 0.118649
vt 0.027199 0.119293
vt 0.027265 0.120713
vt 0.026464 0.121462
vt 0.026467 0.119984
vt 0.026597 0.118549
vt 0.026006 0.119225
vt 0.026334 0.117749
vt 0.026866 0.117139
vt 0.083811 0.125314
vt 0.085232 0.124426
vt 0.084100 0.123778
vt 0.083121 0.123028
vt 0.082766 0.120685
vt 0.082292 0.122199
vt 0.081947 0.123757
vt 0.081247 0.122889
vt 0.081025 0.124484
vt 0.081736 0.125331
vt 0.082605 0.126127
vt 0.083566 0.128385
vt 0.083630 0.126860
vt 0.080075 0.122689
vt 0.079996 0.124325
vt 0.080394 0.125213
vt 0.080471 0.123599
vt 0.080701 0.121984
vt 0.081613 0.121313
vt 0.081082 0.120391
vt 0.080701 0.119453
vt 0.081025 0.116951
vt 0.080471 0.118517
vt 0.080075 0.120128
vt 0.079996 0.119210
vt 0.079757 0.120849
vt 0.079837 0.121768
vt 0.085504 0.136423
vt 0.086409 0.137315
vt 0.086852 0.137445
vt 0.086113 0.136698
vt 0.085504 0.135866
vt 0.086409 0.136306
vt 0.085971 0.135411
vt 0.084958 0.134897
vt 0.084091 0.134391
vt 0.082766 0.132628
vt 0.083363 0.133869
vt 0.084091 0.135023
vt 0.083553 0.134540
vt 0.084486 0.135688
vt 0.084958 0.136093
vt 0.083811 0.134590
vt 0.084975 0.135734
vt 0.085232 0.136296
vt 0.084100 0.135186
vt 0.083121 0.133980
vt 0.082766 0.133308
vt 0.082292 0.132685
vt 0.081947 0.131998
vt 0.081247 0.130574
vt 0.081025 0.129786
vt 0.081736 0.131245
vt 0.082605 0.132622
vt 0.082537 0.131821
vt 0.083566 0.133115
vt 0.083630 0.133900
vt 0.041363 0.134329
vt 0.043098 0.135903
vt 0.041334 0.135859
vt 0.039592 0.135725
vt 0.039523 0.137146
vt 0.037788 0.136885
vt 0.037897 0.135499
vt 0.037994 0.134030
vt 0.036411 0.133767
vt 0.036515 0.132287
vt 0.038065 0.132485
vt 0.039697 0.132630
vt 0.039714 0.130973
vt 0.041392 0.131038
vt 0.041384 0.132718
vt 0.087620 0.137008
vt 0.087573 0.136227
vt 0.089170 0.136989
vt 0.089210 0.137782
vt 0.089315 0.138442
vt 0.090981 0.139088
vt 0.091102 0.139609
vt 0.089469 0.138962
vt 0.087935 0.138190
vt 0.088171 0.138579
vt 0.086802 0.137713
vt 0.086516 0.137299
vt 0.086293 0.136761
vt 0.084811 0.135065
vt 0.086147 0.136102
vt 0.080075 0.126678
vt 0.079996 0.125791
vt 0.080394 0.127392
vt 0.080471 0.128259
vt 0.080701 0.129082
vt 0.081613 0.131309
vt 0.081082 0.129863
vt 0.080701 0.128357
vt 0.081025 0.127629
vt 0.080471 0.126803
vt 0.080075 0.125944
vt 0.079757 0.123418
vt 0.079837 0.125060
vt 0.030372 0.128751
vt 0.031274 0.128158
vt 0.031721 0.129297
vt 0.030982 0.129878
vt 0.030373 0.130690
vt 0.031278 0.131670
vt 0.030840 0.132667
vt 0.029827 0.131618
vt 0.028960 0.130408
vt 0.027635 0.129993
vt 0.028232 0.129066
vt 0.028959 0.128208
vt 0.028419 0.126787
vt 0.029340 0.126055
vt 0.029821 0.127459
vt 0.096494 0.113980
vt 0.098229 0.112406
vt 0.096464 0.112450
vt 0.094723 0.112583
vt 0.092919 0.111424
vt 0.093028 0.112810
vt 0.093125 0.114279
vt 0.091542 0.114542
vt 0.091645 0.116022
vt 0.093196 0.115823
vt 0.094828 0.115679
vt 0.096523 0.117271
vt 0.096515 0.115590
vt 0.032489 0.111002
vt 0.032442 0.111933
vt 0.034039 0.111172
vt 0.034079 0.110232
vt 0.034175 0.109384
vt 0.035843 0.108761
vt 0.035942 0.108031
vt 0.034302 0.108651
vt 0.032760 0.109429
vt 0.032931 0.108839
vt 0.031544 0.109774
vt 0.031334 0.110360
vt 0.031149 0.111086
vt 0.029830 0.112162
vt 0.029680 0.112986
vt 0.031017 0.111921
vt 0.028615 0.123076
vt 0.029702 0.122562
vt 0.030023 0.124034
vt 0.028939 0.124591
vt 0.027982 0.125295
vt 0.027635 0.127623
vt 0.027161 0.126109
vt 0.026810 0.124556
vt 0.026113 0.125422
vt 0.025880 0.123834
vt 0.026578 0.122996
vt 0.027412 0.122219
vt 0.028164 0.120017
vt 0.028366 0.121523
vt 0.024943 0.125620
vt 0.024862 0.123986
vt 0.025249 0.123105
vt 0.025335 0.124713
vt 0.025569 0.126326
vt 0.026482 0.126996
vt 0.025951 0.127918
vt 0.025570 0.128855
vt 0.025894 0.131348
vt 0.025340 0.129788
vt 0.024944 0.128179
vt 0.024866 0.129096
vt 0.024627 0.127460
vt 0.024706 0.126540
vt 0.034647 0.107328
vt 0.036181 0.106709
vt 0.036206 0.106481
vt 0.034705 0.107101
vt 0.033333 0.107892
vt 0.033391 0.107700
vt 0.032209 0.108636
vt 0.032098 0.108831
vt 0.031941 0.109055
vt 0.030794 0.110130
vt 0.030548 0.110436
vt 0.031751 0.109354
vt 0.033092 0.108416
vt 0.034437 0.108060
vt 0.034555 0.107633
vt 0.030901 0.122286
vt 0.029438 0.121049
vt 0.030624 0.120941
vt 0.031933 0.121015
vt 0.031742 0.120043
vt 0.033147 0.120238
vt 0.033374 0.121083
vt 0.033681 0.122110
vt 0.035297 0.122081
vt 0.035629 0.123214
vt 0.034027 0.123294
vt 0.032563 0.123429
vt 0.032920 0.124781
vt 0.031594 0.125053
vt 0.031230 0.123661
vt 0.041236 0.107781
vt 0.043098 0.107028
vt 0.041259 0.107082
vt 0.039441 0.107259
vt 0.039487 0.106694
vt 0.037733 0.106992
vt 0.037661 0.107571
vt 0.037588 0.108292
vt 0.035766 0.109610
vt 0.037531 0.109135
vt 0.039354 0.108804
vt 0.039338 0.109748
vt 0.041208 0.109552
vt 0.041217 0.108609
vt 0.033777 0.129040
vt 0.033867 0.130414
vt 0.032801 0.130242
vt 0.032655 0.129066
vt 0.032340 0.127806
vt 0.030824 0.126860
vt 0.031975 0.126451
vt 0.033262 0.126193
vt 0.034372 0.124614
vt 0.034674 0.126046
vt 0.034915 0.127547
vt 0.036394 0.127529
vt 0.036515 0.129138
vt 0.035074 0.129075
vt 0.039697 0.129257
vt 0.038093 0.130873
vt 0.038065 0.129202
vt 0.037979 0.127532
vt 0.036202 0.125970
vt 0.037835 0.125925
vt 0.039546 0.125903
vt 0.039407 0.124396
vt 0.041238 0.124372
vt 0.041309 0.125896
vt 0.041357 0.127560
vt 0.043098 0.129311
vt 0.041384 0.129296
vt 0.028664 0.113386
vt 0.030043 0.111443
vt 0.028904 0.112673
vt 0.027919 0.114020
vt 0.028243 0.113423
vt 0.027451 0.114834
vt 0.027088 0.115450
vt 0.026798 0.116167
vt 0.026099 0.117668
vt 0.025894 0.118475
vt 0.026606 0.116968
vt 0.027474 0.115534
vt 0.027406 0.116411
vt 0.028435 0.115088
vt 0.028499 0.114199
vt 0.024944 0.121626
vt 0.024866 0.122515
vt 0.025263 0.120907
vt 0.025340 0.120031
vt 0.025555 0.119205
vt 0.026412 0.116935
vt 0.025892 0.118441
vt 0.025526 0.119970
vt 0.025825 0.120726
vt 0.025313 0.121525
vt 0.024937 0.122369
vt 0.024627 0.124891
vt 0.024706 0.123249
vt 0.087479 0.115892
vt 0.086852 0.117543
vt 0.087786 0.116968
vt 0.088907 0.116584
vt 0.090264 0.117723
vt 0.090205 0.116272
vt 0.090061 0.114882
vt 0.091401 0.113132
vt 0.089867 0.113553
vt 0.088441 0.114096
vt 0.088171 0.112908
vt 0.086802 0.113674
vt 0.087137 0.114785
vt 0.086293 0.111526
vt 0.085232 0.113560
vt 0.086516 0.112585
vt 0.087935 0.111763
vt 0.089658 0.112287
vt 0.089469 0.111085
vt 0.089315 0.109946
vt 0.090897 0.108271
vt 0.089210 0.108874
vt 0.087620 0.109618
vt 0.087573 0.108628
vt 0.086094 0.109534
vt 0.086147 0.110507
vt 0.029802 0.111322
vt 0.031011 0.109895
vt 0.030080 0.111060
vt 0.029309 0.112295
vt 0.029598 0.112017
vt 0.029054 0.113238
vt 0.028701 0.113568
vt 0.028292 0.113924
vt 0.027285 0.115740
vt 0.027864 0.114336
vt 0.028602 0.112961
vt 0.029191 0.112086
vt 0.029498 0.111650
vt 0.039533 0.105792
vt 0.039509 0.105617
vt 0.037799 0.105870
vt 0.037825 0.106055
vt 0.037819 0.106276
vt 0.036125 0.107015
vt 0.037788 0.106574
vt 0.039519 0.106288
vt 0.041282 0.106528
vt 0.041297 0.106134
vt 0.041304 0.105859
vt 0.043098 0.105626
vt 0.041301 0.105659
vt 0.037091 0.122032
vt 0.034990 0.121123
vt 0.036826 0.121109
vt 0.038825 0.121067
vt 0.038669 0.120350
vt 0.040851 0.120307
vt 0.040934 0.121021
vt 0.041036 0.121936
vt 0.043098 0.123038
vt 0.041142 0.123052
vt 0.039222 0.123088
vt 0.037633 0.124442
vt 0.037372 0.123144
vt 0.031162 0.136768
vt 0.030101 0.134748
vt 0.031385 0.135724
vt 0.032804 0.136546
vt 0.033041 0.135401
vt 0.034528 0.136022
vt 0.034339 0.137224
vt 0.034184 0.138347
vt 0.035850 0.138927
vt 0.035766 0.139982
vt 0.034079 0.139376
vt 0.032489 0.138631
vt 0.032442 0.139532
vt 0.030963 0.138632
vt 0.031017 0.137745
vt 0.039354 0.140783
vt 0.039338 0.141754
vt 0.037506 0.141406
vt 0.037531 0.140450
vt 0.037594 0.139371
vt 0.035971 0.137766
vt 0.037683 0.138179
vt 0.039455 0.138469
vt 0.041300 0.137299
vt 0.041267 0.138639
vt 0.041237 0.139870
vt 0.043098 0.141046
vt 0.041217 0.140981
vt 0.088907 0.138843
vt 0.088998 0.138570
vt 0.087932 0.137968
vt 0.087786 0.138161
vt 0.087479 0.138150
vt 0.085971 0.137084
vt 0.087137 0.137999
vt 0.088441 0.138827
vt 0.089658 0.139336
vt 0.089867 0.139558
vt 0.090061 0.139612
vt 0.091542 0.140214
vt 0.091645 0.140061
vt 0.090205 0.139486
vt 0.094828 0.140898
vt 0.093224 0.140170
vt 0.093196 0.140537
vt 0.093125 0.140706
vt 0.091401 0.140181
vt 0.093028 0.140687
vt 0.094723 0.141064
vt 0.094654 0.140869
vt 0.096431 0.141103
vt 0.096464 0.141299
vt 0.096494 0.141310
vt 0.098229 0.141210
vt 0.096515 0.141128
vt 0.096368 0.140195
vt 0.098229 0.140811
vt 0.096398 0.140732
vt 0.094586 0.140501
vt 0.092919 0.140490
vt 0.092814 0.140124
vt 0.092725 0.139598
vt 0.090897 0.138420
vt 0.092662 0.138921
vt 0.094485 0.139282
vt 0.094469 0.138448
vt 0.096339 0.138657
vt 0.096347 0.139500
vt 0.032348 0.132417
vt 0.031721 0.130765
vt 0.032655 0.131341
vt 0.033777 0.131724
vt 0.035134 0.130585
vt 0.035074 0.132036
vt 0.034930 0.133427
vt 0.036271 0.135177
vt 0.034737 0.134755
vt 0.033310 0.134212
vt 0.031671 0.134635
vt 0.032006 0.133524
vt 0.087479 0.136824
vt 0.086852 0.137024
vt 0.087786 0.137509
vt 0.088907 0.138073
vt 0.090264 0.139166
vt 0.090205 0.138637
vt 0.090061 0.137917
vt 0.091401 0.137494
vt 0.089867 0.137022
vt 0.088441 0.136500
vt 0.088171 0.135465
vt 0.086802 0.134922
vt 0.087137 0.135954
vt 0.086293 0.132466
vt 0.085232 0.133180
vt 0.086516 0.133754
vt 0.087935 0.134290
vt 0.089658 0.135970
vt 0.089469 0.134777
vt 0.089315 0.133462
vt 0.090897 0.132415
vt 0.089210 0.132041
vt 0.087620 0.131594
vt 0.086094 0.129611
vt 0.086147 0.131079
vt 0.056386 0.114578
vt 0.056574 0.114974
vt 0.056289 0.115878
vt 0.056098 0.115468
vt 0.055913 0.115068
vt 0.055463 0.115887
vt 0.055292 0.115499
vt 0.055731 0.114677
vt 0.056024 0.113815
vt 0.055847 0.113442
vt 0.056013 0.112580
vt 0.056176 0.112925
vt 0.056340 0.113274
vt 0.056332 0.112329
vt 0.056476 0.112648
vt 0.056508 0.113632
vt 0.053071 0.106948
vt 0.052993 0.107005
vt 0.054009 0.107872
vt 0.054050 0.107774
vt 0.054090 0.107719
vt 0.054849 0.108578
vt 0.054848 0.108491
vt 0.054129 0.107690
vt 0.053219 0.106966
vt 0.053292 0.107009
vt 0.052187 0.106442
vt 0.052090 0.106350
vt 0.051992 0.106276
vt 0.050603 0.105762
vt 0.050492 0.105694
vt 0.051891 0.106242
vt 0.054122 0.117622
vt 0.054233 0.117970
vt 0.053054 0.118419
vt 0.052984 0.118113
vt 0.052917 0.117816
vt 0.051503 0.118206
vt 0.051469 0.117953
vt 0.052851 0.117525
vt 0.053910 0.116953
vt 0.053805 0.116625
vt 0.054563 0.115906
vt 0.054704 0.116268
vt 0.054847 0.116634
vt 0.055637 0.116283
vt 0.054992 0.117007
vt 0.055969 0.110638
vt 0.056050 0.110879
vt 0.056414 0.111933
vt 0.056297 0.111644
vt 0.056183 0.111373
vt 0.056190 0.112020
vt 0.056072 0.111112
vt 0.055813 0.110214
vt 0.055737 0.110015
vt 0.055369 0.109198
vt 0.055407 0.109336
vt 0.055447 0.109482
vt 0.054849 0.108686
vt 0.055487 0.109647
vt 0.047035 0.105139
vt 0.046958 0.105100
vt 0.048751 0.105314
vt 0.048854 0.105340
vt 0.048954 0.105432
vt 0.050710 0.105874
vt 0.049052 0.105570
vt 0.047184 0.105401
vt 0.047257 0.105578
vt 0.045215 0.105514
vt 0.045176 0.105329
vt 0.045137 0.105167
vt 0.043098 0.105154
vt 0.043098 0.105036
vt 0.045097 0.105051
vt 0.047670 0.118741
vt 0.047673 0.118954
vt 0.045428 0.118955
vt 0.045428 0.118756
vt 0.045428 0.118562
vt 0.043098 0.118556
vt 0.043098 0.118370
vt 0.045428 0.118371
vt 0.047663 0.118332
vt 0.047660 0.118131
vt 0.049695 0.117986
vt 0.049709 0.118207
vt 0.049722 0.118431
vt 0.051536 0.118464
vt 0.049735 0.118659
vt 0.029811 0.114578
vt 0.029623 0.114974
vt 0.029515 0.114001
vt 0.029688 0.113632
vt 0.029856 0.113274
vt 0.029865 0.112329
vt 0.030006 0.112020
vt 0.030021 0.112925
vt 0.030172 0.113815
vt 0.030350 0.113442
vt 0.030646 0.114290
vt 0.030466 0.114677
vt 0.030284 0.115068
vt 0.030733 0.115887
vt 0.030560 0.116283
vt 0.030098 0.115468
vt 0.033126 0.106948
vt 0.033203 0.107005
vt 0.034408 0.106264
vt 0.034305 0.106242
vt 0.034205 0.106276
vt 0.035594 0.105762
vt 0.035486 0.105874
vt 0.034107 0.106350
vt 0.032977 0.106966
vt 0.032904 0.107009
vt 0.032029 0.107676
vt 0.032067 0.107690
vt 0.032107 0.107719
vt 0.031348 0.108578
vt 0.031348 0.108686
vt 0.032147 0.107774
vt 0.032074 0.117622
vt 0.031963 0.117970
vt 0.031055 0.117391
vt 0.031204 0.117007
vt 0.031349 0.116634
vt 0.030904 0.115499
vt 0.031492 0.116268
vt 0.032287 0.116953
vt 0.032391 0.116625
vt 0.033411 0.117237
vt 0.033346 0.117525
vt 0.033279 0.117816
vt 0.034694 0.118206
vt 0.034660 0.118464
vt 0.033212 0.118113
vt 0.030228 0.110638
vt 0.030146 0.110879
vt 0.030668 0.109838
vt 0.030709 0.109647
vt 0.030749 0.109482
vt 0.031348 0.108491
vt 0.030789 0.109336
vt 0.030383 0.110214
vt 0.030460 0.110015
vt 0.030235 0.110857
vt 0.030125 0.111112
vt 0.030013 0.111373
vt 0.029720 0.112648
vt 0.029899 0.111644
vt 0.039161 0.105139
vt 0.039238 0.105100
vt 0.041141 0.105004
vt 0.041100 0.105051
vt 0.041060 0.105167
vt 0.043098 0.105318
vt 0.041021 0.105329
vt 0.039013 0.105401
vt 0.038940 0.105578
vt 0.037047 0.105730
vt 0.037145 0.105570
vt 0.037243 0.105432
vt 0.035704 0.105694
vt 0.037343 0.105340
vt 0.038526 0.118741
vt 0.038523 0.118954
vt 0.036447 0.118893
vt 0.036461 0.118659
vt 0.036474 0.118431
vt 0.034727 0.117953
vt 0.036488 0.118207
vt 0.038533 0.118332
vt 0.038536 0.118131
vt 0.040768 0.118183
vt 0.040768 0.118371
vt 0.040768 0.118562
vt 0.043098 0.118746
vt 0.040768 0.118756
vt 0.052913 0.107128
vt 0.051788 0.106264
vt 0.051682 0.106364
vt 0.051585 0.106518
vt 0.050152 0.105910
vt 0.050062 0.106091
vt 0.051511 0.106707
vt 0.052804 0.107496
vt 0.053988 0.108636
vt 0.053939 0.108425
vt 0.053938 0.108215
vt 0.054866 0.109231
vt 0.054849 0.109016
vt 0.053966 0.108025
vt 0.046878 0.105153
vt 0.045055 0.105004
vt 0.045013 0.105051
vt 0.044972 0.105164
vt 0.043098 0.105142
vt 0.043098 0.105294
vt 0.044936 0.105320
vt 0.046736 0.105436
vt 0.048397 0.105870
vt 0.048457 0.105680
vt 0.048543 0.105508
vt 0.050262 0.105768
vt 0.048644 0.105378
vt 0.039319 0.105153
vt 0.037446 0.105314
vt 0.037552 0.105378
vt 0.037654 0.105508
vt 0.036044 0.105910
vt 0.036134 0.106091
vt 0.037739 0.105680
vt 0.039461 0.105436
vt 0.041287 0.105494
vt 0.041260 0.105320
vt 0.041224 0.105164
vt 0.041184 0.105051
vt 0.033283 0.107128
vt 0.032188 0.107872
vt 0.032231 0.108025
vt 0.032259 0.108215
vt 0.031331 0.109231
vt 0.031280 0.109460
vt 0.032257 0.108425
vt 0.033392 0.107496
vt 0.034721 0.106908
vt 0.034685 0.106707
vt 0.034612 0.106518
vt 0.035935 0.105768
vt 0.034515 0.106364
vt 0.030062 0.111147
vt 0.029782 0.111933
vt 0.029660 0.112243
vt 0.029513 0.112569
vt 0.029234 0.113696
vt 0.028996 0.114073
vt 0.029318 0.112903
vt 0.029808 0.111726
vt 0.030308 0.110823
vt 0.030463 0.110570
vt 0.030563 0.110312
vt 0.031348 0.109016
vt 0.030625 0.110064
vt 0.029428 0.115387
vt 0.029907 0.115878
vt 0.029709 0.116304
vt 0.029468 0.116791
vt 0.029972 0.117623
vt 0.029683 0.118289
vt 0.029146 0.117383
vt 0.028887 0.116313
vt 0.028476 0.115648
vt 0.028844 0.115210
vt 0.029121 0.114790
vt 0.029418 0.113330
vt 0.029335 0.114387
vt 0.031849 0.118330
vt 0.033142 0.118419
vt 0.033070 0.118736
vt 0.033026 0.119113
vt 0.034580 0.119336
vt 0.034625 0.119769
vt 0.033041 0.119597
vt 0.031700 0.119311
vt 0.030482 0.119767
vt 0.030558 0.118903
vt 0.030735 0.118271
vt 0.030195 0.117114
vt 0.030899 0.117789
vt 0.038519 0.119175
vt 0.040768 0.118955
vt 0.040768 0.119163
vt 0.040776 0.119425
vt 0.043098 0.119403
vt 0.043098 0.119766
vt 0.040801 0.119791
vt 0.038576 0.119826
vt 0.036614 0.120375
vt 0.036493 0.119832
vt 0.036440 0.119435
vt 0.034589 0.119005
vt 0.036433 0.119137
vt 0.047677 0.119175
vt 0.049749 0.118893
vt 0.049764 0.119137
vt 0.049756 0.119435
vt 0.051617 0.119336
vt 0.051572 0.119769
vt 0.049703 0.119832
vt 0.047620 0.119826
vt 0.045345 0.120307
vt 0.045395 0.119791
vt 0.045420 0.119425
vt 0.043098 0.119144
vt 0.045428 0.119163
vt 0.054347 0.118330
vt 0.055142 0.117391
vt 0.055297 0.117789
vt 0.055462 0.118271
vt 0.056224 0.117623
vt 0.056513 0.118289
vt 0.055639 0.118903
vt 0.054496 0.119311
vt 0.053049 0.120238
vt 0.053155 0.119597
vt 0.053170 0.119113
vt 0.051607 0.119005
vt 0.053126 0.118736
vt 0.056769 0.115387
vt 0.056682 0.114001
vt 0.056861 0.114387
vt 0.057075 0.114790
vt 0.056962 0.113696
vt 0.057201 0.114073
vt 0.057352 0.115210
vt 0.057310 0.116313
vt 0.057522 0.118021
vt 0.057050 0.117383
vt 0.056729 0.116791
vt 0.056001 0.117114
vt 0.056487 0.116304
vt 0.056134 0.111147
vt 0.055529 0.109838
vt 0.055571 0.110064
vt 0.055634 0.110312
vt 0.054916 0.109460
vt 0.055734 0.110570
vt 0.056389 0.111726
vt 0.057142 0.113238
vt 0.056878 0.112903
vt 0.056684 0.112569
vt 0.056779 0.113330
vt 0.056536 0.112243
vt 0.105593 0.130879
vt 0.101931 0.134427
vt 0.098229 0.131496
vt 0.098229 0.137320
vt 0.105211 0.136418
vt 0.109252 0.118205
vt 0.107757 0.120707
vt 0.104770 0.117566
vt 0.105211 0.124205
vt 0.110890 0.122919
vt 0.101674 0.120812
vt 0.098229 0.117248
vt 0.098229 0.124437
vt 0.105593 0.107250
vt 0.103821 0.106777
vt 0.101931 0.108613
vt 0.098229 0.106182
vt 0.098229 0.110960
vt 0.105211 0.111797
vt 0.101931 0.127951
vt 0.111718 0.118787
vt 0.114338 0.119780
vt 0.110890 0.114599
vt 0.101674 0.139150
vt 0.098229 0.140823
vt 0.104770 0.139713
vt 0.108712 0.126968
vt 0.111706 0.129036
vt 0.115508 0.116037
vt 0.114793 0.114531
vt 0.113655 0.114995
vt 0.111706 0.110585
vt 0.115508 0.126072
vt 0.113655 0.130597
vt 0.110890 0.134361
vt 0.114338 0.131994
vt 0.060377 0.132248
vt 0.059662 0.133730
vt 0.058525 0.133306
vt 0.056575 0.137595
vt 0.055759 0.133709
vt 0.059207 0.128529
vt 0.057517 0.114458
vt 0.058952 0.117931
vt 0.059382 0.116288
vt 0.060411 0.122260
vt 0.056976 0.119346
vt 0.113655 0.124571
vt 0.116148 0.121058
vt 0.116780 0.122502
vt 0.116701 0.120849
vt 0.109252 0.137487
vt 0.111718 0.135455
vt 0.110890 0.136746
vt 0.113655 0.133341
vt 0.111706 0.134289
vt 0.112892 0.133115
vt 0.115508 0.128943
vt 0.043098 0.137349
vt 0.046543 0.134217
vt 0.043098 0.131061
vt 0.049639 0.130742
vt 0.050080 0.136511
vt 0.105593 0.137614
vt 0.107288 0.136989
vt 0.108712 0.137664
vt 0.105211 0.139976
vt 0.116064 0.127392
vt 0.116148 0.127534
vt 0.054121 0.130104
vt 0.056588 0.129522
vt 0.055798 0.125465
vt 0.101674 0.114092
vt 0.050463 0.110555
vt 0.052157 0.111172
vt 0.053592 0.110159
vt 0.056575 0.113890
vt 0.055905 0.110859
vt 0.050153 0.107442
vt 0.058549 0.123763
vt 0.061017 0.127250
vt 0.061649 0.125807
vt 0.061570 0.127460
vt 0.050004 0.106289
vt 0.052967 0.108116
vt 0.055017 0.109686
vt 0.053974 0.122163
vt 0.050251 0.124513
vt 0.051444 0.120350
vt 0.043098 0.106479
vt 0.046804 0.107968
vt 0.043098 0.109487
vt 0.044988 0.109552
vt 0.052639 0.127625
vt 0.046555 0.127545
vt 0.043098 0.124365
vt 0.058543 0.114730
vt 0.057762 0.115088
vt 0.060377 0.119342
vt 0.060933 0.120907
vt 0.061028 0.120774
vt 0.107757 0.115324
vt 0.108712 0.110664
vt 0.110364 0.109534
vt 0.057229 0.112598
vt 0.046661 0.106002
vt 0.043098 0.105464
vt 0.047177 0.121979
vt 0.043098 0.120281
vt 0.053581 0.137629
vt 0.055233 0.138632
vt 0.050463 0.140919
vt 0.048690 0.141406
vt 0.046800 0.139685
vt 0.043098 0.142032
vt 0.107757 0.138919
vt 0.101674 0.141077
vt 0.098229 0.141184
vt 0.101931 0.139969
vt 0.098229 0.138727
vt 0.100119 0.138657
vt 0.052627 0.132985
vt 0.107757 0.137375
vt 0.108712 0.132994
vt 0.090864 0.130879
vt 0.094527 0.134427
vt 0.091247 0.136418
vt 0.087206 0.118205
vt 0.088700 0.120707
vt 0.085568 0.122919
vt 0.091247 0.124205
vt 0.091688 0.117566
vt 0.094784 0.120812
vt 0.090864 0.107250
vt 0.094527 0.108613
vt 0.091247 0.111797
vt 0.096339 0.106247
vt 0.094527 0.127951
vt 0.084740 0.118787
vt 0.085568 0.114599
vt 0.082120 0.119780
vt 0.094784 0.139150
vt 0.091688 0.139713
vt 0.087746 0.126968
vt 0.084752 0.129036
vt 0.080950 0.116037
vt 0.082802 0.114995
vt 0.084752 0.110585
vt 0.083566 0.111783
vt 0.080950 0.126072
vt 0.082802 0.130597
vt 0.082120 0.131994
vt 0.085568 0.134361
vt 0.025820 0.132248
vt 0.027671 0.133306
vt 0.026989 0.128529
vt 0.030437 0.133709
vt 0.029621 0.137595
vt 0.028435 0.136420
vt 0.028679 0.114458
vt 0.027244 0.117931
vt 0.029220 0.119346
vt 0.025785 0.122260
vt 0.026814 0.116288
vt 0.082802 0.124571
vt 0.080310 0.121058
vt 0.080394 0.117601
vt 0.079678 0.122502
vt 0.087206 0.137487
vt 0.084740 0.135455
vt 0.085568 0.136746
vt 0.082802 0.133341
vt 0.080950 0.128943
vt 0.081664 0.130425
vt 0.084752 0.134289
vt 0.039653 0.134217
vt 0.036116 0.136511
vt 0.036557 0.130742
vt 0.090864 0.137614
vt 0.087746 0.137664
vt 0.091247 0.139976
vt 0.086094 0.135327
vt 0.080310 0.127534
vt 0.079757 0.124155
vt 0.032075 0.130104
vt 0.029609 0.129522
vt 0.030398 0.125465
vt 0.094784 0.114092
vt 0.035734 0.110555
vt 0.032604 0.110159
vt 0.036043 0.107442
vt 0.030291 0.110859
vt 0.029621 0.113890
vt 0.030963 0.112839
vt 0.027648 0.123763
vt 0.025179 0.127250
vt 0.025263 0.130698
vt 0.024547 0.125807
vt 0.036192 0.106289
vt 0.033229 0.108116
vt 0.031179 0.109686
vt 0.032223 0.122163
vt 0.034752 0.120350
vt 0.035945 0.124513
vt 0.039393 0.107968
vt 0.037506 0.110082
vt 0.033557 0.127625
vt 0.039642 0.127545
vt 0.027654 0.114730
vt 0.025820 0.119342
vt 0.026534 0.117836
vt 0.025168 0.120774
vt 0.024627 0.124154
vt 0.088700 0.115324
vt 0.087746 0.110664
vt 0.089170 0.107867
vt 0.028967 0.112598
vt 0.039536 0.106002
vt 0.039019 0.121979
vt 0.032615 0.137629
vt 0.035734 0.140919
vt 0.034039 0.140295
vt 0.039396 0.139685
vt 0.041208 0.141963
vt 0.088700 0.138919
vt 0.094784 0.141077
vt 0.094527 0.139969
vt 0.092637 0.138100
vt 0.033569 0.132985
vt 0.088700 0.137375
vt 0.087746 0.132994
vt 0.055816 0.116691
vt 0.056203 0.114192
vt 0.055123 0.115115
vt 0.055551 0.114290
vt 0.056050 0.111714
vt 0.056625 0.112980
vt 0.054849 0.108829
vt 0.053146 0.106940
vt 0.054848 0.108416
vt 0.054168 0.107676
vt 0.050817 0.106006
vt 0.050379 0.105688
vt 0.051571 0.118729
vt 0.054015 0.117284
vt 0.051437 0.117703
vt 0.052785 0.117237
vt 0.055890 0.110419
vt 0.055961 0.110857
vt 0.047110 0.105247
vt 0.049149 0.105730
vt 0.043098 0.105505
vt 0.043098 0.104987
vt 0.043098 0.118941
vt 0.047667 0.118535
vt 0.043098 0.118185
vt 0.045428 0.118183
vt 0.029572 0.112980
vt 0.029993 0.114192
vt 0.030146 0.111714
vt 0.030184 0.112580
vt 0.031073 0.115115
vt 0.030381 0.116691
vt 0.035817 0.105688
vt 0.033051 0.106940
vt 0.035379 0.106006
vt 0.034009 0.106442
vt 0.031348 0.108416
vt 0.031348 0.108829
vt 0.032181 0.117284
vt 0.031633 0.115906
vt 0.034760 0.117703
vt 0.034625 0.118729
vt 0.030306 0.110419
vt 0.030828 0.109198
vt 0.039086 0.105247
vt 0.040982 0.105514
vt 0.038530 0.118535
vt 0.036501 0.117986
vt 0.052845 0.107299
vt 0.046801 0.105273
vt 0.039395 0.105273
vt 0.033351 0.107299
vt 0.029956 0.111432
vt 0.029193 0.115829
vt 0.031753 0.118759
vt 0.038532 0.119450
vt 0.047665 0.119450
vt 0.054443 0.118759
vt 0.057003 0.115829
vt 0.056240 0.111432
vt 0.055379 0.113382
vt 0.055539 0.112551
vt 0.052918 0.107185
vt 0.051854 0.106639
vt 0.053413 0.116448
vt 0.054143 0.115755
vt 0.055273 0.110081
vt 0.054919 0.109294
vt 0.047104 0.105806
vt 0.045137 0.105745
vt 0.047493 0.117899
vt 0.049454 0.117759
vt 0.030817 0.113382
vt 0.031102 0.114199
vt 0.033278 0.107185
vt 0.032434 0.107828
vt 0.032783 0.116448
vt 0.033767 0.117037
vt 0.030923 0.110081
vt 0.030707 0.110892
vt 0.039092 0.105806
vt 0.037269 0.105953
vt 0.038704 0.117899
vt 0.040854 0.117949
vt 0.054682 0.114994
vt 0.055094 0.114199
vt 0.055575 0.111718
vt 0.054418 0.108540
vt 0.053762 0.107828
vt 0.050534 0.106219
vt 0.051131 0.117486
vt 0.052430 0.117037
vt 0.055489 0.110892
vt 0.048927 0.105953
vt 0.043098 0.105736
vt 0.043098 0.117951
vt 0.045343 0.117949
vt 0.030621 0.111718
vt 0.030657 0.112551
vt 0.031514 0.114994
vt 0.035662 0.106219
vt 0.034343 0.106639
vt 0.031779 0.108540
vt 0.032053 0.115755
vt 0.035066 0.117486
vt 0.031278 0.109294
vt 0.041059 0.105745
vt 0.036743 0.117759
vt 0.055539 0.112991
vt 0.055379 0.113821
vt 0.051854 0.107079
vt 0.052918 0.107624
vt 0.054143 0.116195
vt 0.053413 0.116888
vt 0.054919 0.109734
vt 0.055273 0.110520
vt 0.045137 0.106185
vt 0.047104 0.106246
vt 0.049454 0.118199
vt 0.047493 0.118339
vt 0.031102 0.114638
vt 0.030817 0.113821
vt 0.032434 0.108268
vt 0.033278 0.107624
vt 0.033767 0.117477
vt 0.032783 0.116888
vt 0.030707 0.111331
vt 0.030923 0.110520
vt 0.037269 0.106392
vt 0.039092 0.106246
vt 0.040854 0.118389
vt 0.038704 0.118339
vt 0.055094 0.114638
vt 0.054682 0.115433
vt 0.055575 0.112158
vt 0.053762 0.108268
vt 0.054418 0.108980
vt 0.050534 0.106659
vt 0.052430 0.117477
vt 0.051131 0.117926
vt 0.055489 0.111331
vt 0.048927 0.106392
vt 0.043098 0.106176
vt 0.045343 0.118389
vt 0.043098 0.118391
vt 0.030657 0.112991
vt 0.030621 0.112158
vt 0.031514 0.115433
vt 0.034343 0.107079
vt 0.035662 0.106659
vt 0.031779 0.108980
vt 0.032053 0.116195
vt 0.035066 0.117926
vt 0.031278 0.109734
vt 0.041059 0.106185
vt 0.036743 0.118199
vt 0.077701 0.188274
vt 0.077832 0.187592
vt 0.080063 0.187870
vt 0.079903 0.188701
vt 0.075681 0.183188
vt 0.074808 0.182740
vt 0.076378 0.181958
vt 0.077442 0.182504
vt 0.076087 0.190791
vt 0.076687 0.190222
vt 0.078667 0.191074
vt 0.077937 0.191768
vt 0.077614 0.185565
vt 0.077323 0.184920
vt 0.079443 0.184614
vt 0.079797 0.185400
vt 0.070910 0.182057
vt 0.069296 0.182007
vt 0.069661 0.181064
vt 0.071628 0.181125
vt 0.071229 0.191981
vt 0.072838 0.191866
vt 0.073978 0.193078
vt 0.072017 0.193219
vt 0.057544 0.188274
vt 0.057777 0.188944
vt 0.055626 0.189518
vt 0.055341 0.188701
vt 0.059563 0.183188
vt 0.058871 0.183716
vt 0.056959 0.183147
vt 0.057802 0.182504
vt 0.059157 0.190791
vt 0.059964 0.191274
vt 0.058291 0.192357
vt 0.057307 0.191768
vt 0.057630 0.185565
vt 0.057453 0.186230
vt 0.055231 0.186211
vt 0.055447 0.185400
vt 0.064335 0.182057
vt 0.062838 0.182177
vt 0.061793 0.181272
vt 0.063616 0.181125
vt 0.064016 0.191981
vt 0.065780 0.192022
vt 0.065378 0.193268
vt 0.063228 0.193219
vt 0.077129 0.189597
vt 0.077467 0.188944
vt 0.079618 0.189518
vt 0.079207 0.190313
vt 0.077862 0.186908
vt 0.080099 0.187037
vt 0.076912 0.184301
vt 0.076374 0.183716
vt 0.078286 0.183147
vt 0.078941 0.183860
vt 0.073725 0.182396
vt 0.075058 0.181538
vt 0.074214 0.191642
vt 0.075280 0.191274
vt 0.076954 0.192357
vt 0.075655 0.192805
vt 0.077791 0.186230
vt 0.080013 0.186211
vt 0.072406 0.182177
vt 0.073451 0.181272
vt 0.067622 0.182000
vt 0.067622 0.181056
vt 0.067622 0.192024
vt 0.069464 0.192022
vt 0.069867 0.193268
vt 0.067622 0.193271
vt 0.057382 0.186908
vt 0.057412 0.187592
vt 0.055181 0.187870
vt 0.055145 0.187037
vt 0.058115 0.189597
vt 0.056038 0.190313
vt 0.061520 0.182396
vt 0.060437 0.182740
vt 0.058867 0.181958
vt 0.060186 0.181538
vt 0.058333 0.184301
vt 0.056303 0.183860
vt 0.058558 0.190222
vt 0.056577 0.191074
vt 0.061030 0.191642
vt 0.059590 0.192805
vt 0.057921 0.184920
vt 0.055802 0.184614
vt 0.065949 0.182007
vt 0.065583 0.181064
vt 0.062406 0.191866
vt 0.061267 0.193078
vt 0.076156 0.188045
vt 0.076267 0.187468
vt 0.074446 0.183739
vt 0.073706 0.183360
vt 0.074789 0.190176
vt 0.075297 0.189694
vt 0.076082 0.185752
vt 0.075836 0.185205
vt 0.070406 0.182781
vt 0.069039 0.182739
vt 0.070676 0.191184
vt 0.072038 0.191087
vt 0.059089 0.188045
vt 0.059287 0.188613
vt 0.060799 0.183739
vt 0.060213 0.184186
vt 0.060455 0.190176
vt 0.061138 0.190585
vt 0.059162 0.185752
vt 0.059012 0.186315
vt 0.064839 0.182781
vt 0.063572 0.182883
vt 0.064569 0.191184
vt 0.066063 0.191219
vt 0.075672 0.189165
vt 0.075957 0.188613
vt 0.076292 0.186889
vt 0.075487 0.184681
vt 0.075032 0.184186
vt 0.072789 0.183068
vt 0.073204 0.190897
vt 0.074106 0.190585
vt 0.076232 0.186315
vt 0.071672 0.182883
vt 0.067622 0.182733
vt 0.067622 0.191220
vt 0.069182 0.191219
vt 0.058953 0.186889
vt 0.058978 0.187468
vt 0.059573 0.189165
vt 0.062455 0.183068
vt 0.061539 0.183360
vt 0.059757 0.184681
vt 0.059948 0.189694
vt 0.062041 0.190897
vt 0.059409 0.185205
vt 0.066206 0.182739
vt 0.063206 0.191087
vt 0.074250 0.187752
vt 0.074336 0.187304
vt 0.072922 0.184408
vt 0.072347 0.184114
vt 0.073189 0.189407
vt 0.073583 0.189033
vt 0.074193 0.185971
vt 0.074001 0.185546
vt 0.069784 0.183664
vt 0.068723 0.183631
vt 0.069994 0.190190
vt 0.071052 0.190115
vt 0.060995 0.187752
vt 0.061149 0.188193
vt 0.062323 0.184408
vt 0.061867 0.184755
vt 0.062056 0.189407
vt 0.062586 0.189725
vt 0.061052 0.185971
vt 0.060935 0.186409
vt 0.065460 0.183664
vt 0.064477 0.183744
vt 0.065251 0.190190
vt 0.066411 0.190217
vt 0.073874 0.188622
vt 0.074096 0.188193
vt 0.074356 0.186854
vt 0.073731 0.185140
vt 0.073377 0.184755
vt 0.071635 0.183887
vt 0.071957 0.189968
vt 0.072658 0.189725
vt 0.074309 0.186409
vt 0.070768 0.183744
vt 0.067622 0.183626
vt 0.067622 0.190218
vt 0.068833 0.190217
vt 0.060889 0.186854
vt 0.060908 0.187304
vt 0.061371 0.188622
vt 0.063609 0.183887
vt 0.062897 0.184114
vt 0.061514 0.185140
vt 0.061662 0.189033
vt 0.063287 0.189968
vt 0.061243 0.185546
vt 0.066522 0.183631
vt 0.064192 0.190115
vt 0.072615 0.187523
vt 0.072680 0.187186
vt 0.071615 0.185004
vt 0.071182 0.184782
vt 0.071816 0.188770
vt 0.072112 0.188488
vt 0.072572 0.186181
vt 0.072428 0.185862
vt 0.069251 0.184444
vt 0.068451 0.184418
vt 0.069409 0.189360
vt 0.070206 0.189303
vt 0.062629 0.187523
vt 0.062745 0.187855
vt 0.063630 0.185004
vt 0.063287 0.185265
vt 0.063429 0.188770
vt 0.063829 0.189009
vt 0.062672 0.186181
vt 0.062585 0.186511
vt 0.065994 0.184444
vt 0.065252 0.184503
vt 0.065836 0.189360
vt 0.066710 0.189380
vt 0.072332 0.188178
vt 0.072499 0.187855
vt 0.072695 0.186847
vt 0.072224 0.185555
vt 0.071957 0.185265
vt 0.070645 0.184612
vt 0.070888 0.189192
vt 0.071416 0.189009
vt 0.072660 0.186511
vt 0.069992 0.184503
vt 0.067622 0.184415
vt 0.067622 0.189381
vt 0.068535 0.189380
vt 0.062550 0.186847
vt 0.062564 0.187186
vt 0.062913 0.188178
vt 0.064599 0.184612
vt 0.064063 0.184782
vt 0.063020 0.185555
vt 0.063132 0.188488
vt 0.064357 0.189192
vt 0.062817 0.185862
vt 0.066793 0.184418
vt 0.065038 0.189303
vt 0.070734 0.187270
vt 0.070775 0.187059
vt 0.070111 0.185699
vt 0.069841 0.185561
vt 0.070236 0.188047
vt 0.070421 0.187871
vt 0.070707 0.186433
vt 0.070618 0.186234
vt 0.068637 0.185350
vt 0.068139 0.185334
vt 0.068736 0.188414
vt 0.069233 0.188379
vt 0.064510 0.187270
vt 0.064582 0.187477
vt 0.065134 0.185699
vt 0.064920 0.185862
vt 0.065008 0.188047
vt 0.065257 0.188196
vt 0.064537 0.186433
vt 0.064482 0.186639
vt 0.066607 0.185350
vt 0.066145 0.185387
vt 0.066509 0.188414
vt 0.067053 0.188427
vt 0.070558 0.187678
vt 0.070662 0.187477
vt 0.070784 0.186848
vt 0.070491 0.186043
vt 0.070325 0.185862
vt 0.069507 0.185454
vt 0.069658 0.188310
vt 0.069987 0.188196
vt 0.070762 0.186639
vt 0.069099 0.185387
vt 0.067622 0.185332
vt 0.067622 0.188428
vt 0.068191 0.188427
vt 0.064460 0.186848
vt 0.064469 0.187059
vt 0.064687 0.187678
vt 0.065738 0.185454
vt 0.065403 0.185561
vt 0.064754 0.186043
vt 0.064823 0.187871
vt 0.065587 0.188310
vt 0.064627 0.186234
vt 0.067106 0.185334
vt 0.066012 0.188379
vt 0.068514 0.186952
vt 0.068526 0.186892
vt 0.068336 0.186502
vt 0.068258 0.186462
vt 0.068372 0.187174
vt 0.068425 0.187124
vt 0.068507 0.186712
vt 0.068481 0.186655
vt 0.067913 0.186402
vt 0.067770 0.186397
vt 0.067941 0.187280
vt 0.068084 0.187270
vt 0.066730 0.186952
vt 0.066751 0.187011
vt 0.066909 0.186502
vt 0.066848 0.186548
vt 0.066873 0.187174
vt 0.066944 0.187217
vt 0.066738 0.186712
vt 0.066722 0.186771
vt 0.067331 0.186402
vt 0.067199 0.186412
vt 0.067303 0.187280
vt 0.067459 0.187284
vt 0.068464 0.187069
vt 0.068494 0.187011
vt 0.068529 0.186831
vt 0.068444 0.186600
vt 0.068397 0.186548
vt 0.068162 0.186432
vt 0.068206 0.187250
vt 0.068300 0.187217
vt 0.068522 0.186771
vt 0.068046 0.186412
vt 0.067622 0.186396
vt 0.067622 0.187284
vt 0.067785 0.187284
vt 0.066716 0.186831
vt 0.066718 0.186892
vt 0.066781 0.187069
vt 0.067082 0.186432
vt 0.066986 0.186462
vt 0.066800 0.186600
vt 0.066820 0.187124
vt 0.067039 0.187250
vt 0.066764 0.186655
vt 0.067474 0.186397
vt 0.067160 0.187270
vt 0.030817 0.116180
vt 0.030817 0.116677
vt 0.031102 0.117495
vt 0.031102 0.116997
vt 0.030657 0.115349
vt 0.030657 0.115847
vt 0.030621 0.114516
vt 0.030621 0.115014
vt 0.030707 0.113690
vt 0.030707 0.114188
vt 0.030923 0.112879
vt 0.030923 0.113377
vt 0.031278 0.112092
vt 0.031278 0.112590
vt 0.031779 0.111338
vt 0.031779 0.111836
vt 0.032434 0.110626
vt 0.032434 0.111124
vt 0.033278 0.109983
vt 0.033278 0.110481
vt 0.034343 0.109437
vt 0.034343 0.109935
vt 0.035662 0.109017
vt 0.035662 0.109515
vt 0.037269 0.108751
vt 0.037269 0.109249
vt 0.039092 0.108604
vt 0.039092 0.109102
vt 0.041059 0.108543
vt 0.041059 0.109041
vt 0.043098 0.108534
vt 0.043098 0.109032
vt 0.045137 0.108543
vt 0.045137 0.109041
vt 0.047104 0.108604
vt 0.047104 0.109102
vt 0.048927 0.108751
vt 0.048927 0.109249
vt 0.050534 0.109017
vt 0.050534 0.109515
vt 0.051854 0.109437
vt 0.051854 0.109935
vt 0.052918 0.109983
vt 0.052918 0.110481
vt 0.053762 0.110626
vt 0.053762 0.111124
vt 0.054418 0.111338
vt 0.054418 0.111836
vt 0.054919 0.112092
vt 0.054919 0.112590
vt 0.055273 0.112879
vt 0.055273 0.113377
vt 0.055489 0.113690
vt 0.055489 0.114188
vt 0.055575 0.114516
vt 0.055575 0.115014
vt 0.055539 0.115349
vt 0.055539 0.115847
vt 0.055379 0.116180
vt 0.055379 0.116677
vt 0.055094 0.116997
vt 0.055094 0.117495
vt 0.054682 0.117791
vt 0.054682 0.118289
vt 0.054143 0.118553
vt 0.054143 0.119051
vt 0.053413 0.119246
vt 0.053413 0.119744
vt 0.052430 0.119835
vt 0.052430 0.120333
vt 0.051131 0.120284
vt 0.051131 0.120782
vt 0.049454 0.120557
vt 0.049454 0.121055
vt 0.047493 0.120697
vt 0.047493 0.121195
vt 0.045343 0.120747
vt 0.045343 0.121245
vt 0.043098 0.120749
vt 0.043098 0.121247
vt 0.040854 0.120747
vt 0.040854 0.121245
vt 0.038704 0.120697
vt 0.038704 0.121195
vt 0.036743 0.120557
vt 0.036743 0.121055
vt 0.035066 0.120284
vt 0.035066 0.120782
vt 0.033767 0.119835
vt 0.033767 0.120333
vt 0.032783 0.119246
vt 0.032783 0.119744
vt 0.032053 0.118553
vt 0.032053 0.119051
vt 0.031514 0.117791
vt 0.031514 0.118289
vt 0.031102 0.115726
vt 0.030817 0.114909
vt 0.030657 0.114078
vt 0.030621 0.113245
vt 0.030707 0.112419
vt 0.030923 0.111608
vt 0.031278 0.110822
vt 0.031779 0.110068
vt 0.032434 0.109355
vt 0.033278 0.108712
vt 0.034343 0.108166
vt 0.035662 0.107746
vt 0.037269 0.107480
vt 0.039092 0.107334
vt 0.041059 0.107272
vt 0.043098 0.107264
vt 0.045137 0.107272
vt 0.047104 0.107334
vt 0.048927 0.107480
vt 0.050534 0.107746
vt 0.051854 0.108166
vt 0.052918 0.108712
vt 0.053762 0.109355
vt 0.054418 0.110068
vt 0.054919 0.110822
vt 0.055273 0.111608
vt 0.055489 0.112419
vt 0.055575 0.113245
vt 0.055539 0.114078
vt 0.055379 0.114909
vt 0.055094 0.115726
vt 0.054682 0.116521
vt 0.054143 0.117283
vt 0.053413 0.117976
vt 0.052430 0.118565
vt 0.051131 0.119014
vt 0.049454 0.119287
vt 0.047493 0.119427
vt 0.045343 0.119476
vt 0.043098 0.119479
vt 0.040854 0.119476
vt 0.038704 0.119427
vt 0.036743 0.119287
vt 0.035066 0.119014
vt 0.033767 0.118565
vt 0.032783 0.117976
vt 0.032053 0.117283
vt 0.031514 0.116521
vt 0.067623 0.186834
vt 0.032734 0.186984
vt 0.032734 0.184922
vt 0.031556 0.185199
vt 0.030693 0.185953
vt 0.030377 0.186984
vt 0.030693 0.188015
vt 0.031556 0.188769
vt 0.032734 0.189045
vt 0.033913 0.188769
vt 0.034775 0.188015
vt 0.035091 0.186984
vt 0.034775 0.185953
vt 0.033913 0.185199
vt 0.032006 0.185449
vt 0.032734 0.185278
vt 0.032734 0.186552
vt 0.031472 0.185915
vt 0.031277 0.186552
vt 0.031472 0.187190
vt 0.032006 0.187656
vt 0.032734 0.187826
vt 0.033463 0.187656
vt 0.033996 0.187190
vt 0.034191 0.186552
vt 0.033996 0.185915
vt 0.033463 0.185449
vt 0.032734 0.184518
vt 0.031556 0.184794
vt 0.040255 0.181415
vt 0.039442 0.180704
vt 0.030693 0.185549
vt 0.030377 0.186580
vt 0.030693 0.187610
vt 0.039442 0.180324
vt 0.033913 0.184794
vt 0.031556 0.188365
vt 0.032734 0.188641
vt 0.033913 0.188365
vt 0.040255 0.181034
vt 0.034775 0.185549
vt 0.034775 0.187610
vt 0.035091 0.186580
vt 0.026026 0.180704
vt 0.026026 0.180324
vt 0.025213 0.181034
vt 0.025213 0.181415
vt 0.025213 0.193149
vt 0.025213 0.192769
vt 0.026026 0.193479
vt 0.026026 0.193860
vt 0.039442 0.193860
vt 0.039442 0.193479
vt 0.040255 0.192769
vt 0.040255 0.193149

vn 0.736711 0.625216 -0.257609
vn 0.711578 0.612349 -0.344508
vn 0.764849 0.544172 -0.344794
vn 0.789861 0.556901 -0.256868
vn 0.807081 0.565319 -0.170395
vn 0.853413 0.492754 -0.169942
vn 0.862889 0.498239 -0.084740
vn 0.817194 0.570042 -0.085118
vn 0.764859 0.638426 -0.086038
vn 0.768408 0.639960 -0.000001
vn 0.708780 0.705429 0.000000
vn 0.705112 0.703700 -0.087312
vn 0.694462 0.698404 -0.173070
vn 0.626650 0.759508 -0.174517
vn 0.610357 0.748828 -0.258305
vn 0.677122 0.689084 -0.258205
vn 0.826764 -0.073324 -0.557750
vn 0.776095 -0.098334 -0.622902
vn 0.784990 -0.165916 -0.596878
vn 0.826460 -0.149558 -0.542768
vn 0.867186 -0.143381 -0.476897
vn 0.850929 -0.227948 -0.473243
vn 0.882853 -0.236440 -0.405791
vn 0.902074 -0.142053 -0.407533
vn 0.909774 -0.048901 -0.412213
vn 0.940965 -0.042385 -0.335839
vn 0.939516 0.052517 -0.338454
vn 0.907391 0.040866 -0.418296
vn 0.867251 0.024707 -0.497258
vn 0.855292 0.105938 -0.507201
vn 0.804541 0.078602 -0.588672
vn 0.818836 0.002149 -0.574023
vn 0.965555 -0.037596 -0.257467
vn 0.931783 -0.141728 -0.334207
vn 0.955920 -0.141744 -0.257150
vn 0.973827 -0.141929 -0.177533
vn 0.950560 -0.254602 -0.177801
vn 0.961740 -0.257682 -0.093038
vn 0.985526 -0.141931 -0.092700
vn 0.995289 -0.031507 -0.091685
vn 0.999534 -0.030538 -0.000000
vn 0.997286 0.073624 -0.000001
vn 0.993304 0.071989 -0.090364
vn 0.982115 0.067602 -0.175727
vn 0.971087 0.162894 -0.174515
vn 0.953676 0.154174 -0.258325
vn 0.964222 0.061125 -0.257951
vn 0.636826 -0.727229 -0.256107
vn 0.624919 -0.701282 -0.343046
vn 0.574450 -0.744053 -0.341163
vn 0.584897 -0.770776 -0.252587
vn 0.590328 -0.789801 -0.166515
vn 0.539878 -0.826213 -0.160946
vn 0.540383 -0.837715 -0.078860
vn 0.592469 -0.801351 -0.082565
vn 0.647738 -0.757082 -0.085218
vn 0.648857 -0.760910 0.000002
vn 0.707409 -0.706805 0.000002
vn 0.705789 -0.703042 -0.087144
vn 0.700757 -0.692125 -0.172926
vn 0.759520 -0.626615 -0.174592
vn 0.748819 -0.610361 -0.258319
vn 0.691764 -0.674499 -0.257902
vn 0.952038 0.252294 -0.173125
vn 0.981657 0.168683 -0.088858
vn 0.961954 0.258882 -0.087319
vn 0.935336 0.343147 -0.086003
vn 0.938432 0.345464 0.000000
vn 0.905288 0.424798 0.000001
vn 0.902288 0.422658 -0.085070
vn 0.893131 0.416238 -0.170479
vn 0.837054 0.483238 -0.256557
vn 0.877231 0.405547 -0.256899
vn 0.909808 0.325410 -0.257599
vn 0.886133 0.310069 -0.344421
vn 0.911160 0.227831 -0.343337
vn 0.935306 0.241929 -0.258211
vn 0.691879 -0.244523 -0.679347
vn 0.721340 -0.302904 -0.622831
vn 0.762841 -0.248843 -0.596784
vn 0.741458 -0.198633 -0.640926
vn 0.721479 -0.134149 -0.679318
vn 0.762585 -0.028255 -0.646271
vn 0.700876 -0.065888 -0.710233
vn 0.636657 -0.108426 -0.763486
vn 0.607159 -0.037360 -0.793702
vn 0.536651 -0.081067 -0.839901
vn 0.571411 -0.153133 -0.806250
vn 0.605550 -0.224451 -0.763499
vn 0.544503 -0.271221 -0.793697
vn 0.583765 -0.342689 -0.736059
vn 0.639885 -0.293365 -0.710271
vn 0.549636 0.816711 -0.175736
vn 0.636952 0.765773 -0.088786
vn 0.559030 0.824218 -0.090279
vn 0.470314 0.877731 -0.091616
vn 0.473264 0.880920 -0.000001
vn 0.372105 0.928191 -0.000001
vn 0.369894 0.924446 -0.092617
vn 0.363992 0.914325 -0.177537
vn 0.254691 0.950525 -0.177862
vn 0.250141 0.933445 -0.257120
vn 0.355122 0.898746 -0.257184
vn 0.450194 0.855006 -0.257470
vn 0.433758 0.836066 -0.335928
vn 0.515252 0.787332 -0.338563
vn 0.535119 0.804435 -0.257939
vn 0.853767 0.289949 -0.432448
vn 0.853724 0.390312 -0.344690
vn 0.821335 0.369912 -0.434252
vn 0.778600 0.343741 -0.524999
vn 0.736380 0.425178 -0.526278
vn 0.681018 0.393160 -0.617770
vn 0.724012 0.311078 -0.615660
vn 0.757657 0.232416 -0.609868
vn 0.691529 0.193875 -0.695845
vn 0.720341 0.119030 -0.683331
vn 0.784079 0.155742 -0.600804
vn 0.836622 0.185741 -0.515329
vn 0.896633 0.126835 -0.424219
vn 0.878641 0.209475 -0.429080
vn 0.370298 -0.284294 -0.884339
vn 0.324081 -0.209905 -0.922449
vn 0.250613 -0.251155 -0.934941
vn 0.299127 -0.324984 -0.897167
vn 0.349987 -0.399126 -0.847472
vn 0.276971 -0.437455 -0.855524
vn 0.333696 -0.510131 -0.792725
vn 0.402096 -0.473031 -0.783939
vn 0.464898 -0.433338 -0.772068
vn 0.510890 -0.505681 -0.695182
vn 0.566538 -0.461145 -0.682920
vn 0.524708 -0.390166 -0.756606
vn 0.481615 -0.316554 -0.817215
vn 0.505302 -0.198139 -0.839887
vn 0.438474 -0.242100 -0.865522
vn 0.286627 0.368446 -0.884360
vn 0.211042 0.323366 -0.922440
vn 0.254153 0.249253 -0.934494
vn 0.330925 0.295281 -0.896269
vn 0.408852 0.341813 -0.846170
vn 0.455777 0.263085 -0.850326
vn 0.535042 0.308853 -0.786346
vn 0.486880 0.388031 -0.782547
vn 0.439371 0.458682 -0.772376
vn 0.513677 0.501961 -0.695824
vn 0.463198 0.564375 -0.683322
vn 0.391687 0.523142 -0.756904
vn 0.317530 0.480649 -0.817405
vn 0.271255 0.544494 -0.793692
vn 0.198143 0.505277 -0.839901
vn 0.242635 0.437955 -0.865635
vn -0.368439 0.286646 -0.884356
vn -0.323374 0.211055 -0.922434
vn -0.249254 0.254173 -0.934488
vn -0.295287 0.330939 -0.896262
vn -0.341814 0.408860 -0.846166
vn -0.263131 0.455761 -0.850320
vn -0.308910 0.535037 -0.786327
vn -0.388014 0.486901 -0.782542
vn -0.458641 0.439396 -0.772386
vn -0.501933 0.513712 -0.695819
vn -0.564393 0.463213 -0.683297
vn -0.523151 0.391674 -0.756905
vn -0.480664 0.317510 -0.817404
vn -0.544497 0.271217 -0.793703
vn -0.505298 0.198141 -0.839889
vn -0.437986 0.242626 -0.865622
vn -0.323581 -0.346759 -0.880371
vn -0.305906 -0.291778 -0.906249
vn -0.234861 -0.351173 -0.906376
vn -0.261637 -0.403542 -0.876755
vn -0.254150 -0.414513 -0.873834
vn -0.204922 -0.466082 -0.860682
vn -0.168906 -0.453359 -0.875178
vn -0.216955 -0.398995 -0.890917
vn -0.266202 -0.338697 -0.902453
vn -0.201494 -0.303985 -0.931125
vn -0.249159 -0.236097 -0.939243
vn -0.316498 -0.272921 -0.908484
vn -0.365146 -0.293805 -0.883373
vn -0.424062 -0.224220 -0.877438
vn -0.474198 -0.217102 -0.853231
vn -0.394805 -0.286321 -0.873011
vn 0.575023 0.034664 -0.817402
vn 0.676908 0.004882 -0.736051
vn 0.648888 0.077682 -0.756908
vn 0.616882 0.151225 -0.772391
vn 0.656227 0.271427 -0.704055
vn 0.579486 0.227569 -0.782565
vn 0.500472 0.183140 -0.846160
vn 0.376558 0.217376 -0.900529
vn 0.421215 0.138942 -0.896255
vn 0.462384 0.064034 -0.884365
vn 0.385552 0.021080 -0.922445
vn 0.426499 -0.052020 -0.902991
vn 0.500589 -0.008866 -0.865640
vn 0.309655 -0.021058 -0.950616
vn 0.342948 0.095459 -0.934491
vn 0.266103 0.052808 -0.962497
vn 0.190634 0.010768 -0.981602
vn 0.147224 0.084994 -0.985445
vn 0.073385 0.042369 -0.996403
vn 0.116220 -0.031091 -0.992737
vn 0.159748 -0.104301 -0.981632
vn 0.085000 -0.146534 -0.985547
vn 0.128656 -0.219719 -0.967043
vn 0.204367 -0.177632 -0.962643
vn 0.278898 -0.136106 -0.950627
vn 0.395614 -0.167938 -0.902932
vn 0.352782 -0.094383 -0.930933
vn 0.244556 0.691915 -0.679298
vn 0.302804 0.721281 -0.622947
vn 0.248802 0.762776 -0.596884
vn 0.198677 0.741405 -0.640973
vn 0.134198 0.721485 -0.679301
vn 0.098400 0.776079 -0.622912
vn 0.028265 0.762581 -0.646275
vn 0.065926 0.700892 -0.710214
vn 0.108434 0.636686 -0.763461
vn 0.037339 0.607164 -0.793699
vn 0.081043 0.536658 -0.839899
vn 0.153114 0.571437 -0.806235
vn 0.224448 0.605619 -0.763445
vn 0.342701 0.583789 -0.736034
vn 0.293358 0.639974 -0.710193
vn -0.034707 0.575010 -0.817410
vn -0.004899 0.676909 -0.736050
vn -0.077667 0.648864 -0.756930
vn -0.151170 0.616874 -0.772407
vn -0.193887 0.691530 -0.695840
vn -0.271471 0.656205 -0.704058
vn -0.227614 0.579480 -0.782557
vn -0.183134 0.500464 -0.846166
vn -0.217397 0.376552 -0.900526
vn -0.138924 0.421219 -0.896256
vn -0.064028 0.462400 -0.884356
vn -0.021086 0.385563 -0.922441
vn 0.052027 0.426500 -0.902990
vn 0.008828 0.500592 -0.865639
vn -0.816709 0.549652 -0.175696
vn -0.759542 0.626616 -0.174498
vn -0.765806 0.636903 -0.088864
vn -0.824206 0.559034 -0.090367
vn -0.877733 0.470294 -0.091696
vn -0.880929 0.473248 -0.000000
vn -0.928193 0.372098 0.000001
vn -0.924436 0.369904 -0.092679
vn -0.914340 0.364006 -0.177431
vn -0.950517 0.254726 -0.177853
vn -0.933474 0.250085 -0.257067
vn -0.898787 0.355086 -0.257089
vn -0.854969 0.450307 -0.257395
vn -0.835999 0.433836 -0.335994
vn -0.787319 0.515284 -0.338543
vn -0.804421 0.535143 -0.257933
vn -0.289968 0.853739 -0.432490
vn -0.310064 0.886117 -0.344467
vn -0.390337 0.853682 -0.344766
vn -0.369930 0.821308 -0.434286
vn -0.343740 0.778622 -0.524968
vn -0.425164 0.736410 -0.526247
vn -0.393171 0.680975 -0.617810
vn -0.311070 0.724020 -0.615655
vn -0.232448 0.757693 -0.609810
vn -0.118969 0.720357 -0.683324
vn -0.155731 0.784119 -0.600755
vn -0.185728 0.836622 -0.515334
vn -0.105941 0.855314 -0.507163
vn -0.126784 0.896620 -0.424261
vn -0.209425 0.878625 -0.429139
vn 0.021097 0.309624 -0.950625
vn -0.095455 0.342950 -0.934491
vn -0.052805 0.266095 -0.962499
vn -0.010747 0.190635 -0.981602
vn -0.084995 0.147223 -0.985445
vn -0.042368 0.073380 -0.996404
vn 0.031143 0.116221 -0.992735
vn 0.104614 0.159715 -0.981604
vn 0.222141 0.128246 -0.966543
vn 0.178780 0.204037 -0.962500
vn 0.136539 0.278693 -0.950625
vn 0.168195 0.395385 -0.902985
vn 0.094506 0.352705 -0.930950
vn -0.691809 0.244883 -0.679288
vn -0.721341 0.302897 -0.622833
vn -0.762837 0.248833 -0.596793
vn -0.741364 0.199718 -0.640697
vn -0.720667 0.138457 -0.679314
vn -0.774470 0.107609 -0.623391
vn -0.758264 0.047482 -0.650216
vn -0.698118 0.075239 -0.712019
vn -0.635128 0.111909 -0.764257
vn -0.603761 0.043405 -0.795983
vn -0.535620 0.082370 -0.840432
vn -0.570970 0.153850 -0.806426
vn -0.605425 0.224717 -0.763520
vn -0.583761 0.342690 -0.736062
vn -0.639870 0.293411 -0.710265
vn 0.816723 -0.549608 -0.175768
vn 0.765823 -0.636895 -0.088773
vn 0.824231 -0.559012 -0.090275
vn 0.877699 -0.470374 -0.091611
vn 0.880890 -0.473321 -0.000003
vn 0.928226 -0.372017 0.000000
vn 0.924479 -0.369820 -0.092586
vn 0.914331 -0.363989 -0.177515
vn 0.933473 -0.250044 -0.257113
vn 0.898735 -0.355155 -0.257179
vn 0.854978 -0.450264 -0.257438
vn 0.836032 -0.433806 -0.335951
vn 0.787330 -0.515260 -0.338552
vn 0.804437 -0.535116 -0.257937
vn 0.430212 -0.793990 -0.429531
vn 0.454431 -0.828237 -0.327898
vn 0.485555 -0.808468 -0.332590
vn 0.465349 -0.773836 -0.429683
vn 0.432872 -0.730390 -0.528349
vn 0.480754 -0.701527 -0.526056
vn 0.441635 -0.647612 -0.620932
vn 0.387276 -0.676826 -0.626038
vn 0.337988 -0.697408 -0.631970
vn 0.272227 -0.632731 -0.724944
vn 0.214907 -0.648605 -0.730155
vn 0.288831 -0.712559 -0.639403
vn 0.351815 -0.765659 -0.538509
vn 0.309060 -0.777025 -0.548374
vn 0.370847 -0.818161 -0.439415
vn 0.399669 -0.808316 -0.432307
vn -0.568769 -0.024348 -0.822137
vn -0.670823 0.010848 -0.741538
vn -0.638125 -0.051233 -0.768226
vn -0.599139 -0.104791 -0.793758
vn -0.671222 -0.107877 -0.733365
vn -0.623460 -0.133192 -0.770427
vn -0.546313 -0.153901 -0.823321
vn -0.480570 -0.153496 -0.863418
vn -0.367160 -0.201937 -0.907973
vn -0.415547 -0.129499 -0.900306
vn -0.459215 -0.058973 -0.886366
vn -0.385576 -0.019643 -0.922467
vn -0.426549 0.052325 -0.902950
vn -0.498743 0.011286 -0.866677
vn -0.309541 0.022100 -0.950629
vn -0.342476 -0.091626 -0.935048
vn -0.265390 -0.050124 -0.962837
vn -0.190031 -0.009485 -0.981732
vn -0.145625 -0.082363 -0.985906
vn -0.072839 -0.041713 -0.996471
vn -0.116001 0.031447 -0.992751
vn -0.159641 0.104721 -0.981605
vn -0.128237 0.222143 -0.966544
vn -0.204017 0.178809 -0.962499
vn -0.278693 0.136630 -0.950612
vn -0.395415 0.168187 -0.902973
vn -0.352735 0.094697 -0.930919
vn 0.160692 -0.795650 -0.584055
vn 0.153793 -0.785959 -0.598845
vn 0.194796 -0.854253 -0.481982
vn 0.222403 -0.852503 -0.473049
vn 0.274271 -0.842951 -0.462828
vn 0.329859 -0.880902 -0.339418
vn 0.385226 -0.861043 -0.331973
vn 0.330879 -0.829074 -0.450727
vn 0.255826 -0.787761 -0.560344
vn 0.233032 -0.725335 -0.647753
vn 0.169437 -0.736290 -0.655109
vn 0.114099 -0.740766 -0.662003
vn 0.031762 -0.680129 -0.732404
vn 0.019697 -0.668977 -0.743022
vn 0.089983 -0.733333 -0.673888
vn -0.797873 -0.081432 -0.597300
vn -0.780785 -0.003123 -0.624792
vn -0.674414 -0.040382 -0.737248
vn -0.710316 -0.101314 -0.696554
vn -0.743752 -0.101897 -0.660643
vn -0.706158 -0.067246 -0.704854
vn -0.772211 -0.074512 -0.630982
vn -0.834221 -0.080478 -0.545526
vn -0.851142 -0.038712 -0.523506
vn -0.898054 -0.050393 -0.436990
vn -0.887666 -0.093832 -0.450828
vn -0.878733 -0.112679 -0.463822
vn -0.924332 -0.149442 -0.351108
vn -0.925825 -0.146342 -0.348471
vn -0.874162 -0.097162 -0.475815
vn 0.447318 -0.883767 -0.137343
vn 0.439682 -0.888574 -0.130824
vn 0.437510 -0.897351 -0.057838
vn 0.444616 -0.893520 -0.062765
vn 0.465099 -0.882609 -0.068442
vn 0.463558 -0.886066 0.000000
vn 0.495643 -0.868526 -0.000001
vn 0.496552 -0.864842 -0.074054
vn 0.497597 -0.853698 -0.153615
vn 0.536202 -0.807111 -0.247102
vn 0.495260 -0.834999 -0.239779
vn 0.465473 -0.854163 -0.231821
vn 0.430552 -0.841952 -0.325181
vn 0.444883 -0.866915 -0.224805
vn -0.824295 0.088693 -0.559170
vn -0.784620 0.168352 -0.596682
vn -0.825671 0.153677 -0.542818
vn -0.866145 0.148868 -0.477106
vn -0.850940 0.228003 -0.473198
vn -0.882829 0.236532 -0.405791
vn -0.900907 0.148517 -0.407811
vn -0.907310 0.072942 -0.414086
vn -0.939127 0.067631 -0.336849
vn -0.940013 -0.002788 -0.341128
vn -0.905591 0.007619 -0.424083
vn -0.863499 0.017173 -0.504058
vn -0.796147 -0.027792 -0.604464
vn -0.813918 0.029175 -0.580247
vn -0.964306 0.062074 -0.257411
vn -0.930646 0.148760 -0.334318
vn -0.954867 0.148780 -0.257088
vn -0.972865 0.148500 -0.177428
vn -0.961718 0.257763 -0.093039
vn -0.984644 0.148043 -0.092516
vn -0.994444 0.052653 -0.091152
vn -0.998699 0.050993 0.000000
vn -0.999275 -0.038061 0.000003
vn -0.995439 -0.034706 -0.088867
vn -0.984377 -0.026070 -0.174134
vn -0.979501 -0.107349 -0.170450
vn -0.962571 -0.087432 -0.256541
vn -0.966156 -0.014651 -0.257542
vn 0.073915 -0.516241 -0.853248
vn 0.003669 -0.538352 -0.842712
vn 0.071418 -0.598701 -0.797783
vn 0.140333 -0.580647 -0.801970
vn 0.202728 -0.562841 -0.801319
vn 0.329184 -0.611896 -0.719181
vn 0.265483 -0.540712 -0.798216
vn 0.204768 -0.470133 -0.858513
vn 0.223523 -0.364846 -0.903839
vn 0.149634 -0.400269 -0.904099
vn 0.082176 -0.429042 -0.899539
vn 0.032459 -0.363628 -0.930979
vn -0.034548 -0.393887 -0.918509
vn 0.016144 -0.454550 -0.890575
vn -0.013110 -0.296591 -0.954915
vn 0.100472 -0.330684 -0.938378
vn 0.055512 -0.260063 -0.963995
vn 0.012430 -0.187867 -0.982116
vn 0.042347 -0.073278 -0.996412
vn -0.030096 -0.114928 -0.992918
vn -0.101312 -0.155093 -0.982691
vn -0.219925 -0.122686 -0.967771
vn -0.173735 -0.194677 -0.965359
vn -0.127657 -0.264435 -0.955917
vn -0.153786 -0.367341 -0.917284
vn -0.081512 -0.331162 -0.940047
vn 0.822609 -0.309453 -0.477025
vn 0.815307 -0.218519 -0.536213
vn 0.790496 -0.283781 -0.542756
vn 0.752704 -0.349828 -0.557725
vn 0.674538 -0.356849 -0.646265
vn 0.708067 -0.411232 -0.574047
vn 0.738797 -0.455000 -0.497146
vn 0.687733 -0.519449 -0.507146
vn 0.713111 -0.558122 -0.424232
vn 0.765405 -0.489056 -0.418306
vn 0.812263 -0.412637 -0.412261
vn 0.877816 -0.343124 -0.334222
vn 0.852209 -0.328078 -0.407559
vn 0.634532 -0.576354 -0.514962
vn 0.657415 -0.470348 -0.588709
vn 0.603792 -0.524441 -0.600330
vn 0.551130 -0.570528 -0.608895
vn 0.453190 -0.545677 -0.704880
vn 0.497669 -0.611159 -0.615475
vn 0.532131 -0.665306 -0.523646
vn 0.508681 -0.745299 -0.431014
vn 0.557321 -0.709167 -0.431829
vn 0.607269 -0.667242 -0.431292
vn 0.678132 -0.650000 -0.342981
vn 0.659197 -0.617725 -0.428806
vn -0.102418 -0.551464 -0.827887
vn -0.062808 -0.509887 -0.857945
vn -0.008491 -0.572271 -0.820021
vn -0.044500 -0.607287 -0.793235
vn -0.040620 -0.620156 -0.783426
vn 0.081911 -0.676244 -0.732110
vn 0.003368 -0.614772 -0.788698
vn -0.062505 -0.558064 -0.827440
vn -0.054545 -0.481299 -0.874858
vn -0.118885 -0.504941 -0.854928
vn -0.155933 -0.514685 -0.843080
vn -0.207508 -0.453668 -0.866675
vn -0.156255 -0.500868 -0.851302
vn 0.358297 -0.907076 -0.220991
vn 0.264951 -0.900702 -0.344292
vn 0.282944 -0.933504 -0.220257
vn 0.283158 -0.951256 -0.122206
vn 0.216117 -0.969348 -0.116865
vn 0.207995 -0.977041 -0.046149
vn 0.277197 -0.959525 -0.049740
vn 0.362512 -0.930508 -0.052337
vn 0.360105 -0.932912 -0.000000
vn 0.418797 -0.908080 -0.000001
vn 0.420665 -0.905579 -0.054465
vn 0.422071 -0.897612 -0.127076
vn 0.434539 -0.873302 -0.220273
vn 0.413862 -0.883465 -0.219564
vn -0.954014 -0.261774 -0.146054
vn -0.965433 -0.222746 -0.135361
vn -0.961912 -0.154877 -0.225253
vn -0.949070 -0.208460 -0.236243
vn -0.949155 -0.196203 -0.246189
vn -0.928989 -0.119228 -0.350377
vn -0.955479 -0.151686 -0.253082
vn -0.969451 -0.182042 -0.164394
vn -0.988838 -0.122002 -0.085524
vn -0.975717 -0.203499 -0.081018
vn -0.961162 -0.265430 -0.075590
vn -0.961381 -0.275222 0.000001
vn -0.951213 -0.308535 0.000001
vn -0.952488 -0.296520 -0.069586
vn -0.631650 0.579153 -0.515365
vn -0.687767 0.519358 -0.507191
vn -0.657443 0.470341 -0.588683
vn -0.601194 0.526914 -0.600772
vn -0.539946 0.580141 -0.609831
vn -0.432548 0.563219 -0.704050
vn -0.471476 0.631395 -0.615671
vn -0.502422 0.687001 -0.524979
vn -0.450259 0.779860 -0.434840
vn -0.526321 0.731036 -0.434250
vn -0.594390 0.678010 -0.432438
vn -0.612358 0.711585 -0.344478
vn -0.675199 0.652853 -0.343349
vn -0.656202 0.620717 -0.429080
vn -0.625236 0.736690 -0.257619
vn -0.544154 0.764880 -0.344752
vn -0.556862 0.789882 -0.256887
vn -0.565300 0.807085 -0.170437
vn -0.492712 0.853429 -0.169981
vn -0.498203 0.862914 -0.084694
vn -0.570050 0.817197 -0.085036
vn -0.638443 0.764849 -0.086001
vn -0.639953 0.768414 -0.000001
vn -0.705397 0.708813 -0.000001
vn -0.703690 0.705119 -0.087342
vn -0.698418 0.694447 -0.173078
vn -0.748849 0.610329 -0.258309
vn -0.689101 0.677107 -0.258195
vn 0.073386 0.826763 -0.557743
vn 0.165930 0.784982 -0.596884
vn 0.149563 0.826455 -0.542774
vn 0.143367 0.867162 -0.476945
vn 0.227998 0.850909 -0.473256
vn 0.236553 0.882840 -0.405753
vn 0.142029 0.902076 -0.407537
vn 0.048839 0.909758 -0.412255
vn 0.042367 0.940938 -0.335918
vn -0.052547 0.939491 -0.338519
vn -0.040850 0.907373 -0.418335
vn -0.024718 0.867295 -0.497181
vn -0.078597 0.804543 -0.588670
vn -0.002164 0.818829 -0.574033
vn 0.037579 0.965562 -0.257443
vn 0.141786 0.931772 -0.334213
vn 0.141819 0.955906 -0.257159
vn 0.141921 0.973830 -0.177523
vn 0.257683 0.961742 -0.093018
vn 0.141890 0.985539 -0.092626
vn 0.031552 0.995293 -0.091636
vn 0.030589 0.999532 -0.000000
vn -0.073713 0.997279 -0.000000
vn -0.072053 0.993305 -0.090296
vn -0.067642 0.982109 -0.175744
vn -0.162911 0.971082 -0.174528
vn -0.154155 0.953688 -0.258293
vn -0.061189 0.964223 -0.257933
vn -0.252213 0.952061 -0.173112
vn -0.168685 0.981662 -0.088796
vn -0.258805 0.961976 -0.087301
vn -0.343191 0.935321 -0.085995
vn -0.345504 0.938417 0.000001
vn -0.424852 0.905263 0.000001
vn -0.422711 0.902263 -0.085065
vn -0.416332 0.893093 -0.170449
vn -0.483287 0.837041 -0.256508
vn -0.405643 0.877205 -0.256837
vn -0.325390 0.909816 -0.257599
vn -0.227805 0.911161 -0.343352
vn -0.241874 0.935326 -0.258190
vn -0.822650 0.309478 -0.476939
vn -0.815306 0.218511 -0.536218
vn -0.790494 0.283778 -0.542761
vn -0.752696 0.349881 -0.557703
vn -0.674531 0.356895 -0.646246
vn -0.708047 0.411330 -0.574001
vn -0.738756 0.455026 -0.497184
vn -0.713155 0.558095 -0.424193
vn -0.765401 0.489068 -0.418298
vn -0.812265 0.412631 -0.412263
vn -0.877821 0.343071 -0.334265
vn -0.852213 0.328081 -0.407548
vn 0.309409 0.822659 -0.476967
vn 0.218487 0.815313 -0.536217
vn 0.283687 0.790506 -0.542791
vn 0.349807 0.752679 -0.557771
vn 0.356791 0.674528 -0.646307
vn 0.411328 0.708014 -0.574043
vn 0.455109 0.738720 -0.497160
vn 0.519399 0.687766 -0.507152
vn 0.558104 0.713099 -0.424276
vn 0.489071 0.765367 -0.418357
vn 0.412629 0.812277 -0.412241
vn 0.343114 0.877833 -0.334187
vn 0.328060 0.852241 -0.407507
vn 0.579148 0.631703 -0.515305
vn 0.470338 0.657470 -0.588655
vn 0.526908 0.601221 -0.600751
vn 0.580162 0.539950 -0.609809
vn 0.563212 0.432583 -0.704034
vn 0.631419 0.471511 -0.615620
vn 0.686992 0.502458 -0.524954
vn 0.779845 0.450302 -0.434821
vn 0.731007 0.526351 -0.434263
vn 0.678002 0.594374 -0.432472
vn 0.652843 0.675187 -0.343394
vn 0.620674 0.656212 -0.429128
vn 0.807081 0.565318 0.170397
vn 0.853413 0.492754 0.169944
vn 0.837055 0.483238 0.256554
vn 0.789862 0.556901 0.256866
vn 0.736711 0.625216 0.257609
vn 0.711576 0.612351 0.344509
vn 0.652840 0.675188 0.343396
vn 0.677120 0.689084 0.258207
vn 0.694463 0.698403 0.173074
vn 0.626652 0.759508 0.174517
vn 0.636952 0.765774 0.088786
vn 0.705112 0.703700 0.087314
vn 0.764859 0.638426 0.086039
vn 0.820553 0.571570 -0.000002
vn 0.817194 0.570043 0.085118
vn 0.867185 -0.143384 0.476897
vn 0.850930 -0.227947 0.473243
vn 0.815308 -0.218519 0.536211
vn 0.826462 -0.149565 0.542762
vn 0.826763 -0.073336 0.557750
vn 0.776098 -0.098336 0.622898
vn 0.762581 -0.028252 0.646275
vn 0.818834 0.002147 0.574027
vn 0.867253 0.024705 0.497255
vn 0.855289 0.105943 0.507204
vn 0.896633 0.126839 0.424219
vn 0.907391 0.040864 0.418296
vn 0.909773 -0.048904 0.412215
vn 0.940964 -0.042387 0.335841
vn 0.931782 -0.141728 0.334209
vn 0.902072 -0.142051 0.407539
vn 0.973827 -0.141929 0.177530
vn 0.950561 -0.254602 0.177799
vn 0.933473 -0.250045 0.257110
vn 0.955920 -0.141745 0.257150
vn 0.965556 -0.037596 0.257464
vn 0.939516 0.052518 0.338453
vn 0.964224 0.061127 0.257946
vn 0.982116 0.067602 0.175724
vn 0.971087 0.162894 0.174515
vn 0.981657 0.168683 0.088858
vn 0.993304 0.071989 0.090363
vn 0.995290 -0.031507 0.091683
vn 0.989884 -0.141882 -0.000001
vn 0.985527 -0.141931 0.092698
vn 0.590328 -0.789801 0.166514
vn 0.539879 -0.826213 0.160946
vn 0.536201 -0.807111 0.247102
vn 0.584897 -0.770776 0.252585
vn 0.636826 -0.727230 0.256104
vn 0.624920 -0.701281 0.343045
vn 0.678134 -0.649997 0.342983
vn 0.691765 -0.674498 0.257903
vn 0.700756 -0.692124 0.172929
vn 0.759519 -0.626615 0.174595
vn 0.765823 -0.636895 0.088775
vn 0.705788 -0.703042 0.087149
vn 0.647738 -0.757082 0.085222
vn 0.592931 -0.805253 0.000001
vn 0.592469 -0.801351 0.082566
vn 0.935336 0.343147 0.086002
vn 0.965279 0.261222 -0.000001
vn 0.961954 0.258882 0.087318
vn 0.952037 0.252295 0.173125
vn 0.953676 0.154174 0.258325
vn 0.935306 0.241928 0.258212
vn 0.909809 0.325410 0.257598
vn 0.886133 0.310067 0.344421
vn 0.853725 0.390313 0.344686
vn 0.877232 0.405548 0.256896
vn 0.893131 0.416239 0.170478
vn 0.862888 0.498239 0.084740
vn 0.902288 0.422658 0.085070
vn 0.721486 -0.134146 0.679311
vn 0.784998 -0.165923 0.596865
vn 0.741471 -0.198636 0.640910
vn 0.691884 -0.244529 0.679340
vn 0.721343 -0.302903 0.622827
vn 0.674533 -0.356849 0.646270
vn 0.639883 -0.293375 0.710268
vn 0.605549 -0.224455 0.763499
vn 0.544500 -0.271232 0.793696
vn 0.505299 -0.198144 0.839888
vn 0.571410 -0.153133 0.806251
vn 0.636660 -0.108421 0.763485
vn 0.607162 -0.037349 0.793700
vn 0.676909 0.004887 0.736051
vn 0.700880 -0.065878 0.710231
vn 0.470312 0.877732 0.091615
vn 0.562453 0.826829 -0.000001
vn 0.559030 0.824218 0.090277
vn 0.549636 0.816711 0.175734
vn 0.610358 0.748826 0.258306
vn 0.535122 0.804433 0.257938
vn 0.450193 0.855007 0.257469
vn 0.433757 0.836066 0.335929
vn 0.343117 0.877833 0.334186
vn 0.355121 0.898746 0.257185
vn 0.363990 0.914326 0.177538
vn 0.254690 0.950525 0.177862
vn 0.257683 0.961742 0.093017
vn 0.369894 0.924446 0.092616
vn 0.778598 0.343740 0.525003
vn 0.736379 0.425177 0.526280
vn 0.779845 0.450302 0.434820
vn 0.821334 0.369912 0.434252
vn 0.853769 0.289945 0.432448
vn 0.911160 0.227827 0.343340
vn 0.878642 0.209474 0.429079
vn 0.836622 0.185741 0.515330
vn 0.804538 0.078606 0.588675
vn 0.784077 0.155740 0.600806
vn 0.757654 0.232415 0.609872
vn 0.691533 0.193877 0.695840
vn 0.656227 0.271432 0.704053
vn 0.724009 0.311076 0.615664
vn 0.349982 -0.399125 0.847474
vn 0.276970 -0.437454 0.855524
vn 0.223522 -0.364845 0.903839
vn 0.299127 -0.324984 0.897167
vn 0.370297 -0.284299 0.884338
vn 0.324079 -0.209910 0.922448
vn 0.395607 -0.167943 0.902934
vn 0.438471 -0.242110 0.865520
vn 0.481614 -0.316560 0.817213
vn 0.583765 -0.342694 0.736057
vn 0.524709 -0.390161 0.756607
vn 0.464898 -0.433332 0.772071
vn 0.510893 -0.505686 0.695177
vn 0.453189 -0.545681 0.704877
vn 0.402090 -0.473035 0.783940
vn 0.408853 0.341808 0.846171
vn 0.455779 0.263085 0.850325
vn 0.376558 0.217376 0.900528
vn 0.330926 0.295281 0.896268
vn 0.286632 0.368444 0.884359
vn 0.211047 0.323359 0.922442
vn 0.168198 0.395377 0.902988
vn 0.242645 0.437952 0.865634
vn 0.317537 0.480648 0.817403
vn 0.271266 0.544491 0.793690
vn 0.342706 0.583787 0.736033
vn 0.391682 0.523144 0.756905
vn 0.439367 0.458685 0.772376
vn 0.513679 0.501964 0.695820
vn 0.563216 0.432579 0.704033
vn 0.486885 0.388025 0.782547
vn -0.341810 0.408860 0.846168
vn -0.263131 0.455760 0.850320
vn -0.217397 0.376551 0.900527
vn -0.295287 0.330939 0.896262
vn -0.368438 0.286652 0.884355
vn -0.323366 0.211060 0.922436
vn -0.395408 0.168192 0.902975
vn -0.437982 0.242636 0.865621
vn -0.480661 0.317515 0.817404
vn -0.544493 0.271228 0.793702
vn -0.583759 0.342695 0.736061
vn -0.523152 0.391669 0.756907
vn -0.458644 0.439391 0.772387
vn -0.501936 0.513716 0.695813
vn -0.432547 0.563223 0.704048
vn -0.388008 0.486906 0.782542
vn -0.254143 -0.414508 0.873839
vn -0.204912 -0.466090 0.860681
vn -0.207500 -0.453681 0.866670
vn -0.261638 -0.403544 0.876754
vn -0.323584 -0.346761 0.880369
vn -0.305908 -0.291779 0.906248
vn -0.392691 -0.227760 0.891021
vn -0.394806 -0.286315 0.873013
vn -0.365153 -0.293799 0.883372
vn -0.424064 -0.224220 0.877437
vn -0.367161 -0.201942 0.907971
vn -0.316492 -0.272917 0.908487
vn -0.266190 -0.338694 0.902457
vn -0.201500 -0.303983 0.931124
vn -0.153799 -0.367339 0.917283
vn -0.216954 -0.398989 0.890920
vn 0.616881 0.151220 0.772392
vn 0.720346 0.119028 0.683326
vn 0.648887 0.077676 0.756909
vn 0.575027 0.034669 0.817399
vn 0.536654 -0.081061 0.839900
vn 0.500594 -0.008855 0.865637
vn 0.462383 0.064038 0.884365
vn 0.385551 0.021084 0.922446
vn 0.342953 0.095461 0.934489
vn 0.421212 0.138941 0.896257
vn 0.500467 0.183141 0.846163
vn 0.535043 0.308853 0.786345
vn 0.579483 0.227576 0.782565
vn 0.190627 0.010764 0.981604
vn 0.147219 0.084996 0.985445
vn 0.222145 0.128258 0.966541
vn 0.266111 0.052812 0.962495
vn 0.309663 -0.021055 0.950613
vn 0.426495 -0.052013 0.902993
vn 0.352783 -0.094384 0.930933
vn 0.278903 -0.136114 0.950624
vn 0.250617 -0.251162 0.934938
vn 0.204372 -0.177640 0.962640
vn 0.159744 -0.104294 0.981634
vn 0.084996 -0.146527 0.985548
vn 0.042347 -0.073278 0.996412
vn 0.116220 -0.031091 0.992737
vn 0.134195 0.721491 0.679296
vn 0.098401 0.776081 0.622909
vn 0.165933 0.784988 0.596876
vn 0.198680 0.741417 0.640958
vn 0.244561 0.691919 0.679292
vn 0.302804 0.721284 0.622944
vn 0.356794 0.674524 0.646309
vn 0.293368 0.639973 0.710190
vn 0.224453 0.605618 0.763444
vn 0.198149 0.505275 0.839901
vn 0.153114 0.571437 0.806236
vn 0.108429 0.636688 0.763460
vn 0.037328 0.607166 0.793697
vn -0.004904 0.676910 0.736049
vn 0.065916 0.700895 0.710212
vn -0.151164 0.616874 0.772409
vn -0.193890 0.691534 0.695836
vn -0.118967 0.720360 0.683321
vn -0.077661 0.648863 0.756932
vn -0.034713 0.575011 0.817409
vn 0.081037 0.536659 0.839899
vn 0.008817 0.500594 0.865637
vn -0.064033 0.462401 0.884356
vn -0.021091 0.385562 0.922441
vn -0.095459 0.342955 0.934489
vn -0.138924 0.421218 0.896257
vn -0.183136 0.500459 0.846169
vn -0.308909 0.535038 0.786327
vn -0.227621 0.579476 0.782557
vn -0.877733 0.470294 0.091697
vn -0.826830 0.562451 0.000001
vn -0.824206 0.559034 0.090369
vn -0.816709 0.549651 0.175696
vn -0.759541 0.626616 0.174497
vn -0.748850 0.610330 0.258304
vn -0.804422 0.535143 0.257929
vn -0.854969 0.450307 0.257393
vn -0.835999 0.433835 0.335997
vn -0.877821 0.343071 0.334264
vn -0.898788 0.355086 0.257087
vn -0.914340 0.364006 0.177429
vn -0.950518 0.254726 0.177849
vn -0.961718 0.257763 0.093039
vn -0.924436 0.369904 0.092678
vn -0.343740 0.778619 0.524972
vn -0.425162 0.736407 0.526252
vn -0.450256 0.779863 0.434837
vn -0.369932 0.821311 0.434279
vn -0.289967 0.853742 0.432486
vn -0.310069 0.886115 0.344468
vn -0.227802 0.911161 0.343353
vn -0.209423 0.878626 0.429138
vn -0.185727 0.836621 0.515335
vn -0.105947 0.855313 0.507164
vn -0.078600 0.804538 0.588677
vn -0.155731 0.784115 0.600759
vn -0.232449 0.757690 0.609815
vn -0.271476 0.656206 0.704056
vn -0.311070 0.724017 0.615658
vn -0.010742 0.190627 0.981604
vn -0.084996 0.147216 0.985446
vn -0.128249 0.222146 0.966542
vn -0.052809 0.266102 0.962497
vn 0.021092 0.309629 0.950623
vn 0.052019 0.426496 0.902993
vn 0.094506 0.352703 0.930951
vn 0.136551 0.278689 0.950624
vn 0.254153 0.249253 0.934494
vn 0.178787 0.204041 0.962498
vn 0.104614 0.159715 0.981604
vn 0.073385 0.042370 0.996403
vn 0.031143 0.116222 0.992735
vn -0.720670 0.138454 0.679312
vn -0.774476 0.107612 0.623383
vn -0.784624 0.168351 0.596677
vn -0.741376 0.199716 0.640684
vn -0.691812 0.244888 0.679284
vn -0.721346 0.302897 0.622827
vn -0.674527 0.356896 0.646249
vn -0.639867 0.293421 0.710263
vn -0.605426 0.224717 0.763519
vn -0.505296 0.198146 0.839889
vn -0.570980 0.153841 0.806421
vn -0.635128 0.111902 0.764258
vn -0.603768 0.043406 0.795978
vn -0.670818 0.010847 0.741543
vn -0.698114 0.075238 0.712023
vn 0.877699 -0.470374 0.091609
vn 0.826841 -0.562436 -0.000001
vn 0.824231 -0.559012 0.090274
vn 0.816723 -0.549608 0.175769
vn 0.748818 -0.610361 0.258323
vn 0.804437 -0.535117 0.257935
vn 0.854979 -0.450264 0.257435
vn 0.836033 -0.433805 0.335949
vn 0.877818 -0.343125 0.334216
vn 0.898736 -0.355154 0.257177
vn 0.914331 -0.363989 0.177515
vn 0.961740 -0.257682 0.093038
vn 0.924479 -0.369820 0.092586
vn 0.432866 -0.730390 0.528353
vn 0.480753 -0.701524 0.526061
vn 0.508682 -0.745299 0.431013
vn 0.465344 -0.773841 0.429681
vn 0.430207 -0.793995 0.429527
vn 0.454429 -0.828237 0.327899
vn 0.430554 -0.841950 0.325183
vn 0.399671 -0.808315 0.432308
vn 0.351816 -0.765659 0.538509
vn 0.309064 -0.777027 0.548369
vn 0.233038 -0.725341 0.647745
vn 0.288842 -0.712560 0.639397
vn 0.337986 -0.697405 0.631974
vn 0.272240 -0.632735 0.724936
vn 0.329182 -0.611903 0.719176
vn 0.387264 -0.676826 0.626046
vn -0.599136 -0.104781 0.793761
vn -0.671219 -0.107867 0.733369
vn -0.706159 -0.067239 0.704854
vn -0.638120 -0.051236 0.768230
vn -0.568776 -0.024357 0.822132
vn -0.535633 0.082368 0.840424
vn -0.498743 0.011281 0.866677
vn -0.459213 -0.058972 0.886367
vn -0.385562 -0.019641 0.922473
vn -0.342466 -0.091610 0.935053
vn -0.415552 -0.129497 0.900304
vn -0.480575 -0.153495 0.863416
vn -0.474193 -0.217097 0.853235
vn -0.546310 -0.153890 0.823324
vn -0.190039 -0.009489 0.981731
vn -0.145631 -0.082362 0.985905
vn -0.219931 -0.122685 0.967770
vn -0.265397 -0.050123 0.962835
vn -0.309544 0.022088 0.950629
vn -0.426540 0.052315 0.902954
vn -0.352731 0.094690 0.930921
vn -0.278690 0.136636 0.950612
vn -0.249254 0.254173 0.934488
vn -0.204021 0.178817 0.962497
vn -0.159641 0.104720 0.981605
vn -0.042368 0.073379 0.996404
vn -0.116000 0.031447 0.992751
vn 0.274288 -0.842941 0.462836
vn 0.329866 -0.880899 0.339420
vn 0.264957 -0.900700 0.344291
vn 0.222419 -0.852497 0.473053
vn 0.160711 -0.795640 0.584063
vn 0.153788 -0.785958 0.598848
vn 0.102042 -0.713372 0.693317
vn 0.089996 -0.733326 0.673894
vn 0.114106 -0.740762 0.662006
vn 0.031768 -0.680126 0.732407
vn 0.081889 -0.676244 0.732112
vn 0.169421 -0.736298 0.655104
vn 0.255820 -0.787768 0.560337
vn 0.370846 -0.818159 0.439419
vn 0.330871 -0.829075 0.450732
vn -0.743758 -0.101892 0.660638
vn -0.623459 -0.133187 0.770429
vn -0.710316 -0.101311 0.696554
vn -0.797872 -0.081424 0.597302
vn -0.780785 -0.003138 0.624792
vn -0.873003 -0.019191 0.487337
vn -0.874164 -0.097163 0.475812
vn -0.878734 -0.112681 0.463821
vn -0.924334 -0.149449 0.351100
vn -0.928991 -0.119229 0.350371
vn -0.887665 -0.093834 0.450827
vn -0.834217 -0.080478 0.545532
vn -0.851137 -0.038709 0.523514
vn -0.796146 -0.027791 0.604466
vn -0.772215 -0.074505 0.630978
vn 0.465099 -0.882609 0.068442
vn 0.442744 -0.896648 -0.000000
vn 0.444616 -0.893520 0.062764
vn 0.447318 -0.883767 0.137344
vn 0.439682 -0.888574 0.130826
vn 0.434539 -0.873301 0.220275
vn 0.444883 -0.866915 0.224806
vn 0.465472 -0.854162 0.231823
vn 0.485550 -0.808471 0.332590
vn 0.495258 -0.835000 0.239780
vn 0.497596 -0.853698 0.153616
vn 0.540384 -0.837715 0.078858
vn 0.496552 -0.864842 0.074053
vn -0.866146 0.148873 0.477104
vn -0.850939 0.228002 0.473200
vn -0.815304 0.218510 0.536221
vn -0.825671 0.153682 0.542816
vn -0.824295 0.088703 0.559169
vn -0.758271 0.047475 0.650209
vn -0.813916 0.029170 0.580250
vn -0.863496 0.017172 0.504064
vn -0.898054 -0.050393 0.436990
vn -0.905591 0.007619 0.424083
vn -0.907311 0.072946 0.414084
vn -0.939127 0.067632 0.336847
vn -0.930647 0.148761 0.334315
vn -0.900906 0.148520 0.407811
vn -0.972866 0.148500 0.177427
vn -0.933475 0.250086 0.257065
vn -0.954867 0.148781 0.257087
vn -0.964306 0.062074 0.257411
vn -0.940013 -0.002788 0.341127
vn -0.966157 -0.014651 0.257540
vn -0.984377 -0.026070 0.174133
vn -0.979501 -0.107349 0.170453
vn -0.988838 -0.122002 0.085529
vn -0.995439 -0.034706 0.088869
vn -0.994444 0.052653 0.091151
vn -0.989012 0.147835 -0.000001
vn -0.984644 0.148042 0.092515
vn 0.202737 -0.562846 0.801312
vn 0.214917 -0.648608 0.730149
vn 0.140330 -0.580653 0.801966
vn 0.073906 -0.516246 0.853246
vn 0.003660 -0.538354 0.842711
vn -0.054554 -0.481304 0.874855
vn 0.016136 -0.454555 0.890572
vn 0.082184 -0.429037 0.899541
vn 0.032465 -0.363628 0.930978
vn 0.100483 -0.330686 0.938376
vn 0.149641 -0.400263 0.904100
vn 0.204777 -0.470122 0.858517
vn 0.333697 -0.510132 0.792724
vn 0.265495 -0.540713 0.798212
vn 0.012418 -0.187864 0.982117
vn 0.128659 -0.219725 0.967041
vn 0.055512 -0.260062 0.963995
vn -0.013113 -0.296583 0.954917
vn -0.034550 -0.393892 0.918507
vn -0.081517 -0.331154 0.940049
vn -0.127663 -0.264435 0.955916
vn -0.249153 -0.236097 0.939245
vn -0.173743 -0.194682 0.965356
vn -0.101306 -0.155095 0.982692
vn -0.072839 -0.041714 0.996471
vn -0.030098 -0.114934 0.992917
vn 0.752708 -0.349817 0.557726
vn 0.762849 -0.248840 0.596774
vn 0.790501 -0.283776 0.542752
vn 0.822610 -0.309450 0.477026
vn 0.882852 -0.236439 0.405795
vn 0.852208 -0.328078 0.407562
vn 0.812265 -0.412634 0.412261
vn 0.787331 -0.515262 0.338548
vn 0.765407 -0.489055 0.418302
vn 0.738800 -0.454999 0.497143
vn 0.687730 -0.519452 0.507146
vn 0.657409 -0.470349 0.588715
vn 0.708064 -0.411227 0.574054
vn 0.551129 -0.570525 0.608899
vn 0.566542 -0.461146 0.682916
vn 0.603791 -0.524438 0.600334
vn 0.634532 -0.576353 0.514963
vn 0.713109 -0.558127 0.424228
vn 0.659199 -0.617725 0.428803
vn 0.607273 -0.667239 0.431289
vn 0.574450 -0.744054 0.341160
vn 0.557321 -0.709168 0.431826
vn 0.532130 -0.665304 0.523650
vn 0.441633 -0.647609 0.620937
vn 0.497668 -0.611156 0.615480
vn -0.040609 -0.620163 0.783421
vn 0.019718 -0.668973 0.743025
vn -0.044481 -0.607282 0.793240
vn -0.102418 -0.551453 0.827895
vn -0.062806 -0.509876 0.857952
vn -0.117640 -0.454062 0.883169
vn -0.156250 -0.500874 0.851300
vn -0.155936 -0.514692 0.843075
vn -0.168903 -0.453366 0.875175
vn -0.118886 -0.504941 0.854927
vn -0.062506 -0.558062 0.827442
vn 0.071406 -0.598709 0.797777
vn 0.003369 -0.614780 0.788691
vn 0.283158 -0.951256 0.122206
vn 0.216117 -0.969348 0.116865
vn 0.222797 -0.950594 0.216175
vn 0.282946 -0.933504 0.220256
vn 0.358298 -0.907076 0.220990
vn 0.385222 -0.861043 0.331976
vn 0.413862 -0.883465 0.219563
vn 0.422070 -0.897613 0.127076
vn 0.437511 -0.897351 0.057836
vn 0.420665 -0.905580 0.054464
vn 0.362512 -0.930509 0.052337
vn 0.273908 -0.961756 0.000001
vn 0.277196 -0.959525 0.049741
vn -0.949155 -0.196206 0.246186
vn -0.925826 -0.146349 0.348465
vn -0.949069 -0.208461 0.236244
vn -0.954014 -0.261773 0.146058
vn -0.965433 -0.222745 0.135366
vn -0.961520 -0.267365 0.063209
vn -0.952488 -0.296521 0.069590
vn -0.961162 -0.265430 0.075593
vn -0.977434 -0.211240 0.000002
vn -0.975717 -0.203499 0.081021
vn -0.969451 -0.182041 0.164397
vn -0.962571 -0.087432 0.256541
vn -0.955480 -0.151686 0.253080
vn -0.539943 0.580138 0.609837
vn -0.564398 0.463213 0.683293
vn -0.601192 0.526911 0.600777
vn -0.631648 0.579152 0.515367
vn -0.687762 0.519362 0.507196
vn -0.713151 0.558098 0.424196
vn -0.656202 0.620717 0.429080
vn -0.594395 0.678007 0.432437
vn -0.612359 0.711581 0.344484
vn -0.544149 0.764885 0.344751
vn -0.526320 0.731037 0.434250
vn -0.502418 0.686998 0.524985
vn -0.393168 0.680972 0.617815
vn -0.471472 0.631392 0.615677
vn -0.565294 0.807090 0.170437
vn -0.492712 0.853428 0.169988
vn -0.483285 0.837041 0.256510
vn -0.556850 0.789890 0.256887
vn -0.625236 0.736690 0.257618
vn -0.675202 0.652849 0.343352
vn -0.689107 0.677103 0.258192
vn -0.698420 0.694446 0.173075
vn -0.765805 0.636903 0.088866
vn -0.703690 0.705119 0.087341
vn -0.638443 0.764850 0.086001
vn -0.571566 0.820556 0.000000
vn -0.570049 0.817198 0.085036
vn 0.143369 0.867161 0.476946
vn 0.227997 0.850908 0.473259
vn 0.218486 0.815311 0.536220
vn 0.149567 0.826454 0.542774
vn 0.073396 0.826760 0.557747
vn 0.028263 0.762577 0.646280
vn -0.002163 0.818825 0.574039
vn -0.024716 0.867296 0.497178
vn -0.126788 0.896620 0.424261
vn -0.040845 0.907374 0.418334
vn 0.048843 0.909759 0.412254
vn 0.042369 0.940937 0.335919
vn 0.141785 0.931772 0.334212
vn 0.142027 0.902075 0.407541
vn 0.141919 0.973830 0.177522
vn 0.250142 0.933444 0.257121
vn 0.141818 0.955907 0.257158
vn 0.037577 0.965563 0.257441
vn -0.052543 0.939492 0.338518
vn -0.061190 0.964224 0.257931
vn -0.067643 0.982109 0.175745
vn -0.162912 0.971082 0.174528
vn -0.168686 0.981662 0.088796
vn -0.072052 0.993305 0.090296
vn 0.031553 0.995292 0.091636
vn 0.141860 0.989887 -0.000001
vn 0.141890 0.985539 0.092625
vn -0.343190 0.935321 0.085995
vn -0.261132 0.965303 -0.000000
vn -0.258804 0.961977 0.087301
vn -0.252214 0.952061 0.173112
vn -0.154154 0.953689 0.258292
vn -0.241874 0.935326 0.258189
vn -0.325393 0.909814 0.257600
vn -0.390342 0.853682 0.344761
vn -0.405650 0.877200 0.256843
vn -0.416335 0.893091 0.170453
vn -0.498203 0.862914 0.084693
vn -0.422712 0.902263 0.085065
vn -0.752702 0.349871 0.557701
vn -0.762845 0.248830 0.596784
vn -0.790498 0.283772 0.542759
vn -0.822649 0.309475 0.476942
vn -0.882827 0.236531 0.405795
vn -0.852210 0.328081 0.407554
vn -0.812265 0.412628 0.412266
vn -0.787319 0.515284 0.338544
vn -0.765402 0.489065 0.418300
vn -0.738756 0.455024 0.497185
vn -0.657437 0.470342 0.588689
vn -0.708045 0.411327 0.574006
vn 0.349796 0.752683 0.557773
vn 0.248799 0.762783 0.596877
vn 0.283681 0.790509 0.542791
vn 0.309406 0.822661 0.476967
vn 0.236552 0.882838 0.405759
vn 0.328061 0.852239 0.407510
vn 0.412626 0.812279 0.412242
vn 0.515254 0.787330 0.338562
vn 0.489070 0.765369 0.418355
vn 0.455107 0.738722 0.497159
vn 0.519403 0.687762 0.507152
vn 0.470338 0.657464 0.588662
vn 0.411325 0.708011 0.574049
vn 0.580160 0.539951 0.609809
vn 0.463195 0.564381 0.683318
vn 0.526903 0.601224 0.600752
vn 0.579149 0.631705 0.515301
vn 0.558110 0.713097 0.424271
vn 0.620676 0.656213 0.429123
vn 0.678000 0.594378 0.432472
vn 0.764850 0.544172 0.344792
vn 0.731006 0.526351 0.434263
vn 0.686994 0.502456 0.524955
vn 0.681015 0.393159 0.617774
vn 0.631419 0.471506 0.615623
vn -0.249388 -0.010940 -0.968342
vn -0.235197 -0.037247 -0.971234
vn -0.337193 0.049997 -0.940107
vn -0.351944 0.074304 -0.933067
vn -0.367642 0.100467 -0.924525
vn -0.475137 0.182096 -0.860864
vn -0.487856 0.202467 -0.849119
vn -0.384250 0.128991 -0.914174
vn -0.281329 0.049932 -0.958311
vn -0.289923 0.066865 -0.954711
vn -0.195190 -0.019800 -0.980566
vn -0.187826 -0.036381 -0.981528
vn -0.173806 -0.067586 -0.982458
vn -0.098423 -0.156548 -0.982754
vn -0.088791 -0.179936 -0.979663
vn -0.161043 -0.095229 -0.982342
vn 0.063490 -0.802324 -0.593503
vn 0.096971 -0.787643 -0.608453
vn 0.095048 -0.682751 -0.724442
vn 0.071221 -0.693958 -0.716484
vn 0.053515 -0.706269 -0.705918
vn 0.053676 -0.590515 -0.805239
vn 0.046619 -0.597689 -0.800371
vn 0.042389 -0.719147 -0.693564
vn 0.021782 -0.831625 -0.554910
vn 0.015929 -0.838739 -0.544300
vn -0.018263 -0.922113 -0.386489
vn -0.010836 -0.916982 -0.398781
vn 0.010154 -0.906033 -0.423085
vn -0.022713 -0.963489 -0.266781
vn 0.014669 -0.957349 -0.288563
vn 0.042789 -0.893884 -0.446252
vn -0.690843 0.357192 -0.628609
vn -0.685345 0.349580 -0.638824
vn -0.784111 0.408871 -0.466899
vn -0.788265 0.414861 -0.454455
vn -0.792611 0.420439 -0.441587
vn -0.871810 0.411860 -0.265177
vn -0.874400 0.415951 -0.249819
vn -0.796773 0.426313 -0.428264
vn -0.701967 0.373156 -0.606628
vn -0.704803 0.377268 -0.600767
vn -0.598614 0.292054 -0.745899
vn -0.594459 0.285750 -0.751642
vn -0.586279 0.273442 -0.762566
vn -0.462809 0.163023 -0.871339
vn -0.578423 0.261582 -0.772659
vn 0.014367 -0.370333 -0.928788
vn 0.022280 -0.378687 -0.925257
vn -0.023256 -0.285743 -0.958024
vn -0.030895 -0.270441 -0.962241
vn -0.038138 -0.253548 -0.966571
vn -0.108775 -0.129859 -0.985548
vn -0.045127 -0.234157 -0.971151
vn 0.002902 -0.351140 -0.936318
vn 0.000780 -0.345569 -0.938393
vn 0.031988 -0.474531 -0.879657
vn 0.033659 -0.475077 -0.879300
vn 0.038604 -0.475843 -0.878683
vn 0.065323 -0.583800 -0.809266
vn 0.046491 -0.476375 -0.878012
vn -0.027616 -0.996768 -0.075438
vn 0.027736 -0.996007 -0.084858
vn 0.043374 -0.983791 -0.173994
vn -0.010900 -0.987371 -0.158049
vn -0.050085 -0.988522 -0.142534
vn -0.046224 -0.968328 -0.245364
vn -0.074117 -0.988992 -0.128066
vn -0.090841 -0.994129 -0.058775
vn -0.098819 -0.993582 -0.055041
vn -0.106710 -0.994133 -0.017700
vn -0.098845 -0.994919 -0.019123
vn -0.075336 -0.996912 -0.022162
vn -0.077612 -0.996984 -0.000000
vn -0.038467 -0.999260 0.000000
vn -0.036069 -0.999021 -0.025623
vn -0.969952 0.232492 -0.071701
vn -0.969214 0.231821 -0.082961
vn -0.988772 0.145810 -0.032698
vn -0.988995 0.145530 -0.026633
vn -0.989169 0.145320 -0.020680
vn -0.993793 0.111247 0.000001
vn -0.993665 0.112387 0.000002
vn -0.989149 0.146167 -0.014833
vn -0.970976 0.233977 -0.049611
vn -0.971311 0.233685 -0.044115
vn -0.933503 0.340686 -0.111825
vn -0.932823 0.340037 -0.119229
vn -0.931520 0.338126 -0.133942
vn -0.868774 0.408187 -0.280382
vn -0.930098 0.335890 -0.148645
vn -0.249371 -0.010952 0.968346
vn -0.235181 -0.037256 0.971237
vn -0.149217 -0.120085 0.981486
vn -0.161027 -0.095216 0.982346
vn -0.173807 -0.067586 0.982458
vn -0.098435 -0.156546 0.982753
vn -0.108805 -0.129878 0.985542
vn -0.187845 -0.036403 0.981524
vn -0.281325 0.049905 0.958314
vn -0.289908 0.066836 0.954718
vn -0.392650 0.143932 0.908355
vn -0.384248 0.128990 0.914175
vn -0.367639 0.100481 0.924524
vn -0.475136 0.182111 0.860861
vn -0.462789 0.163055 0.871343
vn -0.351947 0.074329 0.933064
vn 0.063493 -0.802326 0.593500
vn 0.096970 -0.787644 0.608452
vn 0.085995 -0.880203 0.466742
vn 0.042787 -0.893883 0.446254
vn 0.010153 -0.906034 0.423083
vn -0.022713 -0.963489 0.266784
vn -0.046225 -0.968329 0.245362
vn -0.010836 -0.916983 0.398780
vn 0.021778 -0.831629 0.554905
vn 0.015917 -0.838743 0.544294
vn 0.038425 -0.725658 0.686982
vn 0.042385 -0.719145 0.693566
vn 0.053510 -0.706269 0.705919
vn 0.053666 -0.590521 0.805236
vn 0.065338 -0.583787 0.809273
vn 0.071230 -0.693955 0.716486
vn -0.690844 0.357192 0.628608
vn -0.685337 0.349609 0.638817
vn -0.570449 0.250520 0.782194
vn -0.578404 0.261593 0.772670
vn -0.586298 0.273430 0.762555
vn -0.487878 0.202473 0.849105
vn -0.594475 0.285753 0.751628
vn -0.701956 0.373156 0.606641
vn -0.704768 0.377289 0.600796
vn -0.798683 0.429451 0.421519
vn -0.796767 0.426318 0.428271
vn -0.792611 0.420428 0.441596
vn -0.871808 0.411864 0.265178
vn -0.868773 0.408187 0.280386
vn -0.788261 0.414863 0.454460
vn 0.014388 -0.370329 0.928789
vn 0.022284 -0.378701 0.925251
vn 0.057014 -0.477387 0.876842
vn 0.046510 -0.476352 0.878024
vn 0.038603 -0.475843 0.878683
vn 0.046614 -0.597690 0.800371
vn 0.033650 -0.475097 0.879290
vn 0.002886 -0.351136 0.936320
vn 0.000762 -0.345562 0.938396
vn -0.048642 -0.223727 0.973437
vn -0.045148 -0.234163 0.971148
vn -0.038142 -0.253559 0.966568
vn -0.088792 -0.179912 0.979667
vn -0.030884 -0.270455 0.962237
vn -0.027616 -0.996768 0.075439
vn 0.027735 -0.996007 0.084858
vn 0.019237 -0.999376 0.029625
vn -0.036069 -0.999021 0.025623
vn -0.075336 -0.996912 0.022162
vn -0.101021 -0.994884 -0.000000
vn -0.098846 -0.994919 0.019123
vn -0.090843 -0.994129 0.058776
vn -0.098821 -0.993582 0.055041
vn -0.082305 -0.989217 0.121146
vn -0.074119 -0.988992 0.128066
vn -0.050085 -0.988522 0.142533
vn 0.014668 -0.957349 0.288563
vn -0.010900 -0.987371 0.158047
vn -0.969952 0.232489 0.071703
vn -0.969214 0.231820 0.082962
vn -0.928312 0.333917 0.163514
vn -0.930100 0.335884 0.148647
vn -0.931521 0.338125 0.133944
vn -0.874400 0.415952 0.249816
vn -0.932824 0.340034 0.119228
vn -0.970976 0.233975 0.049614
vn -0.989109 -0.145244 0.023838
vn -0.981980 -0.188876 0.006406
vn -0.989149 0.146168 0.014839
vn -0.989168 0.145321 0.020682
vn -0.988995 0.145529 0.026634
vn 0.127547 -0.776567 -0.616989
vn 0.085993 -0.880206 -0.466737
vn 0.127412 -0.867361 -0.481093
vn 0.157284 -0.858701 -0.487744
vn 0.154604 -0.928456 -0.337739
vn 0.187200 -0.920081 -0.344103
vn 0.179023 -0.854395 -0.487812
vn 0.155633 -0.775759 -0.611536
vn 0.102043 -0.713377 -0.693311
vn 0.120603 -0.692181 -0.711576
vn 0.123614 -0.680227 -0.722503
vn 0.092267 -0.589151 -0.802737
vn 0.092699 -0.578750 -0.810219
vn 0.115149 -0.676973 -0.726945
vn 0.084035 -0.992013 -0.094067
vn 0.019238 -0.999376 -0.029625
vn 0.075532 -0.996568 -0.033873
vn 0.121195 -0.991900 -0.038023
vn 0.118323 -0.992975 -0.000000
vn 0.159546 -0.987191 0.000000
vn 0.162735 -0.985769 -0.042143
vn 0.171269 -0.979045 -0.110176
vn 0.222799 -0.950594 -0.216174
vn 0.181805 -0.960751 -0.209534
vn 0.142559 -0.969324 -0.200220
vn 0.115536 -0.938134 -0.326428
vn 0.098342 -0.977152 -0.188422
vn 0.084033 -0.992013 0.094067
vn 0.043375 -0.983791 0.173992
vn 0.098341 -0.977152 0.188424
vn 0.142559 -0.969323 0.200224
vn 0.154608 -0.928454 0.337740
vn 0.187197 -0.920082 0.344101
vn 0.181805 -0.960750 0.209537
vn 0.171269 -0.979045 0.110176
vn 0.207995 -0.977040 0.046151
vn 0.162735 -0.985769 0.042144
vn 0.121194 -0.991900 0.038023
vn 0.072804 -0.997346 -0.000000
vn 0.075531 -0.996568 0.033873
vn 0.127545 -0.776571 0.616984
vn 0.095048 -0.682751 0.724442
vn 0.115144 -0.676971 0.726947
vn 0.123616 -0.680218 0.722511
vn 0.092269 -0.589139 0.802746
vn 0.078723 -0.609620 0.788776
vn 0.120605 -0.692172 0.711584
vn 0.155635 -0.775763 0.611530
vn 0.194784 -0.854261 0.481973
vn 0.179017 -0.854404 0.487799
vn 0.157293 -0.858706 0.487733
vn 0.115543 -0.938134 0.326426
vn 0.127419 -0.867362 0.481090
vn 0.023808 -0.392911 0.919268
vn -0.023245 -0.285756 0.958020
vn -0.023336 -0.307331 0.951316
vn -0.038718 -0.342975 0.938546
vn -0.096185 -0.274054 0.956892
vn -0.127617 -0.334044 0.933878
vn -0.069395 -0.392682 0.917052
vn -0.015879 -0.458416 0.888596
vn -0.008490 -0.572269 0.820022
vn 0.033212 -0.531178 0.846609
vn 0.054925 -0.502040 0.863099
vn 0.092695 -0.578733 0.810232
vn 0.062302 -0.484269 0.872698
vn -0.232059 -0.074885 0.969815
vn -0.337198 0.050006 0.940105
vn -0.334512 0.010059 0.942338
vn -0.348527 -0.056398 0.935601
vn -0.472821 0.038621 0.880311
vn -0.500414 -0.043244 0.864706
vn -0.369174 -0.138263 0.919018
vn -0.271986 -0.209726 0.939169
vn -0.234863 -0.351175 0.906375
vn -0.193828 -0.274716 0.941786
vn -0.163889 -0.206398 0.964645
vn -0.079574 -0.229159 0.970131
vn -0.147798 -0.153743 0.976995
vn -0.695905 0.311953 0.646839
vn -0.784096 0.408900 0.466899
vn -0.799578 0.362092 0.479128
vn -0.835542 0.250198 0.489153
vn -0.921150 0.210655 0.327272
vn -0.939376 0.053363 0.338710
vn -0.862966 0.111216 0.492870
vn -0.757075 0.114793 0.643164
vn -0.674414 -0.040394 0.737247
vn -0.637337 0.057258 0.768455
vn -0.603509 0.144965 0.784067
vn -0.452682 0.107148 0.885211
vn -0.577186 0.215797 0.787584
vn -0.981199 0.167525 0.095831
vn -0.988772 0.145810 0.032697
vn -0.995741 0.083154 0.039811
vn -0.997498 -0.051823 0.048080
vn -0.996842 -0.079416 0.000001
vn -0.979909 -0.199445 0.000001
vn -0.982341 -0.178488 0.056101
vn -0.985151 -0.119211 0.123560
vn -0.961912 -0.154872 0.225256
vn -0.976511 -0.033883 0.212787
vn -0.972533 0.123254 0.197454
vn -0.884531 0.347227 0.311509
vn -0.945591 0.271035 0.179993
vn -0.981199 0.167525 -0.095832
vn -0.928312 0.333917 -0.163514
vn -0.945593 0.271028 -0.179991
vn -0.972533 0.123253 -0.197453
vn -0.921152 0.210654 -0.327268
vn -0.939377 0.053372 -0.338707
vn -0.976511 -0.033882 -0.212786
vn -0.985151 -0.119211 -0.123557
vn -0.961520 -0.267364 -0.063206
vn -0.982342 -0.178488 -0.056098
vn -0.997498 -0.051823 -0.048081
vn -0.998688 0.051202 -0.000000
vn -0.995741 0.083154 -0.039814
vn -0.695892 0.311958 -0.646851
vn -0.570452 0.250527 -0.782189
vn -0.577165 0.215824 -0.787592
vn -0.603511 0.144955 -0.784068
vn -0.472822 0.038610 -0.880312
vn -0.500408 -0.043250 -0.864709
vn -0.637341 0.057253 -0.768452
vn -0.757072 0.114799 -0.643166
vn -0.873001 -0.019182 -0.487342
vn -0.862960 0.111229 -0.492878
vn -0.835535 0.250205 -0.489162
vn -0.884539 0.347213 -0.311503
vn -0.799581 0.362083 -0.479130
vn -0.232071 -0.074888 -0.969812
vn -0.149210 -0.120086 -0.981486
vn -0.147784 -0.153754 -0.976995
vn -0.163876 -0.206407 -0.964645
vn -0.096186 -0.274035 -0.956897
vn -0.127621 -0.334035 -0.933881
vn -0.193821 -0.274715 -0.941788
vn -0.271977 -0.209714 -0.939174
vn -0.392692 -0.227761 -0.891021
vn -0.369171 -0.138252 -0.919021
vn -0.348532 -0.056378 -0.935600
vn -0.452664 0.107172 -0.885217
vn -0.334521 0.010070 -0.942335
vn 0.023813 -0.392903 -0.919271
vn 0.057009 -0.477393 -0.876839
vn 0.062306 -0.484263 -0.872701
vn 0.054922 -0.502032 -0.863104
vn 0.078733 -0.609614 -0.788779
vn 0.033226 -0.531164 -0.846617
vn -0.015873 -0.458412 -0.888598
vn -0.117655 -0.454063 -0.883167
vn -0.069399 -0.392672 -0.917056
vn -0.038715 -0.342967 -0.938549
vn -0.079577 -0.229148 -0.970133
vn -0.023345 -0.307332 -0.951316
vn 0.812937 0.469341 -0.344749
vn 0.754321 0.633683 -0.171597
vn 0.866015 0.500018 -0.000001
vn 0.640596 0.767878 0.000000
vn 0.587882 0.733424 -0.341297
vn 0.788649 -0.211330 -0.577384
vn 0.871878 -0.058044 -0.486271
vn 0.910579 -0.243916 -0.333693
vn 0.929121 0.142456 -0.341235
vn 0.744110 0.044322 -0.666586
vn 0.983661 -0.034043 -0.176783
vn 0.965912 -0.258871 0.000000
vn 0.985302 0.170824 -0.000001
vn 0.526601 -0.780261 -0.337467
vn 0.644038 -0.745782 -0.170367
vn 0.540172 -0.841555 -0.000001
vn 0.767926 -0.640539 0.000001
vn 0.733449 -0.587880 -0.341247
vn 0.925942 0.336387 -0.171684
vn 0.664122 -0.177960 -0.726135
vn 0.466180 -0.124912 -0.875827
vn 0.622232 -0.410446 -0.666605
vn 0.462331 0.868914 -0.176744
vn 0.258806 0.965929 -0.000000
vn 0.244010 0.910565 -0.333661
vn 0.811394 0.264339 -0.521310
vn 0.612392 0.353523 -0.707105
vn 0.174340 -0.292435 -0.940259
vn 0.417488 -0.359059 -0.834734
vn 0.390981 -0.582287 -0.712794
vn 0.298554 0.172364 -0.938699
vn 0.363085 0.413761 -0.834848
vn 0.410430 0.622269 -0.666580
vn 0.124907 0.466158 -0.875840
vn -0.172360 0.298557 -0.938699
vn -0.413740 0.363103 -0.834850
vn -0.353552 0.612351 -0.707126
vn -0.622247 0.410492 -0.666562
vn -0.466178 0.124911 -0.875829
vn -0.173518 -0.403750 -0.898263
vn -0.308008 -0.356731 -0.881971
vn -0.105744 -0.425549 -0.898736
vn -0.296654 -0.164426 -0.940723
vn -0.535433 -0.140103 -0.832876
vn 0.539855 0.107640 -0.834847
vn 0.234486 -0.062689 -0.970096
vn 0.000000 0.000001 -1.000000
vn 0.211342 0.788660 -0.577365
vn 0.177978 0.664179 -0.726079
vn -0.044328 0.744118 -0.666575
vn -0.107587 0.539863 -0.834849
vn -0.767908 0.640561 0.000001
vn -0.868914 0.462362 -0.176661
vn -0.965914 0.258864 0.000001
vn -0.910584 0.243957 -0.333650
vn -0.733468 0.587856 -0.341247
vn -0.469377 0.812915 -0.344753
vn -0.264334 0.811384 -0.521328
vn -0.142388 0.929123 -0.341256
vn 0.062812 0.234446 -0.970098
vn -0.788646 0.211317 -0.577393
vn -0.663641 0.179464 -0.726204
vn -0.735383 -0.012684 -0.677533
vn 0.868876 -0.462390 -0.176776
vn 0.391321 -0.750864 -0.532044
vn 0.150150 -0.663461 -0.732990
vn 0.413281 -0.850140 -0.326282
vn -0.528769 -0.088632 -0.844125
vn -0.234307 0.063277 -0.970101
vn 0.218318 -0.912525 -0.345883
vn 0.198532 -0.795937 -0.571900
vn 0.046537 -0.640923 -0.766193
vn -0.815635 -0.098460 -0.570127
vn -0.935714 -0.066872 -0.346363
vn -0.935388 -0.078199 -0.344870
vn 0.435580 -0.900150 -0.000001
vn 0.467322 -0.872058 -0.145347
vn -0.869204 0.078617 -0.488163
vn -0.982707 0.056825 -0.176234
vn -0.991841 -0.127479 0.000003
vn 0.138755 -0.495077 -0.857698
vn -0.057321 -0.226742 -0.972267
vn 0.784090 -0.385704 -0.486246
vn 0.583011 -0.624050 -0.520249
vn -0.102062 -0.565360 -0.818506
vn 0.365209 -0.922459 -0.125265
vn 0.204538 -0.978859 0.000001
vn -0.958751 -0.237591 -0.156034
vn -0.959200 -0.282728 0.000000
vn -0.570515 0.634599 -0.521342
vn -0.633720 0.754288 -0.171606
vn -0.500013 0.866018 0.000000
vn 0.058015 0.871912 -0.486214
vn 0.034048 0.983666 -0.176754
vn -0.170794 0.985307 -0.000000
vn -0.336416 0.925940 -0.171640
vn -0.784082 0.385750 -0.486222
vn 0.385758 0.784088 -0.486206
vn 0.634646 0.570506 -0.521294
vn 0.812939 0.469341 0.344745
vn 0.754321 0.633683 0.171600
vn 0.587885 0.733422 0.341296
vn 0.788648 -0.211329 0.577385
vn 0.871879 -0.058052 0.486268
vn 0.744109 0.044324 0.666587
vn 0.929120 0.142458 0.341235
vn 0.910581 -0.243916 0.333688
vn 0.983662 -0.034043 0.176779
vn 0.526600 -0.780262 0.337466
vn 0.644038 -0.745782 0.170367
vn 0.733449 -0.587881 0.341246
vn 0.925942 0.336387 0.171683
vn 0.664124 -0.177961 0.726133
vn 0.622228 -0.410446 0.666608
vn 0.466180 -0.124912 0.875827
vn 0.462329 0.868915 0.176745
vn 0.244012 0.910566 0.333659
vn 0.811393 0.264336 0.521313
vn 0.612392 0.353524 0.707105
vn 0.174344 -0.292442 0.940256
vn 0.417489 -0.359054 0.834735
vn 0.390982 -0.582287 0.712793
vn 0.298555 0.172370 0.938698
vn 0.363081 0.413763 0.834849
vn 0.124906 0.466156 0.875841
vn 0.410430 0.622265 0.666583
vn -0.172366 0.298558 0.938698
vn -0.413743 0.363099 0.834851
vn -0.466178 0.124912 0.875828
vn -0.622245 0.410492 0.666564
vn -0.353552 0.612351 0.707126
vn -0.173507 -0.403757 0.898262
vn -0.308005 -0.356735 0.881971
vn -0.535435 -0.140106 0.832874
vn -0.296641 -0.164423 0.940728
vn -0.105749 -0.425561 0.898730
vn 0.539855 0.107635 0.834848
vn 0.234481 -0.062688 0.970097
vn 0.000000 0.000001 1.000000
vn 0.211340 0.788658 0.577368
vn 0.177978 0.664179 0.726078
vn -0.044329 0.744115 0.666579
vn -0.107582 0.539862 0.834850
vn -0.868915 0.462361 0.176660
vn -0.733467 0.587858 0.341245
vn -0.910585 0.243957 0.333647
vn -0.469373 0.812921 0.344744
vn -0.264332 0.811383 0.521331
vn -0.142387 0.929123 0.341256
vn 0.062816 0.234438 0.970099
vn -0.788644 0.211317 0.577396
vn -0.663640 0.179457 0.726208
vn -0.735388 -0.012691 0.677527
vn 0.868876 -0.462390 0.176776
vn 0.391313 -0.750867 0.532046
vn 0.413283 -0.850139 0.326284
vn 0.150136 -0.663464 0.732990
vn -0.528779 -0.088634 0.844119
vn -0.234308 0.063271 0.970101
vn 0.218307 -0.912529 0.345879
vn 0.198552 -0.795930 0.571903
vn 0.046539 -0.640927 0.766190
vn -0.815635 -0.098454 0.570129
vn -0.935388 -0.078196 0.344869
vn -0.935715 -0.066872 0.346361
vn 0.467321 -0.872058 0.145348
vn -0.869204 0.078624 0.488162
vn -0.982707 0.056825 0.176233
vn 0.138757 -0.495071 0.857701
vn -0.057319 -0.226736 0.972268
vn 0.784095 -0.385698 0.486244
vn 0.583012 -0.624047 0.520252
vn -0.102069 -0.565361 0.818504
vn 0.365209 -0.922459 0.125265
vn -0.958751 -0.237591 0.156036
vn -0.570515 0.634595 0.521346
vn -0.633719 0.754290 0.171601
vn 0.058021 0.871913 0.486211
vn 0.034047 0.983666 0.176754
vn -0.336415 0.925940 0.171640
vn -0.784086 0.385743 0.486222
vn 0.385750 0.784094 0.486203
vn 0.634647 0.570509 0.521290
vn -0.450853 0.145095 -0.880727
vn -0.264701 0.017880 -0.964165
vn -0.494248 0.213020 -0.842817
vn -0.392652 0.143935 -0.908354
vn -0.114198 -0.115582 -0.986711
vn -0.079592 -0.200890 -0.976375
vn 0.081206 -0.578280 -0.811787
vn 0.038128 -0.817079 -0.575263
vn 0.044238 -0.601330 -0.797775
vn 0.038423 -0.725659 -0.686981
vn -0.054400 -0.970506 -0.234859
vn 0.065285 -0.948661 -0.309485
vn -0.865691 0.404088 -0.295454
vn -0.696246 0.365183 -0.617967
vn -0.875555 0.418095 -0.242074
vn -0.798684 0.429451 -0.421515
vn 0.007885 -0.361407 -0.932375
vn -0.048625 -0.223733 -0.973437
vn -0.067057 -0.995518 -0.066688
vn -0.082301 -0.989217 -0.121145
vn -0.108868 -0.994056 0.000000
vn 0.016641 -0.999862 0.000000
vn -0.970518 0.233278 -0.060626
vn -0.978715 -0.205225 0.000000
vn -0.981980 -0.188876 -0.006400
vn -0.989109 -0.145244 -0.023834
vn -0.079597 -0.200879 0.976377
vn -0.264694 0.017867 0.964167
vn -0.114227 -0.115600 0.986706
vn -0.195198 -0.019822 0.980563
vn -0.494268 0.213039 0.842801
vn -0.450866 0.145085 0.880722
vn 0.065288 -0.948662 0.309481
vn 0.038127 -0.817083 0.575257
vn -0.054405 -0.970507 0.234855
vn -0.018271 -0.922113 0.386489
vn 0.044248 -0.601319 0.797783
vn 0.081209 -0.578265 0.811797
vn -0.696262 0.365154 0.617966
vn -0.598604 0.292080 0.745897
vn -0.875569 0.418071 0.242066
vn -0.865683 0.404098 0.295461
vn 0.007890 -0.361398 0.932378
vn 0.031979 -0.474550 0.879647
vn -0.067057 -0.995518 0.066689
vn -0.106710 -0.994133 0.017700
vn -0.970518 0.233278 0.060628
vn -0.933509 0.340672 0.111822
vn -0.971313 0.233678 0.044118
vn 0.146499 -0.772681 -0.617658
vn 0.129715 -0.986239 -0.102499
vn 0.129713 -0.986239 0.102500
vn 0.146505 -0.772687 0.617650
vn 0.011472 -0.419309 0.907771
vn -0.246135 -0.134501 0.959858
vn -0.726206 0.226134 0.649222
vn -0.993643 0.023385 0.110117
vn -0.993643 0.023385 -0.110118
vn -0.726195 0.226142 -0.649231
vn -0.246128 -0.134490 -0.959861
vn 0.011472 -0.419309 -0.907771
vn -0.865632 -0.500680 0.000820
vn -0.865547 -0.500827 -0.000025
vn -0.866187 -0.499720 -0.000087
vn -0.864527 -0.502586 -0.000158
vn -0.956619 -0.291237 -0.007769
vn -0.864530 -0.502581 0.000164
vn -0.956620 -0.291234 0.007776
vn -0.866489 -0.499196 0.000202
vn 0.051137 -0.088574 0.994756
vn 0.114615 -0.198651 0.973345
vn -0.452471 0.783646 0.425639
vn -0.405861 0.703094 0.583897
vn 0.302292 -0.523609 0.796526
vn 0.377971 -0.654610 0.654694
vn -0.148763 0.257903 0.954650
vn -0.499956 0.865816 0.020188
vn -0.499059 0.864238 0.063498
vn 0.495600 -0.858376 0.132561
vn 0.499267 -0.864758 0.054094
vn 0.176328 -0.305517 -0.935718
vn 0.114615 -0.198653 -0.973345
vn -0.346530 0.600236 -0.720857
vn -0.405864 0.703099 -0.583889
vn 0.441494 -0.764680 -0.469412
vn 0.377965 -0.654595 -0.654712
vn -0.079589 0.137878 -0.987246
vn -0.148762 0.257901 -0.954650
vn -0.495158 0.857605 -0.139041
vn -0.499062 0.864237 -0.063498
vn 0.499941 -0.865947 -0.013919
vn 0.499263 -0.864760 -0.054094
vn 0.176343 -0.305542 0.935707
vn 0.235124 -0.407505 0.882415
vn -0.013155 0.022789 0.999654
vn -0.346530 0.600237 0.720855
vn -0.283035 0.490491 0.824203
vn -0.482150 0.835050 0.264997
vn 0.441491 -0.764677 0.469419
vn 0.480472 -0.832223 0.276678
vn -0.079589 0.137879 0.987246
vn -0.495157 0.857605 0.139042
vn -0.499990 0.866031 0.000000
vn 0.499943 -0.865946 0.013919
vn 0.500016 -0.866016 0.000000
vn 0.499985 -0.866034 -0.000000
vn 0.051153 -0.088602 -0.994753
vn -0.013151 0.022792 -0.999654
vn 0.235196 -0.407480 -0.882407
vn -0.452470 0.783648 -0.425636
vn -0.482192 0.835023 -0.265007
vn -0.283113 0.490457 -0.824196
vn 0.302296 -0.523613 -0.796522
vn 0.480485 -0.832216 -0.276678
vn -0.499956 0.865816 -0.020188
vn 0.495599 -0.858375 -0.132563
vn -0.872388 -0.481610 -0.083617
vn -0.867105 -0.490861 -0.084762
vn -0.865144 -0.484248 -0.130499
vn -0.873305 -0.469864 -0.128713
vn -0.817772 -0.572245 -0.061519
vn -0.806871 -0.588669 -0.049271
vn -0.770434 -0.633017 -0.075636
vn -0.787989 -0.608400 -0.094464
vn -0.898872 -0.433468 -0.064298
vn -0.890015 -0.450007 -0.073256
vn -0.899963 -0.421190 -0.112538
vn -0.913148 -0.395499 -0.098696
vn -0.849524 -0.520962 -0.083105
vn -0.842833 -0.532115 -0.080538
vn -0.827584 -0.547566 -0.123601
vn -0.837976 -0.530551 -0.127716
vn -0.782393 -0.622713 -0.009467
vn -0.780564 -0.625069 -0.003068
vn -0.727492 -0.686100 -0.004648
vn -0.730551 -0.682707 -0.014396
vn -0.929245 -0.369375 -0.008069
vn -0.926029 -0.377007 -0.018354
vn -0.951243 -0.307171 -0.027968
vn -0.955276 -0.295462 -0.012216
vn -0.872389 -0.481608 0.083616
vn -0.877736 -0.472156 0.081537
vn -0.881512 -0.455181 0.125484
vn -0.873307 -0.469861 0.128711
vn -0.817773 -0.572243 0.061522
vn -0.827579 -0.556911 0.070442
vn -0.803573 -0.585278 0.108258
vn -0.787990 -0.608398 0.094466
vn -0.898871 -0.433470 0.064301
vn -0.909033 -0.413585 0.051054
vn -0.927974 -0.364327 0.078292
vn -0.913147 -0.395501 0.098701
vn -0.849524 -0.520963 0.083103
vn -0.855652 -0.510602 0.084536
vn -0.847592 -0.514460 0.130072
vn -0.837977 -0.530551 0.127714
vn -0.782392 -0.622714 0.009468
vn -0.786942 -0.616717 0.019574
vn -0.737897 -0.674251 0.029899
vn -0.730551 -0.682707 0.014398
vn -0.929245 -0.369376 0.008067
vn -0.930361 -0.366637 0.002278
vn -0.956671 -0.291151 0.003379
vn -0.955276 -0.295462 0.012213
vn -0.883289 -0.462220 -0.078441
vn -0.877738 -0.472153 -0.081536
vn -0.881515 -0.455176 -0.125483
vn -0.889881 -0.439954 -0.120632
vn -0.861509 -0.500565 -0.085068
vn -0.856597 -0.499090 -0.130958
vn -0.835756 -0.543738 -0.076555
vn -0.827581 -0.556909 -0.070444
vn -0.803574 -0.585276 -0.108263
vn -0.816579 -0.565133 -0.117574
vn -0.795630 -0.604833 -0.033918
vn -0.752042 -0.657059 -0.052014
vn -0.919013 -0.392754 -0.034059
vn -0.909033 -0.413585 -0.051055
vn -0.927974 -0.364326 -0.078295
vn -0.941973 -0.331620 -0.052117
vn -0.855652 -0.510600 -0.084537
vn -0.847592 -0.514460 -0.130073
vn -0.786942 -0.616717 -0.019572
vn -0.737896 -0.674252 -0.029895
vn -0.780144 -0.625600 -0.000002
vn -0.726705 -0.686949 -0.000003
vn -0.930569 -0.366117 -0.000000
vn -0.930361 -0.366638 -0.002279
vn -0.956671 -0.291152 -0.003382
vn -0.956939 -0.290290 -0.000000
vn -0.861509 -0.500565 0.085068
vn -0.867106 -0.490859 0.084761
vn -0.865147 -0.484244 0.130497
vn -0.856597 -0.499090 0.130958
vn -0.883288 -0.462222 0.078443
vn -0.889881 -0.439954 0.120634
vn -0.795629 -0.604833 0.033921
vn -0.806871 -0.588669 0.049274
vn -0.770433 -0.633018 0.075640
vn -0.752042 -0.657060 0.052015
vn -0.835755 -0.543739 0.076553
vn -0.816579 -0.565134 0.117569
vn -0.890015 -0.450007 0.073258
vn -0.899964 -0.421188 0.112542
vn -0.919013 -0.392752 0.034061
vn -0.941973 -0.331617 0.052120
vn -0.842835 -0.532113 0.080535
vn -0.827585 -0.547563 0.123598
vn -0.780564 -0.625068 0.003068
vn -0.727493 -0.686100 0.004644
vn -0.926029 -0.377007 0.018359
vn -0.951244 -0.307170 0.027973
vn -0.869991 -0.491104 -0.043961
vn -0.867306 -0.495781 -0.044518
vn -0.841713 -0.538951 -0.032436
vn -0.836115 -0.547941 -0.025938
vn -0.884252 -0.465774 -0.033958
vn -0.879436 -0.474450 -0.038598
vn -0.858144 -0.511537 -0.043801
vn -0.854669 -0.517436 -0.042445
vn -0.823923 -0.566679 -0.005120
vn -0.822972 -0.568080 -0.001674
vn -0.901642 -0.432460 -0.004379
vn -0.899656 -0.436488 -0.009868
vn -0.869990 -0.491106 0.043961
vn -0.872798 -0.486191 0.042928
vn -0.841713 -0.538951 0.032436
vn -0.846688 -0.530794 0.037121
vn -0.884251 -0.465776 0.033963
vn -0.889866 -0.455419 0.027049
vn -0.858143 -0.511539 0.043801
vn -0.861251 -0.506228 0.044502
vn -0.823923 -0.566679 0.005115
vn -0.826233 -0.563232 0.010462
vn -0.901642 -0.432460 0.004377
vn -0.902335 -0.431035 0.001275
vn -0.875809 -0.480888 -0.041306
vn -0.872798 -0.486190 -0.042928
vn -0.864332 -0.500929 -0.044712
vn -0.850852 -0.523860 -0.040270
vn -0.846689 -0.530791 -0.037119
vn -0.830550 -0.556654 -0.017962
vn -0.895517 -0.444657 -0.018144
vn -0.889866 -0.455419 -0.027047
vn -0.861252 -0.506227 -0.044501
vn -0.826233 -0.563231 -0.010467
vn -0.822761 -0.568387 0.000000
vn -0.902460 -0.430775 -0.000000
vn -0.902335 -0.431035 -0.001274
vn -0.864333 -0.500929 0.044712
vn -0.867305 -0.495783 0.044518
vn -0.875809 -0.480888 0.041306
vn -0.830550 -0.556654 0.017960
vn -0.836115 -0.547941 0.025939
vn -0.850851 -0.523861 0.040273
vn -0.879435 -0.474451 0.038601
vn -0.895517 -0.444657 0.018144
vn -0.854669 -0.517435 0.042444
vn -0.822972 -0.568080 0.001672
vn -0.899656 -0.436488 0.009867
vn -0.869274 -0.493006 -0.036159
vn -0.867161 -0.496684 -0.036571
vn -0.846190 -0.532224 -0.026438
vn -0.841716 -0.539507 -0.021127
vn -0.881019 -0.472264 -0.027800
vn -0.877114 -0.479243 -0.031579
vn -0.859697 -0.509547 -0.035828
vn -0.856821 -0.514450 -0.034641
vn -0.832035 -0.554707 -0.004249
vn -0.831256 -0.555888 -0.001467
vn -0.895514 -0.445018 -0.003618
vn -0.893859 -0.448274 -0.008120
vn -0.869274 -0.493007 0.036159
vn -0.871620 -0.488911 0.035265
vn -0.846189 -0.532226 0.026440
vn -0.850279 -0.525454 0.030395
vn -0.881018 -0.472265 0.027807
vn -0.885678 -0.463770 0.022173
vn -0.859696 -0.509549 0.035830
vn -0.862300 -0.505083 0.036476
vn -0.832035 -0.554706 0.004244
vn -0.833847 -0.551928 0.008618
vn -0.895514 -0.445018 0.003616
vn -0.896111 -0.443829 0.001052
vn -0.874148 -0.484477 -0.033868
vn -0.871620 -0.488911 -0.035266
vn -0.864729 -0.500899 -0.036661
vn -0.853822 -0.519521 -0.032960
vn -0.850280 -0.525453 -0.030393
vn -0.837274 -0.546585 -0.014732
vn -0.890432 -0.454872 -0.014877
vn -0.885678 -0.463770 -0.022172
vn -0.862300 -0.505083 -0.036473
vn -0.833847 -0.551929 -0.008623
vn -0.831032 -0.556224 -0.000000
vn -0.896232 -0.443585 0.000002
vn -0.896111 -0.443829 -0.001049
vn -0.864730 -0.500898 0.036661
vn -0.867160 -0.496685 0.036571
vn -0.874149 -0.484476 0.033862
vn -0.837274 -0.546586 0.014729
vn -0.841716 -0.539507 0.021127
vn -0.853821 -0.519521 0.032962
vn -0.877114 -0.479244 0.031582
vn -0.890433 -0.454872 0.014875
vn -0.856820 -0.514451 0.034642
vn -0.831256 -0.555888 0.001464
vn -0.893860 -0.448273 0.008112
vn -0.867515 -0.497112 -0.017240
vn -0.866627 -0.498651 -0.017456
vn -0.856491 -0.516014 -0.012377
vn -0.854542 -0.519284 -0.010074
vn -0.873156 -0.487259 -0.013302
vn -0.871378 -0.490383 -0.015010
vn -0.863137 -0.504682 -0.017041
vn -0.861597 -0.507326 -0.016465
vn -0.850064 -0.526676 -0.002084
vn -0.849787 -0.527125 -0.000784
vn -0.880340 -0.474339 -0.001913
vn -0.879424 -0.476022 -0.004078
vn -0.867514 -0.497114 0.017239
vn -0.868577 -0.495269 0.016801
vn -0.856490 -0.516015 0.012382
vn -0.858656 -0.512349 0.014426
vn -0.873157 -0.487257 0.013308
vn -0.875370 -0.483337 0.010638
vn -0.863136 -0.504683 0.017044
vn -0.864322 -0.502638 0.017389
vn -0.850064 -0.526675 0.002090
vn -0.850905 -0.525302 0.004255
vn -0.880340 -0.474339 0.001919
vn -0.880689 -0.473695 0.000547
vn -0.869911 -0.492945 -0.016093
vn -0.868578 -0.495268 -0.016798
vn -0.865322 -0.500911 -0.017482
vn -0.860423 -0.509337 -0.015764
vn -0.858656 -0.512349 -0.014421
vn -0.852565 -0.522571 -0.007224
vn -0.877700 -0.479157 -0.007189
vn -0.875369 -0.483338 -0.010629
vn -0.864323 -0.502637 -0.017386
vn -0.850905 -0.525303 -0.004255
vn -0.880689 -0.473694 -0.000534
vn -0.865323 -0.500909 0.017484
vn -0.866627 -0.498651 0.017457
vn -0.869910 -0.492948 0.016090
vn -0.852565 -0.522571 0.007221
vn -0.854542 -0.519285 0.010075
vn -0.860424 -0.509336 0.015765
vn -0.871377 -0.490384 0.015006
vn -0.877700 -0.479156 0.007193
vn -0.861597 -0.507326 0.016465
vn -0.849788 -0.527124 0.000787
vn -0.879424 -0.476021 0.004076
vn -0.867781 -0.496525 -0.020489
vn -0.867001 -0.497877 -0.020674
vn -0.854968 -0.518462 -0.015057
vn -0.852501 -0.522582 -0.012287
vn -0.874553 -0.484673 -0.015799
vn -0.872289 -0.488660 -0.017989
vn -0.862501 -0.505648 -0.020300
vn -0.860586 -0.508930 -0.019552
vn -0.847033 -0.531534 -0.002478
vn -0.846633 -0.532177 -0.000759
vn -0.882881 -0.469590 -0.002432
vn -0.881953 -0.471312 -0.004886
vn -0.867779 -0.496527 0.020489
vn -0.868976 -0.494449 0.020048
vn -0.854968 -0.518462 0.015082
vn -0.857181 -0.514732 0.017082
vn -0.874554 -0.484671 0.015808
vn -0.877289 -0.479796 0.012628
vn -0.862502 -0.505647 0.020303
vn -0.863944 -0.503158 0.020796
vn -0.847033 -0.531535 0.002494
vn -0.848030 -0.529925 0.004957
vn -0.882881 -0.469590 0.002438
vn -0.883364 -0.468687 0.000477
vn -0.870771 -0.491319 -0.019065
vn -0.868978 -0.494445 -0.020041
vn -0.865246 -0.500915 -0.020804
vn -0.859205 -0.511291 -0.018688
vn -0.857180 -0.514733 -0.017072
vn -0.849912 -0.526855 -0.008535
vn -0.879927 -0.475031 -0.008587
vn -0.877288 -0.479799 -0.012595
vn -0.863945 -0.503157 -0.020793
vn -0.848032 -0.529922 -0.004968
vn -0.846526 -0.532348 0.000000
vn -0.883364 -0.468686 -0.000458
vn -0.865249 -0.500911 0.020806
vn -0.867004 -0.497873 0.020676
vn -0.870768 -0.491325 0.019072
vn -0.849911 -0.526857 0.008515
vn -0.852500 -0.522582 0.012293
vn -0.859205 -0.511290 0.018684
vn -0.872287 -0.488663 0.017984
vn -0.879927 -0.475031 0.008610
vn -0.860586 -0.508929 0.019554
vn -0.881954 -0.471311 0.004889
vn -0.857801 -0.513793 -0.013939
vn -0.855120 -0.518326 -0.010364
vn -0.862515 -0.505758 -0.016629
vn -0.857802 -0.513790 0.013961
vn -0.862517 -0.505755 0.016630
vn -0.865967 -0.499803 -0.017278
vn -0.851901 -0.523668 -0.006038
vn -0.865968 -0.499801 0.017276
vn -0.851900 -0.523669 0.006021
vn -0.855121 -0.518325 0.010369
vn -0.500018 0.866015 -0.000000
vn 0.499962 -0.866048 0.000000
vn -0.500017 0.866016 0.000000
vn 0.500014 -0.866017 -0.000000
vn 0.866044 0.499968 0.000000
vn 0.866018 0.500014 0.000000
vn 0.856437 0.515918 -0.018556
vn 0.875054 0.483669 -0.018550
vn 0.875040 0.483692 0.018610
vn 0.856434 0.515922 0.018552
vn -0.852025 -0.523264 0.015761
vn -0.857791 -0.513274 0.027290
vn -0.865628 -0.499692 0.031548
vn -0.873421 -0.486188 0.027505
vn -0.879208 -0.476173 0.015871
vn -0.881405 -0.472360 0.000002
vn -0.879208 -0.476173 -0.015868
vn -0.873421 -0.486188 -0.027506
vn -0.865629 -0.499691 -0.031550
vn -0.857791 -0.513274 -0.027290
vn -0.852025 -0.523264 -0.015761
vn 0.500237 -0.865889 0.000000
vn 0.483180 -0.836365 0.258902
vn 0.835507 0.546658 0.055611
vn 0.129404 -0.224182 0.965918
vn -0.000026 -0.000045 1.000000
vn -0.129455 0.224096 0.965931
vn 0.355445 -0.614997 0.703873
vn -0.483020 0.836486 0.258812
vn -0.500058 0.865992 0.000001
vn -0.483020 0.836486 -0.258810
vn -0.832848 -0.550252 -0.059898
vn -0.843469 -0.534224 -0.056267
vn -0.835746 -0.547588 -0.040945
vn -0.129455 0.224096 -0.965931
vn -0.000027 -0.000044 -1.000000
vn 0.129403 -0.224181 -0.965918
vn -0.351896 0.609658 -0.710272
vn 0.483180 -0.836365 -0.258902
vn 0.353589 -0.612343 0.707115
vn -0.353582 0.612343 0.707118
vn -0.353580 0.612338 -0.707123
vn 0.353589 -0.612338 -0.707119
vn 0.355442 -0.615000 -0.703872
vn -0.832849 -0.550251 0.059890
vn -0.835746 -0.547588 0.040942
vn -0.843469 -0.534223 0.056264
vn -0.351888 0.609656 0.710277
vn 0.835508 0.546657 -0.055611
vn 0.352073 -0.609485 0.710333
vn -0.892834 -0.446348 0.060171
vn -0.884383 -0.463312 0.056643
vn -0.892130 -0.449899 0.041165
vn -0.355126 0.615146 -0.703904
vn 0.891178 0.450231 -0.055628
vn -0.355120 0.615146 0.703907
vn -0.892835 -0.446347 -0.060164
vn -0.892131 -0.449899 -0.041158
vn -0.884384 -0.463311 -0.056642
vn 0.352069 -0.609484 -0.710335
vn 0.891177 0.450232 0.055635
vn -0.832852 -0.553496 0.000000
vn -0.864389 -0.498853 0.063068
vn -0.864389 -0.498852 -0.063073

usemtl Paint
f 6865/3267/2924 6866/3266/2923 7207/3265/2922 6867/3264/2921
f 6861/3271/2928 6862/3270/2927 7210/3269/2926 6868/3268/2925
f 6857/3275/2932 6858/3274/2931 7209/3273/2930 6863/3272/2929
f 6854/3279/2936 6855/3278/2935 7208/3277/2934 6859/3276/2933
f 6849/3283/2940 6850/3282/2939 7202/3281/2938 6851/3280/2937
f 6845/3287/2944 6846/3286/2943 7205/3285/2942 6852/3284/2941
f 6841/3291/2948 6842/3290/2947 7204/3289/2946 6847/3288/2945
f 6838/3295/2952 6839/3294/2951 7203/3293/2950 6843/3292/2949
f 6834/3298/2955 6848/3297/2954 7204/3289/2946 6835/3296/2953
f 6830/3302/2959 6831/3301/2958 7200/3300/2957 6836/3299/2956
f 6826/3306/2963 6827/3305/2962 7199/3304/2961 6832/3303/2960
f 6824/3310/2967 6825/3309/2966 7198/3308/2965 6828/3307/2964
f 6819/3314/2971 6820/3313/2970 7193/3312/2969 6821/3311/2968
f 6815/3318/2975 6816/3317/2974 7196/3316/2973 6822/3315/2972
f 6811/3322/2979 6812/3321/2978 7195/3320/2977 6817/3319/2976
f 6808/3326/2983 6809/3325/2982 7194/3324/2981 6813/3323/2980
f 6804/3329/2986 6829/3328/2985 7198/3308/2965 6805/3327/2984
f 6801/3333/2990 6802/3332/2989 7191/3331/2988 6806/3330/2987
f 6798/3336/2993 6869/3335/2992 7210/3269/2926 6803/3334/2991
f 6796/3340/2997 6797/3339/2996 7190/3338/2995 6799/3337/2994
f 6792/3344/3001 6793/3343/3000 7186/3342/2999 6794/3341/2998
f 6789/3347/3004 6840/3346/3003 7202/3281/2938 6795/3345/3002
f 6785/3351/3008 6786/3350/3007 7188/3349/3006 6790/3348/3005
f 6782/3355/3012 6783/3354/3011 7187/3353/3010 6787/3352/3009
f 6778/3358/3015 6860/3357/3014 7208/3277/2934 6779/3356/3013
f 6774/3362/3019 6775/3361/3018 7184/3360/3017 6780/3359/3016
f 6770/3366/3023 6771/3365/3022 7183/3364/3021 6776/3363/3020
f 6768/3370/3027 6769/3369/3026 7182/3368/3025 6772/3367/3024
f 6764/3373/3030 6800/3372/3029 7190/3338/2995 6765/3371/3028
f 6760/3377/3034 6761/3376/3033 7180/3375/3032 6766/3374/3031
f 6757/3381/3038 6758/3380/3037 7179/3379/3036 6762/3378/3035
f 6756/3384/3041 6844/3383/3040 7203/3293/2950 6759/3382/3039
f 6751/3388/3045 6752/3387/3044 7175/3386/3043 6753/3385/3042
f 6747/3392/3049 6748/3391/3048 7177/3390/3047 6754/3389/3046
f 6744/3396/3053 6745/3395/3052 7176/3394/3051 6749/3393/3050
f 6742/3399/3056 6788/3398/3055 7187/3353/3010 6746/3397/3054
f 6737/3403/3060 6738/3402/3059 7170/3401/3058 6739/3400/3057
f 6733/3407/3064 6734/3406/3063 7173/3405/3062 6740/3404/3061
f 6729/3411/3068 6730/3410/3067 7172/3409/3066 6735/3408/3065
f 6726/3415/3072 6727/3414/3071 7171/3413/3070 6731/3412/3069
f 6721/3419/3076 6722/3418/3075 7165/3417/3074 6723/3416/3073
f 6717/3423/3080 6718/3422/3079 7168/3421/3078 6724/3420/3077
f 6713/3427/3084 6714/3426/3083 7167/3425/3082 6719/3424/3081
f 6710/3431/3088 6711/3430/3087 7166/3429/3086 6715/3428/3085
f 6705/3435/3092 6706/3434/3091 7160/3433/3090 6707/3432/3089
f 6701/3439/3096 6702/3438/3095 7163/3437/3094 6708/3436/3093
f 6697/3443/3100 6698/3442/3099 7162/3441/3098 6703/3440/3097
f 6694/3447/3104 6695/3446/3103 7161/3445/3102 6699/3444/3101
f 6691/3450/3107 6791/3449/3106 7188/3349/3006 6692/3448/3105
f 6689/3453/3110 6763/3452/3109 7179/3379/3036 6693/3451/3108
f 6686/3456/3113 6741/3455/3112 7173/3405/3062 6690/3454/3111
f 6684/3460/3117 6685/3459/3116 7158/3458/3115 6687/3457/3114
f 6680/3463/3120 6688/3462/3119 7158/3458/3115 6681/3461/3118
f 6676/3467/3124 6677/3466/3123 7156/3465/3122 6682/3464/3121
f 6673/3471/3128 6674/3470/3127 7155/3469/3126 6678/3468/3125
f 6672/3474/3131 6743/3473/3130 7175/3386/3043 6675/3472/3129
f 6667/3478/3135 6668/3477/3134 7151/3476/3133 6669/3475/3132
f 6663/3482/3139 6664/3481/3138 7153/3480/3137 6670/3479/3136
f 6660/3486/3143 6661/3485/3142 7152/3484/3141 6665/3483/3140
f 6658/3489/3146 6732/3488/3145 7171/3413/3070 6662/3487/3144
f 6654/3492/3149 6666/3491/3148 7152/3484/3141 6655/3490/3147
f 6651/3496/3153 6652/3495/3152 7149/3494/3151 6656/3493/3150
f 6648/3500/3156 6725/3499/3155 7168/3498/3078 6653/3497/3154
f 6646/3504/3160 6647/3503/3159 7148/3502/3158 6649/3501/3157
f 6641/3508/3164 6642/3507/3163 7143/3506/3162 6643/3505/3161
f 6637/3512/3168 6638/3511/3167 7146/3510/3166 6644/3509/3165
f 6633/3516/3172 6634/3515/3171 7145/3514/3170 6639/3513/3169
f 6630/3520/3176 6631/3519/3175 7144/3518/3174 6635/3517/3173
f 6625/3524/3180 6626/3523/3179 7139/3522/3178 6627/3521/3177
f 6622/3528/3184 6623/3527/3183 7141/3526/3182 6628/3525/3181
f 6619/3531/3187 6657/3530/3186 7149/3494/3151 6624/3529/3185
f 6616/3535/3191 6617/3534/3190 7140/3533/3189 6620/3532/3188
f 6612/3538/3194 6650/3537/3193 7148/3502/3158 6613/3536/3192
f 6609/3542/3198 6610/3541/3197 7137/3540/3196 6614/3539/3195
f 6607/3545/3201 6683/3544/3200 7156/3465/3122 6611/3543/3199
f 6606/3548/3204 6728/3547/3203 7170/3401/3058 6608/3546/3202
f 6601/3552/3208 6602/3551/3207 7133/3550/3206 6603/3549/3205
f 6597/3556/3212 6598/3555/3211 7135/3554/3210 6604/3553/3209
f 6594/3560/3216 6595/3559/3215 7134/3558/3214 6599/3557/3213
f 6592/3563/3219 6716/3562/3218 7166/3429/3086 6596/3561/3217
f 6588/3566/3222 6814/3565/3221 7194/3324/2981 6589/3564/3220
f 6585/3570/3226 6586/3569/3225 7131/3568/3224 6590/3567/3223
f 6582/3573/3229 6837/3572/3228 7200/3300/2957 6587/3571/3227
f 6580/3577/3233 6581/3576/3232 7130/3575/3231 6583/3574/3230
f 6575/3581/3237 6576/3580/3236 7125/3579/3235 6577/3578/3234
f 6571/3585/3241 6572/3584/3240 7128/3583/3239 6578/3582/3238
f 6567/3589/3245 6568/3588/3244 7127/3587/3243 6573/3586/3242
f 6564/3593/3249 6565/3592/3248 7126/3591/3247 6569/3590/3246
f 6560/3596/3252 6600/3595/3251 7134/3558/3214 6561/3594/3250
f 6557/3600/3256 6558/3599/3255 7123/3598/3254 6562/3597/3253
f 6554/3603/3259 6700/3602/3258 7161/3445/3102 6559/3601/3257
f 6552/3607/3263 6553/3606/3262 7122/3605/3261 6555/3604/3260
f 6548/3610/3266 6556/3609/3265 7122/3605/3261 6549/3608/3264
f 6545/3614/3270 6546/3613/3269 7120/3612/3268 6550/3611/3267
f 6543/3618/3273 6615/3617/3272 7137/3616/3196 6547/3615/3271
f 6542/3621/3276 6712/3620/3275 7165/3417/3074 6544/3619/3274
f 6537/3625/3280 6538/3624/3279 7116/3623/3278 6539/3622/3277
f 6534/3629/3284 6535/3628/3283 7118/3627/3282 6540/3626/3281
f 6531/3632/3287 6570/3631/3286 7126/3591/3247 6536/3630/3285
f 6528/3636/3291 6529/3635/3290 7117/3634/3289 6532/3633/3288
f 6524/3640/3295 6525/3639/3294 7112/3638/3293 6526/3637/3292
f 6521/3643/3298 6563/3642/3297 7123/3598/3254 6527/3641/3296
f 6517/3647/3302 6518/3646/3301 7114/3645/3300 6522/3644/3299
f 6514/3651/3306 6515/3650/3305 7113/3649/3304 6519/3648/3303
f 6509/3655/3310 6510/3654/3309 7109/3653/3308 6511/3652/3307
f 6506/3659/3314 6507/3658/3313 7110/3657/3312 6512/3656/3311
f 6504/3663/3317 6823/3662/3316 7196/3661/2973 6508/3660/3315
f 6502/3666/3320 6566/3665/3319 7125/3579/3235 6505/3664/3318
f 6498/3669/3323 6605/3668/3322 7135/3554/3210 6499/3667/3321
f 6494/3673/3327 6495/3672/3326 7107/3671/3325 6500/3670/3324
f 6491/3677/3331 6492/3676/3330 7106/3675/3329 6496/3674/3328
f 6490/3680/3334 6523/3679/3333 7114/3645/3300 6493/3678/3332
f 6487/3683/3337 6497/3682/3336 7106/3675/3329 6488/3681/3335
f 6484/3686/3340 6640/3685/3339 7145/3514/3170 6489/3684/3338
f 6480/3690/3344 6481/3689/3343 7104/3688/3342 6485/3687/3341
f 6478/3694/3348 6479/3693/3347 7103/3692/3346 6482/3691/3345
f 6474/3698/3352 6475/3697/3351 7100/3696/3350 6476/3695/3349
f 6472/3701/3355 6574/3700/3354 7127/3587/3243 6477/3699/3353
f 6469/3705/3358 6755/3704/3357 7177/3703/3047 6473/3702/3356
f 6466/3709/3362 6467/3708/3361 7101/3707/3360 6470/3706/3359
f 6463/3712/3365 6471/3711/3364 7101/3707/3360 6464/3710/3363
f 6461/3716/3368 6679/3715/3367 7155/3714/3126 6465/3713/3366
f 6459/3719/3371 6551/3718/3370 7120/3612/3268 6462/3717/3369
f 6458/3722/3374 6704/3721/3373 7162/3441/3098 6460/3720/3372
f 6455/3725/3377 6853/3724/3376 7205/3285/2942 6456/3723/3375
f 6452/3728/3380 6784/3727/3379 7186/3342/2999 6457/3726/3378
f 6449/3732/3384 6450/3731/3383 7097/3730/3382 6453/3729/3381
f 6448/3735/3387 6584/3734/3386 7130/3575/3231 6451/3733/3385
f 6445/3738/3390 6454/3737/3389 7097/3730/3382 6446/3736/3388
f 6443/3741/3393 6750/3740/3392 7176/3394/3051 6447/3739/3391
f 6441/3745/3396 6579/3744/3395 7128/3743/3239 6444/3742/3394
f 6440/3748/3399 6810/3747/3398 7193/3312/2969 6442/3746/3397
f 6436/3752/3403 6437/3751/3402 7094/3750/3401 6438/3749/3400
f 6434/3755/3406 6533/3754/3405 7117/3634/3289 6439/3753/3404
f 6432/3758/3409 6468/3757/3408 7100/3696/3350 6435/3756/3407
f 6430/3761/3412 6709/3760/3411 7163/3437/3094 6433/3759/3410
f 6426/3764/3415 6541/3763/3414 7118/3627/3282 6427/3762/3413
f 6422/3768/3419 6423/3767/3418 7092/3766/3417 6428/3765/3416
f 6419/3772/3423 6420/3771/3422 7091/3770/3421 6424/3769/3420
f 6418/3775/3426 6503/3774/3425 7109/3653/3308 6421/3773/3424
f 6414/3779/3430 6415/3778/3429 7088/3777/3428 6416/3776/3427
f 6412/3782/3433 6520/3781/3432 7113/3649/3304 6417/3780/3431
f 6409/3785/3436 6483/3784/3435 7103/3692/3346 6413/3783/3434
f 6406/3789/3440 6407/3788/3439 7089/3787/3438 6410/3786/3437
f 6402/3793/3444 6403/3792/3443 7085/3791/3442 6404/3790/3441
f 6400/3796/3447 6720/3795/3446 7167/3425/3082 6405/3794/3445
f 6397/3800/3450 6629/3799/3449 7141/3798/3182 6401/3797/3448
f 6394/3804/3454 6395/3803/3453 7086/3802/3452 6398/3801/3451
f 6390/3807/3457 6399/3806/3456 7086/3802/3452 6391/3805/3455
f 6386/3811/3461 6387/3810/3460 7083/3809/3459 6392/3808/3458
f 6383/3815/3465 6384/3814/3464 7082/3813/3463 6388/3812/3462
f 6382/3818/3468 6632/3817/3467 7143/3506/3162 6385/3816/3466
f 6378/3821/3471 6671/3820/3470 7153/3480/3137 6379/3819/3469
f 6374/3825/3475 6375/3824/3474 7080/3823/3473 6380/3822/3472
f 6371/3829/3479 6372/3828/3478 7079/3827/3477 6376/3826/3476
f 6370/3832/3482 6621/3831/3481 7140/3533/3189 6373/3830/3480
f 6367/3835/3485 6377/3834/3484 7079/3827/3477 6368/3833/3483
f 6364/3838/3488 6777/3837/3487 7183/3364/3021 6369/3836/3486
f 6360/3842/3492 6361/3841/3491 7077/3840/3490 6365/3839/3489
f 6358/3846/3496 6359/3845/3495 7076/3844/3494 6362/3843/3493
f 6354/3849/3499 6363/3848/3498 7076/3844/3494 6355/3847/3497
f 6351/3853/3503 6352/3852/3502 7074/3851/3501 6356/3850/3500
f 6349/3857/3506 6393/3856/3505 7083/3855/3459 6353/3854/3504
f 6348/3860/3509 6618/3859/3508 7139/3522/3178 6350/3858/3507
f 6345/3863/3512 6501/3862/3511 7107/3671/3325 6346/3861/3510
f 6343/3866/3515 6593/3865/3514 7133/3550/3206 6347/3864/3513
f 6341/3869/3518 6396/3868/3517 7085/3791/3442 6344/3867/3516
f 6340/3872/3521 6636/3871/3520 7144/3518/3174 6342/3870/3519
f 6337/3875/3524 6381/3874/3523 7080/3823/3473 6338/3873/3522
f 6334/3878/3527 6659/3877/3526 7151/3476/3133 6339/3876/3525
f 6331/3882/3531 6332/3881/3530 7071/3880/3529 6335/3879/3528
f 6330/3885/3534 6773/3884/3533 7182/3368/3025 6333/3883/3532
f 6327/3888/3537 6336/3887/3536 7071/3880/3529 6328/3886/3535
f 6325/3891/3540 6736/3890/3539 7172/3409/3066 6329/3889/3538
f 6323/3894/3543 6767/3893/3542 7180/3375/3032 6326/3892/3541
f 6322/3897/3546 6856/3896/3545 7207/3265/2922 6324/3895/3544
f 6317/3901/3550 6318/3900/3549 7066/3899/3548 6319/3898/3547
f 6313/3905/3554 6314/3904/3553 7068/3903/3552 6320/3902/3551
f 6310/3909/3558 6311/3908/3557 7067/3907/3556 6315/3906/3555
f 6308/3912/3561 6864/3911/3560 7209/3273/2930 6312/3910/3559
f 6303/3916/3565 6304/3915/3564 7061/3914/3563 6305/3913/3562
f 6299/3920/3569 6300/3919/3568 7064/3918/3567 6306/3917/3566
f 6295/3924/3573 6296/3923/3572 7063/3922/3571 6301/3921/3570
f 6292/3928/3577 6293/3927/3576 7062/3926/3575 6297/3925/3574
f 6288/3932/3581 6289/3931/3580 7058/3930/3579 6290/3929/3578
f 6285/3935/3584 6298/3934/3583 7062/3926/3575 6291/3933/3582
f 6282/3939/3588 6283/3938/3587 7059/3937/3586 6286/3936/3585
f 6280/3942/3591 6833/3941/3590 7199/3304/2961 6284/3940/3589
f 6275/3946/3595 6276/3945/3594 7054/3944/3593 6277/3943/3592
f 6271/3950/3599 6272/3949/3598 7056/3948/3597 6278/3947/3596
f 6268/3954/3603 6269/3953/3602 7055/3952/3601 6273/3951/3600
f 6266/3957/3606 6818/3956/3605 7195/3320/2977 6270/3955/3604
f 6263/3960/3609 6807/3959/3608 7191/3331/2988 6264/3958/3607
f 6260/3963/3612 6287/3962/3611 7059/3937/3586 6265/3961/3610
f 6257/3967/3616 6258/3966/3615 7052/3965/3614 6261/3964/3613
f 6256/3970/3619 6309/3969/3618 7066/3899/3548 6259/3968/3617
f 6252/3973/3622 6307/3972/3621 7064/3918/3567 6253/3971/3620
f 6248/3977/3626 6249/3976/3625 7050/3975/3624 6254/3974/3623
f 6244/3981/3630 6245/3980/3629 7049/3979/3628 6250/3978/3627
f 6242/3985/3634 6243/3984/3633 7048/3983/3632 6246/3982/3631
f 6239/3988/3637 6781/3987/3636 7184/3360/3017 6240/3986/3635
f 6236/3991/3640 6316/3990/3639 7067/3907/3556 6241/3989/3638
f 6232/3995/3644 6233/3994/3643 7046/3993/3642 6237/3992/3641
f 6230/3999/3648 6231/3998/3647 7045/3997/3646 6234/3996/3645
f 6226/4003/3652 6227/4002/3651 7042/4001/3650 6228/4000/3649
f 6224/4006/3655 6262/4005/3654 7052/3965/3614 6229/4004/3653
f 6221/4009/3658 6302/4008/3657 7063/3922/3571 6225/4007/3656
f 6218/4013/3662 6219/4012/3661 7043/4011/3660 6222/4010/3659
f 6213/4017/3666 6214/4016/3665 7038/4015/3664 6215/4014/3663
f 6210/4021/3670 6211/4020/3669 7040/4019/3668 6216/4018/3667
f 6207/4024/3673 6251/4023/3672 7049/3979/3628 6212/4022/3671
f 6204/4028/3677 6205/4027/3676 7039/4026/3675 6208/4025/3674
f 6199/4032/3681 6200/4031/3680 7033/4030/3679 6201/4029/3678
f 6195/4036/3685 6196/4035/3684 7036/4034/3683 6202/4033/3682
f 6191/4040/3689 6192/4039/3688 7035/4038/3687 6197/4037/3686
f 6188/4044/3693 6189/4043/3692 7034/4042/3691 6193/4041/3690
f 6183/4048/3697 6184/4047/3696 7028/4046/3695 6185/4045/3694
f 6179/4052/3701 6180/4051/3700 7031/4050/3699 6186/4049/3698
f 6175/4056/3705 6176/4055/3704 7030/4054/3703 6181/4053/3702
f 6172/4060/3709 6173/4059/3708 7029/4058/3707 6177/4057/3706
f 6167/4064/3713 6168/4063/3712 7023/4062/3711 6169/4061/3710
f 6163/4068/3717 6164/4067/3716 7026/4066/3715 6170/4065/3714
f 6159/4072/3721 6160/4071/3720 7025/4070/3719 6165/4069/3718
f 6156/4076/3725 6157/4075/3724 7024/4074/3723 6161/4073/3722
f 6153/4079/3728 6223/4078/3727 7043/4011/3660 6154/4077/3726
f 6150/4082/3731 6247/4081/3730 7048/3983/3632 6155/4080/3729
f 6147/4086/3735 6148/4085/3734 7021/4084/3733 6151/4083/3732
f 6146/4089/3738 6190/4088/3737 7033/4030/3679 6149/4087/3736
f 6142/4093/3742 6143/4092/3741 7018/4091/3740 6144/4090/3739
f 6140/4096/3745 6152/4095/3744 7021/4084/3733 6145/4094/3743
f 6137/4099/3748 6217/4098/3747 7040/4019/3668 6141/4097/3746
f 6134/4103/3752 6135/4102/3751 7019/4101/3750 6138/4100/3749
f 6129/4107/3756 6130/4106/3755 7014/4105/3754 6131/4104/3753
f 6126/4111/3760 6127/4110/3759 7016/4109/3758 6132/4108/3757
f 6123/4114/3763 6198/4113/3762 7035/4038/3687 6128/4112/3761
f 6120/4118/3767 6121/4117/3766 7015/4116/3765 6124/4115/3764
f 6116/4122/3771 6117/4121/3770 7011/4120/3769 6118/4119/3768
f 6113/4125/3774 6125/4124/3773 7015/4116/3765 6119/4123/3772
f 6110/4129/3778 6111/4128/3777 7012/4127/3776 6114/4126/3775
f 6108/4133/3781 6174/4132/3780 7028/4131/3695 6112/4130/3779
f 6104/4136/3784 6645/4135/3783 7146/3510/3166 6105/4134/3782
f 6100/4140/3788 6101/4139/3787 7009/4138/3786 6106/4137/3785
f 6096/4144/3792 6097/4143/3791 7008/4142/3790 6102/4141/3789
f 6094/4148/3796 6095/4147/3795 7007/4146/3794 6098/4145/3793
f 6089/4152/3800 6090/4151/3799 7003/4150/3798 6091/4149/3797
f 6085/4156/3804 6086/4155/3803 7005/4154/3802 6092/4153/3801
f 6082/4160/3808 6083/4159/3807 7004/4158/3806 6087/4157/3805
f 6080/4163/3811 6109/4162/3810 7011/4120/3769 6084/4161/3809
f 6076/4167/3815 6077/4166/3814 7001/4165/3813 6078/4164/3812
f 6074/4170/3818 6115/4169/3817 7012/4127/3776 6079/4168/3816
f 6072/4173/3821 6203/4172/3820 7036/4034/3683 6075/4171/3819
f 6070/4176/3824 6136/4175/3823 7018/4091/3740 6073/4174/3822
f 6065/4180/3828 6066/4179/3827 6997/4178/3826 6067/4177/3825
f 6062/4184/3832 6063/4183/3831 6999/4182/3830 6068/4181/3829
f 6059/4187/3835 6182/4186/3834 7030/4054/3703 6064/4185/3833
f 6056/4191/3839 6057/4190/3838 6998/4189/3837 6060/4188/3836
f 6053/4194/3842 6591/4193/3841 7131/3568/3224 6054/4192/3840
f 6050/4197/3845 6274/4196/3844 7055/3952/3601 6055/4195/3843
f 6047/4201/3849 6048/4200/3848 6995/4199/3847 6051/4198/3846
f 6046/4204/3852 6281/4203/3851 7058/3930/3579 6049/4202/3850
f 6041/4208/3856 6042/4207/3855 6990/4206/3854 6043/4205/3853
f 6037/4212/3860 6038/4211/3859 6993/4210/3858 6044/4209/3857
f 6033/4216/3864 6034/4215/3863 6992/4214/3862 6039/4213/3861
f 6030/4220/3868 6031/4219/3867 6991/4218/3866 6035/4217/3865
f 6026/4224/3872 6027/4223/3871 6987/4222/3870 6028/4221/3869
f 6023/4227/3875 6061/4226/3874 6998/4189/3837 6029/4225/3873
f 6020/4231/3879 6021/4230/3878 6988/4229/3877 6024/4228/3876
f 6018/4234/3882 6166/4233/3881 7025/4070/3719 6022/4232/3880
f 6014/4238/3886 6015/4237/3885 6985/4236/3884 6016/4235/3883
f 6012/4241/3889 6025/4240/3888 6988/4229/3877 6017/4239/3887
f 6010/4244/3892 6187/4243/3891 7031/4050/3699 6013/4242/3890
f 6008/4248/3895 6071/4247/3894 7001/4246/3813 6011/4245/3893
f 6003/4252/3899 6004/4251/3898 6981/4250/3897 6005/4249/3896
f 5999/4256/3903 6000/4255/3902 6983/4254/3901 6006/4253/3900
f 5996/4260/3907 5997/4259/3906 6982/4258/3905 6001/4257/3904
f 5994/4263/3910 6040/4262/3909 6992/4214/3862 5998/4261/3908
f 5990/4266/3913 6019/4265/3912 6987/4222/3870 5991/4264/3911
f 5986/4270/3917 5987/4269/3916 6979/4268/3915 5992/4267/3914
f 5982/4274/3921 5983/4273/3920 6978/4272/3919 5988/4271/3918
f 5980/4278/3925 5981/4277/3924 6977/4276/3923 5984/4275/3922
f 5976/4281/3928 6513/4280/3927 7110/3657/3312 5977/4279/3926
f 5973/4285/3932 5974/4284/3931 6975/4283/3930 5978/4282/3929
f 5971/4288/3935 6045/4287/3934 6993/4210/3858 5975/4286/3933
f 5970/4292/3938 6267/4291/3937 7054/4290/3593 5972/4289/3936
f 5966/4296/3942 5967/4295/3941 6972/4294/3940 5968/4293/3939
f 5964/4299/3945 6058/4298/3944 6997/4178/3826 5969/4297/3943
f 5961/4302/3948 5985/4301/3947 6977/4276/3923 5965/4300/3946
f 5958/4306/3952 5959/4305/3951 6973/4304/3950 5962/4303/3949
f 5955/4309/3955 6099/4308/3954 7007/4146/3794 5956/4307/3953
f 5952/4312/3958 5963/4311/3957 6973/4304/3950 5957/4310/3956
f 5949/4316/3962 5950/4315/3961 6970/4314/3960 5953/4313/3959
f 5948/4319/3965 6486/4318/3964 7104/3688/3342 5951/4317/3963
f 5944/4322/3968 6036/4321/3967 6991/4218/3866 5945/4320/3966
f 5940/4326/3972 5941/4325/3971 6968/4324/3970 5946/4323/3969
f 5937/4330/3976 5938/4329/3975 6967/4328/3974 5942/4327/3973
f 5936/4334/3979 6206/4333/3978 7038/4332/3664 5939/4331/3977
f 5933/4338/3982 6139/4337/3981 7019/4336/3750 5934/4335/3980
f 5931/4341/3985 5943/4340/3984 6967/4328/3974 5935/4339/3983
f 5929/4344/3988 6162/4343/3987 7024/4074/3723 5932/4342/3986
f 5928/4347/3991 6009/4346/3990 6985/4236/3884 5930/4345/3989
f 5925/4350/3994 6255/4349/3993 7050/3975/3624 5926/4348/3992
f 5923/4353/3997 6294/4352/3996 7061/3914/3563 5927/4351/3995
f 5920/4356/4000 6052/4355/3999 6995/4199/3847 5924/4354/3998
f 5918/4360/4004 5919/4359/4003 6964/4358/4002 5921/4357/4001
f 5915/4363/4007 6209/4362/4006 7039/4026/3675 5916/4361/4005
f 5913/4366/4010 5922/4365/4009 6964/4358/4002 5917/4364/4008
f 5911/4369/4013 6279/4368/4012 7056/3948/3597 5914/4367/4011
f 5910/4373/4016 6032/4372/4015 6990/4371/3854 5912/4370/4014
f 5906/4376/4019 6002/4375/4018 6982/4258/3905 5907/4374/4017
f 5903/4380/4023 5904/4379/4022 6961/4378/4021 5908/4377/4020
f 5901/4383/4026 6158/4382/4025 7023/4062/3711 5905/4381/4024
f 5900/4386/4029 5947/4385/4028 6968/4324/3970 5902/4384/4027
f 5896/4390/4033 5897/4389/4032 6959/4388/4031 5898/4387/4030
f 5894/4393/4036 5995/4392/4035 6981/4250/3897 5899/4391/4034
f 5892/4396/4039 5979/4395/4038 6975/4283/3930 5895/4394/4037
f 5890/4399/4042 6425/4398/4041 7091/3770/3421 5893/4397/4040
f 5886/4402/4045 5989/4401/4044 6978/4272/3919 5887/4400/4043
f 5883/4406/4049 5884/4405/4048 6957/4404/4047 5888/4403/4046
f 5881/4409/4052 6411/4408/4051 7089/3787/3438 5885/4407/4050
f 5880/4412/4055 5954/4411/4054 6970/4314/3960 5882/4410/4053
f 5876/4415/4058 6178/4414/4057 7029/4058/3707 5877/4413/4056
f 5872/4419/4062 5873/4418/4061 6955/4417/4060 5878/4416/4059
f 5869/4423/4066 5870/4422/4065 6954/4421/4064 5874/4420/4063
f 5868/4427/4069 6081/4426/4068 7003/4425/3798 5871/4424/4067
f 5864/4431/4073 5865/4430/4072 6952/4429/4071 5866/4428/4070
f 5862/4434/4076 5875/4433/4075 6954/4421/4064 5867/4432/4074
f 5860/4437/4079 6107/4436/4078 7009/4138/3786 5863/4435/4077
f 5858/4440/4082 6389/4439/4081 7082/3813/3463 5861/4438/4080
f 5854/4444/4086 5855/4443/4085 6949/4442/4084 5856/4441/4083
f 5852/4447/4089 6122/4446/4088 7014/4105/3754 5857/4445/4087
f 5849/4450/4092 6088/4449/4091 7004/4158/3806 5853/4448/4090
f 5846/4454/4096 5847/4453/4095 6950/4452/4094 5850/4451/4093
f 5843/4457/4099 6235/4456/4098 7045/3997/3646 5844/4455/4097
f 5840/4460/4102 5851/4459/4101 6950/4452/4094 5845/4458/4100
f 5837/4464/4106 5838/4463/4105 6947/4462/4104 5841/4461/4103
f 5836/4467/4109 6366/4466/4108 7077/3840/3490 5839/4465/4107
f 5833/4470/4112 6357/4469/4111 7074/3851/3501 5834/4468/4110
f 5831/4473/4115 5842/4472/4114 6947/4462/4104 5835/4471/4113
f 5829/4476/4118 6093/4475/4117 7005/4154/3802 5832/4474/4116
f 5828/4480/4121 5859/4479/4120 6952/4478/4071 5830/4477/4119
f 5825/4483/4124 6069/4482/4123 6999/4182/3830 5826/4481/4122
f 5823/4486/4127 5960/4485/4126 6972/4294/3940 5827/4484/4125
f 5821/4489/4130 6103/4488/4129 7008/4142/3790 5824/4487/4128
f 5820/4492/4133 5879/4491/4132 6955/4417/4060 5822/4490/4131
f 5817/4495/4136 6133/4494/4135 7016/4109/3758 5818/4493/4134
f 5815/4498/4139 5848/4497/4138 6949/4442/4084 5819/4496/4137
f 5812/4501/4142 6238/4500/4141 7046/3993/3642 5816/4499/4140
f 5810/4505/4146 5811/4504/4145 6943/4503/4144 5813/4502/4143
f 5807/4508/4149 6194/4507/4148 7034/4042/3691 5808/4506/4147
f 5805/4511/4152 5814/4510/4151 6943/4503/4144 5809/4509/4150
f 5803/4514/4155 6321/4513/4154 7068/3903/3552 5806/4512/4153
f 5802/4517/4158 6220/4516/4157 7042/4001/3650 5804/4515/4156
f 5797/4521/4162 5798/4520/4161 6937/4519/4160 5799/4518/4159
f 5793/4525/4166 5794/4524/4165 6940/4523/4164 5800/4522/4163
f 5789/4529/4170 5790/4528/4169 6939/4527/4168 5795/4526/4167
f 5786/4533/4174 5787/4532/4173 6938/4531/4172 5791/4530/4171
f 5781/4537/4178 5782/4536/4177 6932/4535/4176 5783/4534/4175
f 5777/4541/4182 5778/4540/4181 6935/4539/4180 5784/4538/4179
f 5773/4545/4186 5774/4544/4185 6934/4543/4184 5779/4542/4183
f 5770/4549/4190 5771/4548/4189 6933/4547/4188 5775/4546/4187
f 5765/4553/4194 5766/4552/4193 6928/4551/4192 5767/4550/4191
f 5761/4557/4198 5762/4556/4197 6930/4555/4196 5768/4554/4195
f 5758/4561/4202 5759/4560/4201 6929/4559/4200 5763/4558/4199
f 5756/4564/4205 5801/4563/4204 6940/4523/4164 5760/4562/4203
f 5752/4568/4209 5753/4567/4208 6925/4566/4207 5754/4565/4206
f 5749/4571/4212 5792/4570/4211 6938/4531/4172 5755/4569/4210
f 5746/4575/4216 5747/4574/4215 6926/4573/4214 5750/4572/4213
f 5744/4578/4219 5785/4577/4218 6935/4539/4180 5748/4576/4217
f 5740/4582/4223 5741/4581/4222 6921/4580/4221 5742/4579/4220
f 5737/4585/4226 5776/4584/4225 6933/4547/4188 5743/4583/4224
f 5733/4589/4230 5734/4588/4229 6923/4587/4228 5738/4586/4227
f 5730/4593/4234 5731/4592/4233 6922/4591/4232 5735/4590/4231
f 5725/4597/4238 5726/4596/4237 6917/4595/4236 5727/4594/4235
f 5721/4601/4242 5722/4600/4241 6919/4599/4240 5728/4598/4239
f 5718/4605/4246 5719/4604/4245 6918/4603/4244 5723/4602/4243
f 5716/4608/4249 5769/4607/4248 6930/4555/4196 5720/4606/4247
f 5711/4612/4253 5712/4611/4252 6912/4610/4251 5713/4609/4250
f 5707/4616/4257 5708/4615/4256 6915/4614/4255 5714/4613/4254
f 5703/4620/4261 5704/4619/4260 6914/4618/4259 5709/4617/4258
f 5700/4624/4265 5701/4623/4264 6913/4622/4263 5705/4621/4262
f 5695/4628/4269 5696/4627/4268 6907/4626/4267 5697/4625/4266
f 5691/4632/4273 5692/4631/4272 6910/4630/4271 5698/4629/4270
f 5687/4636/4277 5688/4635/4276 6909/4634/4275 5693/4633/4274
f 5684/4640/4281 5685/4639/4280 6908/4638/4279 5689/4637/4278
f 5680/4644/4285 5681/4643/4284 6903/4642/4283 5682/4641/4282
f 5677/4647/4288 5706/4646/4287 6913/4622/4263 5683/4645/4286
f 5673/4651/4292 5674/4650/4291 6905/4649/4290 5678/4648/4289
f 5670/4655/4296 5671/4654/4295 6904/4653/4294 5675/4652/4293
f 5666/4659/4300 5667/4658/4299 6900/4657/4298 5668/4656/4297
f 5663/4662/4303 5690/4661/4302 6908/4638/4279 5669/4660/4301
f 5660/4666/4307 5661/4665/4306 6901/4664/4305 5664/4663/4304
f 5658/4669/4310 5715/4668/4309 6915/4614/4255 5662/4667/4308
f 5654/4673/4314 5655/4672/4313 6897/4671/4312 5656/4670/4311
f 5651/4676/4317 5736/4675/4316 6922/4591/4232 5657/4674/4315
f 5648/4680/4321 5649/4679/4320 6898/4678/4319 5652/4677/4318
f 5646/4683/4324 5699/4682/4323 6910/4630/4271 5650/4681/4322
f 5642/4687/4328 5643/4686/4327 6894/4685/4326 5644/4684/4325
f 5639/4690/4331 5676/4689/4330 6904/4653/4294 5645/4688/4329
f 5636/4694/4335 5637/4693/4334 6895/4692/4333 5640/4691/4332
f 5634/4697/4337 5729/4696/4240 6919/4599/4240 5638/4695/4336
f 5630/4700/4340 5772/4699/4339 6932/4535/4176 5631/4698/4338
f 5627/4704/4344 5628/4703/4343 6892/4702/4342 5632/4701/4341
f 5624/4707/4347 6530/4706/4346 7116/3623/3278 5629/4705/4345
f 5622/4711/4351 5623/4710/4350 6891/4709/4349 5625/4708/4348
f 5618/4714/4354 5732/4713/4353 6921/4580/4221 5619/4712/4352
f 5615/4718/4358 5616/4717/4357 6889/4716/4356 5620/4715/4355
f 5613/4721/4361 6429/4720/4360 7092/3766/3417 5617/4719/4359
f 5612/4724/4364 5633/4723/4363 6892/4702/4342 5614/4722/4362
f 5608/4727/4367 5647/4726/4366 6897/4671/4312 5609/4725/4365
f 5605/4731/4371 5606/4730/4370 6887/4729/4369 5610/4728/4368
f 5603/4734/4374 5891/4733/4373 6959/4388/4031 5607/4732/4372
f 5602/4736/4377 5621/4592/4376 6889/4716/4356 5604/4735/4375
f 5598/4739/4380 5686/4738/4379 6907/4626/4267 5599/4737/4378
f 5595/4743/4384 5596/4742/4383 6885/4741/4382 5600/4740/4381
f 5593/4746/4387 6007/4745/4386 6983/4254/3901 5597/4744/4385
f 5592/4749/4390 5611/4748/4389 6887/4729/4369 5594/4747/4388
f 5588/4752/4393 5659/4751/4392 6900/4657/4298 5589/4750/4391
f 5585/4756/4397 5586/4755/4396 6883/4754/4395 5590/4753/4394
f 5583/4759/4400 5909/4758/4399 6961/4378/4021 5587/4757/4398
f 5582/4762/4403 5601/4761/4402 6885/4741/4382 5584/4760/4401
f 5578/4765/4406 5702/4764/4405 6912/4610/4251 5579/4763/4404
f 5575/4769/4410 5576/4768/4409 6881/4767/4408 5580/4766/4407
f 5573/4772/4413 6171/4771/4412 7026/4066/3715 5577/4770/4411
f 5572/4775/4416 5591/4774/4415 6883/4754/4395 5574/4773/4414
f 5568/4778/4419 5672/4777/4418 6903/4642/4283 5569/4776/4417
f 5565/4782/4423 5566/4781/4422 6879/4780/4421 5570/4779/4420
f 5563/4785/4426 5993/4784/4425 6979/4268/3915 5567/4783/4424
f 5562/4788/4429 5581/4787/4428 6881/4767/4408 5564/4786/4427
f 5558/4791/4432 5635/4790/4431 6894/4685/4326 5559/4789/4430
f 5555/4795/4436 5556/4794/4435 6877/4793/4434 5560/4792/4433
f 5553/4798/4439 5889/4797/4438 6957/4404/4047 5557/4796/4437
f 5552/4801/4442 5571/4800/4441 6879/4780/4421 5554/4799/4440
f 5548/4804/4445 5717/4803/4444 6917/4595/4236 5549/4802/4443
f 5545/4808/4449 5546/4807/4448 6875/4806/4447 5550/4805/4446
f 5543/4811/4452 6408/4810/4451 7088/3777/3428 5547/4809/4450
f 5542/4814/4455 5561/4813/4454 6877/4793/4434 5544/4812/4453
f 5538/4817/4458 5757/4816/4457 6928/4551/4192 5539/4815/4456
f 5535/4821/4462 5536/4820/4461 6873/4819/4460 5540/4818/4459
f 5533/4824/4465 6516/4823/4464 7112/3638/3293 5537/4822/4463
f 5532/4827/4468 5551/4826/4467 6875/4806/4447 5534/4825/4466
f 5528/4830/4471 5788/4829/4470 6937/4519/4160 5529/4828/4469
f 5525/4834/4475 5526/4833/4474 6871/4832/4473 5530/4831/4472
f 5523/4837/4478 6696/4836/4477 7160/3433/3090 5527/4835/4476
f 5522/4840/4481 5541/4839/4480 6873/4819/4460 5524/4838/4479
f 5519/4843/4484 5745/4842/4483 6925/4566/4207 5520/4841/4482
f 5517/4846/4487 5626/4845/4486 6891/4709/4349 5521/4844/4485
f 5515/4849/4490 6431/4848/4489 7094/3750/3401 5518/4847/4488
f 5514/4852/4493 5531/4851/4492 6871/4832/4473 5516/4850/4491
f 6866/3266/2923 6865/3267/2924 6869/3335/2992 7279/4853/4494
f 6865/3267/2924 6868/3268/2925 7210/3269/2926 6869/3335/2992
f 6865/3267/2924 6867/3264/2921 7211/4854/4495 6868/3268/2925
f 6862/3270/2927 6861/3271/2928 6864/3911/3560 7318/4855/4496
f 6861/3271/2928 6863/3272/2929 7209/3273/2930 6864/3911/3560
f 6861/3271/2928 6868/3268/2925 7211/4854/4495 6863/3272/2929
f 6858/3274/2931 6857/3275/2932 6860/3357/3014 7283/4856/4497
f 6857/3275/2932 6859/3276/2933 7208/3277/2934 6860/3357/3014
f 6857/3275/2932 6863/3272/2929 7211/4854/4495 6859/3276/2933
f 6855/3278/2935 6854/3279/2936 6856/3896/3545 7277/4857/4498
f 6854/3279/2936 6867/3264/2921 7207/3265/2922 6856/3896/3545
f 6854/3279/2936 6859/3276/2933 7211/4854/4495 6867/3264/2921
f 6850/3282/2939 6849/3283/2940 6853/3724/3376 7324/4858/4499
f 6849/3283/2940 6852/3284/2941 7205/3285/2942 6853/3724/3376
f 6849/3283/2940 6851/3280/2937 7206/4859/4500 6852/3284/2941
f 6846/3286/2943 6845/3287/2944 6848/3297/2954 7281/4860/4501
f 6845/3287/2944 6847/3288/2945 7204/3289/2946 6848/3297/2954
f 6845/3287/2944 6852/3284/2941 7206/4859/4500 6847/3288/2945
f 6842/3290/2947 6841/3291/2948 6844/3383/3040 7284/4861/4502
f 6841/3291/2948 6843/3292/2949 7203/3293/2950 6844/3383/3040
f 6841/3291/2948 6847/3288/2945 7206/4859/4500 6843/3292/2949
f 6839/3294/2951 6838/3295/2952 6840/3346/3003 7282/4862/4503
f 6838/3295/2952 6851/3280/2937 7202/3281/2938 6840/3346/3003
f 6838/3295/2952 6843/3292/2949 7206/4859/4500 6851/3280/2937
f 6848/3297/2954 6834/3298/2955 6837/3572/3228 7281/4860/4501
f 6834/3298/2955 6836/3299/2956 7200/3300/2957 6837/3572/3228
f 6834/3298/2955 6835/3296/2953 7201/4863/4504 6836/3299/2956
f 6831/3301/2958 6830/3302/2959 6833/3941/3590 7314/4864/4505
f 6830/3302/2959 6832/3303/2960 7199/3304/2961 6833/3941/3590
f 6830/3302/2959 6836/3299/2956 7201/4863/4504 6832/3303/2960
f 6827/3305/2962 6826/3306/2963 6829/3328/2985 7287/4865/4506
f 6826/3306/2963 6828/3307/2964 7198/3308/2965 6829/3328/2985
f 6826/3306/2963 6832/3303/2960 7201/4863/4504 6828/3307/2964
f 6825/3309/2966 6824/3310/2967 6842/3290/2947 7284/4861/4502
f 6824/3310/2967 6835/3296/2953 7204/3289/2946 6842/3290/2947
f 6824/3310/2967 6828/3307/2964 7201/4863/4504 6835/3296/2953
f 6820/3313/2970 6819/3314/2971 6823/4867/3316 7329/4866/4507
f 6819/3314/2971 6822/3315/2972 7196/3316/2973 6823/4867/3316
f 6819/3314/2971 6821/3311/2968 7197/4868/4508 6822/3315/2972
f 6816/3317/2974 6815/3318/2975 6818/3956/3605 7306/4869/4509
f 6815/3318/2975 6817/3319/2976 7195/3320/2977 6818/3956/3605
f 6815/3318/2975 6822/3315/2972 7197/4868/4508 6817/3319/2976
f 6812/3321/2978 6811/3322/2979 6814/3565/3221 7295/4870/4510
f 6811/3322/2979 6813/3323/2980 7194/3324/2981 6814/3565/3221
f 6811/3322/2979 6817/3319/2976 7197/4868/4508 6813/3323/2980
f 6809/3325/2982 6808/3326/2983 6810/3747/3398 7304/4871/4511
f 6808/3326/2983 6821/3311/2968 7193/3312/2969 6810/3747/3398
f 6808/3326/2983 6813/3323/2980 7197/4868/4508 6821/3311/2968
f 6829/3328/2985 6804/3329/2986 6807/3959/3608 7287/4865/4506
f 6804/3329/2986 6806/3330/2987 7191/3331/2988 6807/3959/3608
f 6804/3329/2986 6805/3327/2984 7192/4872/4512 6806/3330/2987
f 6802/3332/2989 6801/3333/2990 6862/3270/2927 7318/4855/4496
f 6801/3333/2990 6803/3334/2991 7210/3269/2926 6862/3270/2927
f 6801/3333/2990 6806/3330/2987 7192/4872/4512 6803/3334/2991
f 6869/3335/2992 6798/3336/2993 6800/3372/3029 7279/4853/4494
f 6798/3336/2993 6799/3337/2994 7190/3338/2995 6800/3372/3029
f 6798/3336/2993 6803/3334/2991 7192/4872/4512 6799/3337/2994
f 6797/3339/2996 6796/3340/2997 6825/3309/2966 7284/4861/4502
f 6796/3340/2997 6805/3327/2984 7198/3308/2965 6825/3309/2966
f 6796/3340/2997 6799/3337/2994 7192/4872/4512 6805/3327/2984
f 6793/3343/3000 6792/3344/3001 6850/3282/2939 7324/4858/4499
f 6792/3344/3001 6795/3345/3002 7202/3281/2938 6850/3282/2939
f 6792/3344/3001 6794/3341/2998 7189/4873/4513 6795/3345/3002
f 6840/3346/3003 6789/3347/3004 6791/3449/3106 7282/4862/4503
f 6789/3347/3004 6790/3348/3005 7188/3349/3006 6791/3449/3106
f 6789/3347/3004 6795/3345/3002 7189/4873/4513 6790/3348/3005
f 6786/3350/3007 6785/3351/3008 6788/3398/3055 7289/4874/4514
f 6785/3351/3008 6787/3352/3009 7187/3353/3010 6788/3398/3055
f 6785/3351/3008 6790/3348/3005 7189/4873/4513 6787/3352/3009
f 6783/3354/3011 6782/3355/3012 6784/3727/3379 7288/4875/4515
f 6782/3355/3012 6794/3341/2998 7186/3342/2999 6784/3727/3379
f 6782/3355/3012 6787/3352/3009 7189/4873/4513 6794/3341/2998
f 6860/3357/3014 6778/3358/3015 6781/3987/3636 7283/4856/4497
f 6778/3358/3015 6780/3359/3016 7184/3360/3017 6781/3987/3636
f 6778/3358/3015 6779/3356/3013 7185/4876/4516 6780/3359/3016
f 6775/3361/3018 6774/3362/3019 6777/3837/3487 7316/4877/4517
f 6774/3362/3019 6776/3363/3020 7183/3364/3021 6777/3837/3487
f 6774/3362/3019 6780/3359/3016 7185/4876/4516 6776/3363/3020
f 6771/3365/3022 6770/3366/3023 6773/3884/3533 7278/4878/4518
f 6770/3366/3023 6772/3367/3024 7182/3368/3025 6773/3884/3533
f 6770/3366/3023 6776/3363/3020 7185/4876/4516 6772/3367/3024
f 6769/3369/3026 6768/3370/3027 6855/3278/2935 7277/4857/4498
f 6768/3370/3027 6779/3356/3013 7208/3277/2934 6855/3278/2935
f 6768/3370/3027 6772/3367/3024 7185/4876/4516 6779/3356/3013
f 6800/3372/3029 6764/3373/3030 6767/3893/3542 7279/4853/4494
f 6764/3373/3030 6766/3374/3031 7180/3375/3032 6767/3893/3542
f 6764/3373/3030 6765/3371/3028 7181/4879/4519 6766/3374/3031
f 6761/3376/3033 6760/3377/3034 6763/3452/3109 7315/4880/4520
f 6760/3377/3034 6762/3378/3035 7179/3379/3036 6763/3452/3109
f 6760/3377/3034 6766/3374/3031 7181/4879/4519 6762/3378/3035
f 6758/3380/3037 6757/3381/3038 6839/3294/2951 7282/4862/4503
f 6757/3381/3038 6759/3382/3039 7203/3293/2950 6839/3294/2951
f 6757/3381/3038 6762/3378/3035 7181/4879/4519 6759/3382/3039
f 6844/3383/3040 6756/3384/3041 6797/3339/2996 7284/4861/4502
f 6756/3384/3041 6765/3371/3028 7190/3338/2995 6797/3339/2996
f 6756/3384/3041 6759/3382/3039 7181/4879/4519 6765/3371/3028
f 6752/3387/3044 6751/3388/3045 6755/4882/3357 7286/4881/4521
f 6751/3388/3045 6754/3389/3046 7177/3390/3047 6755/4882/3357
f 6751/3388/3045 6753/3385/3042 7178/4883/4522 6754/3389/3046
f 6748/3391/3048 6747/3392/3049 6750/3740/3392 7311/4884/4523
f 6747/3392/3049 6749/3393/3050 7176/3394/3051 6750/3740/3392
f 6747/3392/3049 6754/3389/3046 7178/4883/4522 6749/3393/3050
f 6745/3395/3052 6744/3396/3053 6783/3354/3011 7288/4875/4515
f 6744/3396/3053 6746/3397/3054 7187/3353/3010 6783/3354/3011
f 6744/3396/3053 6749/3393/3050 7178/4883/4522 6746/3397/3054
f 6788/3398/3055 6742/3399/3056 6743/3473/3130 7289/4874/4514
f 6742/3399/3056 6753/3385/3042 7175/3386/3043 6743/3473/3130
f 6742/3399/3056 6746/3397/3054 7178/4883/4522 6753/3385/3042
f 6738/3402/3059 6737/3403/3060 6741/3455/3112 7285/4885/4524
f 6737/3403/3060 6740/3404/3061 7173/3405/3062 6741/3455/3112
f 6737/3403/3060 6739/3400/3057 7174/4886/4525 6740/3404/3061
f 6734/3406/3063 6733/3407/3064 6736/3890/3539 7315/4880/4520
f 6733/3407/3064 6735/3408/3065 7172/3409/3066 6736/3890/3539
f 6733/3407/3064 6740/3404/3061 7174/4886/4525 6735/3408/3065
f 6730/3410/3067 6729/3411/3068 6732/3488/3145 7280/4887/4526
f 6729/3411/3068 6731/3412/3069 7171/3413/3070 6732/3488/3145
f 6729/3411/3068 6735/3408/3065 7174/4886/4525 6731/3412/3069
f 6727/3414/3071 6726/3415/3072 6728/3547/3203 7294/4888/4527
f 6726/3415/3072 6739/3400/3057 7170/3401/3058 6728/3547/3203
f 6726/3415/3072 6731/3412/3069 7174/4886/4525 6739/3400/3057
f 6722/3418/3075 6721/3419/3076 6725/4890/3155 7293/4889/4528
f 6721/3419/3076 6724/3420/3077 7168/3421/3078 6725/4890/3155
f 6721/3419/3076 6723/3416/3073 7169/4891/4529 6724/3420/3077
f 6718/3422/3079 6717/3423/3080 6720/3795/3446 7312/4892/4530
f 6717/3423/3080 6719/3424/3081 7167/3425/3082 6720/3795/3446
f 6717/3423/3080 6724/3420/3077 7169/4891/4529 6719/3424/3081
f 6714/3426/3083 6713/3427/3084 6716/3562/3218 7301/4893/4531
f 6713/3427/3084 6715/3428/3085 7166/3429/3086 6716/3562/3218
f 6713/3427/3084 6719/3424/3081 7169/4891/4529 6715/3428/3085
f 6711/3430/3087 6710/3431/3088 6712/3620/3275 7303/4894/4532
f 6710/3431/3088 6723/3416/3073 7165/3417/3074 6712/3620/3275
f 6710/3431/3088 6715/3428/3085 7169/4891/4529 6723/3416/3073
f 6706/3434/3091 6705/3435/3092 6709/3760/3411 7302/4895/4533
f 6705/3435/3092 6708/3436/3093 7163/3437/3094 6709/3760/3411
f 6705/3435/3092 6707/3432/3089 7164/4896/4534 6708/3436/3093
f 6702/3438/3095 6701/3439/3096 6704/3721/3373 7309/4897/4535
f 6701/3439/3096 6703/3440/3097 7162/3441/3098 6704/3721/3373
f 6701/3439/3096 6708/3436/3093 7164/4896/4534 6703/3440/3097
f 6698/3442/3099 6697/3443/3100 6700/3602/3258 7296/4898/4536
f 6697/3443/3100 6699/3444/3101 7161/3445/3102 6700/3602/3258
f 6697/3443/3100 6703/3440/3097 7164/4896/4534 6699/3444/3101
f 6695/3446/3103 6694/3447/3104 6696/4836/4477 7322/4899/4537
f 6694/3447/3104 6707/3432/3089 7160/3433/3090 6696/4836/4477
f 6694/3447/3104 6699/3444/3101 7164/4896/4534 6707/3432/3089
f 6791/3449/3106 6691/3450/3107 6758/3380/3037 7282/4862/4503
f 6691/3450/3107 6693/3451/3108 7179/3379/3036 6758/3380/3037
f 6691/3450/3107 6692/3448/3105 7159/4900/4538 6693/3451/3108
f 6763/3452/3109 6689/3453/3110 6734/3406/3063 7315/4880/4520
f 6689/3453/3110 6690/3454/3111 7173/3405/3062 6734/3406/3063
f 6689/3453/3110 6693/3451/3108 7159/4900/4538 6690/3454/3111
f 6741/3455/3112 6686/3456/3113 6688/3462/3119 7285/4885/4524
f 6686/3456/3113 6687/3457/3114 7158/3458/3115 6688/3462/3119
f 6686/3456/3113 6690/3454/3111 7159/4900/4538 6687/3457/3114
f 6685/3459/3116 6684/3460/3117 6786/3350/3007 7289/4874/4514
f 6684/3460/3117 6692/3448/3105 7188/3349/3006 6786/3350/3007
f 6684/3460/3117 6687/3457/3114 7159/4900/4538 6692/3448/3105
f 6688/3462/3119 6680/3463/3120 6683/3544/3200 7285/4885/4524
f 6680/3463/3120 6682/3464/3121 7156/3465/3122 6683/3544/3200
f 6680/3463/3120 6681/3461/3118 7157/4901/4539 6682/3464/3121
f 6677/3466/3123 6676/3467/3124 6679/4903/3367 7313/4902/4540
f 6676/3467/3124 6678/3468/3125 7155/3469/3126 6679/4903/3367
f 6676/3467/3124 6682/3464/3121 7157/4901/4539 6678/3468/3125
f 6674/3470/3127 6673/3471/3128 6752/3387/3044 7286/4881/4521
f 6673/3471/3128 6675/3472/3129 7175/3386/3043 6752/3387/3044
f 6673/3471/3128 6678/3468/3125 7157/4901/4539 6675/3472/3129
f 6743/3473/3130 6672/3474/3131 6685/3459/3116 7289/4874/4514
f 6672/3474/3131 6681/3461/3118 7158/3458/3115 6685/3459/3116
f 6672/3474/3131 6675/3472/3129 7157/4901/4539 6681/3461/3118
f 6668/3477/3134 6667/3478/3135 6671/3820/3470 7325/4904/4541
f 6667/3478/3135 6670/3479/3136 7153/3480/3137 6671/3820/3470
f 6667/3478/3135 6669/3475/3132 7154/4905/4542 6670/3479/3136
f 6664/3481/3138 6663/3482/3139 6666/3491/3148 7291/4906/4543
f 6663/3482/3139 6665/3483/3140 7152/3484/3141 6666/3491/3148
f 6663/3482/3139 6670/3479/3136 7154/4905/4542 6665/3483/3140
f 6661/3485/3142 6660/3486/3143 6727/3414/3071 7294/4888/4527
f 6660/3486/3143 6662/3487/3144 7171/3413/3070 6727/3414/3071
f 6660/3486/3143 6665/3483/3140 7154/4905/4542 6662/3487/3144
f 6732/3488/3145 6658/3489/3146 6659/3877/3526 7280/4887/4526
f 6658/3489/3146 6669/3475/3132 7151/3476/3133 6659/3877/3526
f 6658/3489/3146 6662/3487/3144 7154/4905/4542 6669/3475/3132
f 6666/3491/3148 6654/3492/3149 6657/3530/3186 7291/4906/4543
f 6654/3492/3149 6656/3493/3150 7149/3494/3151 6657/3530/3186
f 6654/3492/3149 6655/3490/3147 7150/4907/4544 6656/3493/3150
f 6652/3495/3152 6651/3496/3153 6718/4909/3079 7312/4908/4530
f 6651/3496/3153 6653/3497/3154 7168/3498/3078 6718/4909/3079
f 6651/3496/3153 6656/3493/3150 7150/4907/4544 6653/3497/3154
f 6725/3499/3155 6648/3500/3156 6650/3537/3193 7293/4910/4528
f 6648/3500/3156 6649/3501/3157 7148/3502/3158 6650/3537/3193
f 6648/3500/3156 6653/3497/3154 7150/4907/4544 6649/3501/3157
f 6647/3503/3159 6646/3504/3160 6661/3485/3142 7294/4888/4527
f 6646/3504/3160 6655/3490/3147 7152/3484/3141 6661/3485/3142
f 6646/3504/3160 6649/3501/3157 7150/4907/4544 6655/3490/3147
f 6642/3507/3163 6641/3508/3164 6645/4135/3783 7317/4911/4545
f 6641/3508/3164 6644/3509/3165 7146/3510/3166 6645/4135/3783
f 6641/3508/3164 6643/3505/3161 7147/4912/4546 6644/3509/3165
f 6638/3511/3167 6637/3512/3168 6640/3685/3339 7321/4913/4547
f 6637/3512/3168 6639/3513/3169 7145/3514/3170 6640/3685/3339
f 6637/3512/3168 6644/3509/3165 7147/4912/4546 6639/3513/3169
f 6634/3515/3171 6633/3516/3172 6636/3871/3520 7300/4914/4548
f 6633/3516/3172 6635/3517/3173 7144/3518/3174 6636/3871/3520
f 6633/3516/3172 6639/3513/3169 7147/4912/4546 6635/3517/3173
f 6631/3519/3175 6630/3520/3176 6632/3817/3467 7320/4915/4549
f 6630/3520/3176 6643/3505/3161 7143/3506/3162 6632/3817/3467
f 6630/3520/3176 6635/3517/3173 7147/4912/4546 6643/3505/3161
f 6626/3523/3179 6625/3524/3180 6629/4917/3449 7310/4916/4550
f 6625/3524/3180 6628/3525/3181 7141/3526/3182 6629/4917/3449
f 6625/3524/3180 6627/3521/3177 7142/4918/4551 6628/3525/3181
f 6623/3527/3183 6622/3528/3184 6652/3495/3152 7312/4908/4530
f 6622/3528/3184 6624/3529/3185 7149/3494/3151 6652/3495/3152
f 6622/3528/3184 6628/3525/3181 7142/4918/4551 6624/3529/3185
f 6657/3530/3186 6619/3531/3187 6621/3831/3481 7291/4906/4543
f 6619/3531/3187 6620/3532/3188 7140/3533/3189 6621/3831/3481
f 6619/3531/3187 6624/3529/3185 7142/4918/4551 6620/3532/3188
f 6617/3534/3190 6616/3535/3191 6618/3859/3508 7327/4919/4552
f 6616/3535/3191 6627/3521/3177 7139/3522/3178 6618/3859/3508
f 6616/3535/3191 6620/3532/3188 7142/4918/4551 6627/3521/3177
f 6650/3537/3193 6612/3538/3194 6615/4920/3272 7293/4910/4528
f 6612/3538/3194 6614/3539/3195 7137/3540/3196 6615/4920/3272
f 6612/3538/3194 6613/3536/3192 7138/4921/4553 6614/3539/3195
f 6610/3541/3197 6609/3542/3198 6677/3466/3123 7313/4902/4540
f 6609/3542/3198 6611/3543/3199 7156/3465/3122 6677/3466/3123
f 6609/3542/3198 6614/3539/3195 7138/4921/4553 6611/3543/3199
f 6683/3544/3200 6607/3545/3201 6738/3402/3059 7285/4885/4524
f 6607/3545/3201 6608/3546/3202 7170/3401/3058 6738/3402/3059
f 6607/3545/3201 6611/3543/3199 7138/4921/4553 6608/3546/3202
f 6728/3547/3203 6606/3548/3204 6647/3503/3159 7294/4888/4527
f 6606/3548/3204 6613/3536/3192 7148/3502/3158 6647/3503/3159
f 6606/3548/3204 6608/3546/3202 7138/4921/4553 6613/3536/3192
f 6602/3551/3207 6601/3552/3208 6605/3668/3322 7330/4922/4554
f 6601/3552/3208 6604/3553/3209 7135/3554/3210 6605/3668/3322
f 6601/3552/3208 6603/3549/3205 7136/4923/4555 6604/3553/3209
f 6598/3555/3211 6597/3556/3212 6600/3595/3251 7298/4924/4556
f 6597/3556/3212 6599/3557/3213 7134/3558/3214 6600/3595/3251
f 6597/3556/3212 6604/3553/3209 7136/4923/4555 6599/3557/3213
f 6595/3559/3215 6594/3560/3216 6711/3430/3087 7303/4894/4532
f 6594/3560/3216 6596/3561/3217 7166/3429/3086 6711/3430/3087
f 6594/3560/3216 6599/3557/3213 7136/4923/4555 6596/3561/3217
f 6716/3562/3218 6592/3563/3219 6593/3865/3514 7301/4893/4531
f 6592/3563/3219 6603/3549/3205 7133/3550/3206 6593/3865/3514
f 6592/3563/3219 6596/3561/3217 7136/4923/4555 6603/3549/3205
f 6814/3565/3221 6588/3566/3222 6591/4193/3841 7295/4870/4510
f 6588/3566/3222 6590/3567/3223 7131/3568/3224 6591/4193/3841
f 6588/3566/3222 6589/3564/3220 7132/4925/4557 6590/3567/3223
f 6586/3569/3225 6585/3570/3226 6831/3301/2958 7314/4864/4505
f 6585/3570/3226 6587/3571/3227 7200/3300/2957 6831/3301/2958
f 6585/3570/3226 6590/3567/3223 7132/4925/4557 6587/3571/3227
f 6837/3572/3228 6582/3573/3229 6584/3734/3386 7281/4860/4501
f 6582/3573/3229 6583/3574/3230 7130/3575/3231 6584/3734/3386
f 6582/3573/3229 6587/3571/3227 7132/4925/4557 6583/3574/3230
f 6581/3576/3232 6580/3577/3233 6809/3325/2982 7304/4871/4511
f 6580/3577/3233 6589/3564/3220 7194/3324/2981 6809/3325/2982
f 6580/3577/3233 6583/3574/3230 7132/4925/4557 6589/3564/3220
f 6576/3580/3236 6575/3581/3237 6579/4927/3395 7329/4926/4507
f 6575/3581/3237 6578/3582/3238 7128/3583/3239 6579/4927/3395
f 6575/3581/3237 6577/3578/3234 7129/4928/4558 6578/3582/3238
f 6572/3584/3240 6571/3585/3241 6574/3700/3354 7311/4929/4523
f 6571/3585/3241 6573/3586/3242 7127/3587/3243 6574/3700/3354
f 6571/3585/3241 6578/3582/3238 7129/4928/4558 6573/3586/3242
f 6568/3588/3244 6567/3589/3245 6570/3631/3286 7308/4930/4559
f 6567/3589/3245 6569/3590/3246 7126/3591/3247 6570/3631/3286
f 6567/3589/3245 6573/3586/3242 7129/4928/4558 6569/3590/3246
f 6565/3592/3248 6564/3593/3249 6566/3665/3319 7290/4931/4560
f 6564/3593/3249 6577/3578/3234 7125/3579/3235 6566/3665/3319
f 6564/3593/3249 6569/3590/3246 7129/4928/4558 6577/3578/3234
f 6600/3595/3251 6560/3596/3252 6563/3642/3297 7298/4924/4556
f 6560/3596/3252 6562/3597/3253 7123/3598/3254 6563/3642/3297
f 6560/3596/3252 6561/3594/3250 7124/4932/4561 6562/3597/3253
f 6558/3599/3255 6557/3600/3256 6695/3446/3103 7322/4899/4537
f 6557/3600/3256 6559/3601/3257 7161/3445/3102 6695/3446/3103
f 6557/3600/3256 6562/3597/3253 7124/4932/4561 6559/3601/3257
f 6700/3602/3258 6554/3603/3259 6556/3609/3265 7296/4898/4536
f 6554/3603/3259 6555/3604/3260 7122/3605/3261 6556/3609/3265
f 6554/3603/3259 6559/3601/3257 7124/4932/4561 6555/3604/3260
f 6553/3606/3262 6552/3607/3263 6595/3559/3215 7303/4894/4532
f 6552/3607/3263 6561/3594/3250 7134/3558/3214 6595/3559/3215
f 6552/3607/3263 6555/3604/3260 7124/4932/4561 6561/3594/3250
f 6556/3609/3265 6548/3610/3266 6551/3718/3370 7296/4898/4536
f 6548/3610/3266 6550/3611/3267 7120/3612/3268 6551/3718/3370
f 6548/3610/3266 6549/3608/3264 7121/4933/4562 6550/3611/3267
f 6546/3613/3269 6545/3614/3270 6610/4935/3197 7313/4934/4540
f 6545/3614/3270 6547/3615/3271 7137/3616/3196 6610/4935/3197
f 6545/3614/3270 6550/3611/3267 7121/4933/4562 6547/3615/3271
f 6615/3617/3272 6543/3618/3273 6722/3418/3075 7293/4889/4528
f 6543/3618/3273 6544/3619/3274 7165/3417/3074 6722/3418/3075
f 6543/3618/3273 6547/3615/3271 7121/4933/4562 6544/3619/3274
f 6712/3620/3275 6542/3621/3276 6553/3606/3262 7303/4894/4532
f 6542/3621/3276 6549/3608/3264 7122/3605/3261 6553/3606/3262
f 6542/3621/3276 6544/3619/3274 7121/4933/4562 6549/3608/3264
f 6538/3624/3279 6537/3625/3280 6541/3763/3414 7305/4936/4563
f 6537/3625/3280 6540/3626/3281 7118/3627/3282 6541/3763/3414
f 6537/3625/3280 6539/3622/3277 7119/4937/4564 6540/3626/3281
f 6535/3628/3283 6534/3629/3284 6565/3592/3248 7290/4931/4560
f 6534/3629/3284 6536/3630/3285 7126/3591/3247 6565/3592/3248
f 6534/3629/3284 6540/3626/3281 7119/4937/4564 6536/3630/3285
f 6570/3631/3286 6531/3632/3287 6533/3754/3405 7308/4930/4559
f 6531/3632/3287 6532/3633/3288 7117/3634/3289 6533/3754/3405
f 6531/3632/3287 6536/3630/3285 7119/4937/4564 6532/3633/3288
f 6529/3635/3290 6528/3636/3291 6530/4706/4346 7292/4938/4565
f 6528/3636/3291 6539/3622/3277 7116/3623/3278 6530/4706/4346
f 6528/3636/3291 6532/3633/3288 7119/4937/4564 6539/3622/3277
f 6525/3639/3294 6524/3640/3295 6558/3599/3255 7322/4899/4537
f 6524/3640/3295 6527/3641/3296 7123/3598/3254 6558/3599/3255
f 6524/3640/3295 6526/3637/3292 7115/4939/4566 6527/3641/3296
f 6563/3642/3297 6521/3643/3298 6523/3679/3333 7298/4924/4556
f 6521/3643/3298 6522/3644/3299 7114/3645/3300 6523/3679/3333
f 6521/3643/3298 6527/3641/3296 7115/4939/4566 6522/3644/3299
f 6518/3646/3301 6517/3647/3302 6520/3781/3432 7297/4940/4567
f 6517/3647/3302 6519/3648/3303 7113/3649/3304 6520/3781/3432
f 6517/3647/3302 6522/3644/3299 7115/4939/4566 6519/3648/3303
f 6515/3650/3305 6514/3651/3306 6516/4823/4464 7319/4941/4568
f 6514/3651/3306 6526/3637/3292 7112/3638/3293 6516/4823/4464
f 6514/3651/3306 6519/3648/3303 7115/4939/4566 6526/3637/3292
f 6510/3654/3309 6509/3655/3310 6513/4280/3927 7323/4942/4569
f 6509/3655/3310 6512/3656/3311 7110/3657/3312 6513/4280/3927
f 6509/3655/3310 6511/3652/3307 7111/4943/4570 6512/3656/3311
f 6507/3658/3313 6506/3659/3314 6816/4945/2974 7306/4944/4509
f 6506/3659/3314 6508/3660/3315 7196/3661/2973 6816/4945/2974
f 6506/3659/3314 6512/3656/3311 7111/4943/4570 6508/3660/3315
f 6823/3662/3316 6504/3663/3317 6576/3580/3236 7329/4926/4507
f 6504/3663/3317 6505/3664/3318 7125/3579/3235 6576/3580/3236
f 6504/3663/3317 6508/3660/3315 7111/4943/4570 6505/3664/3318
f 6566/3665/3319 6502/3666/3320 6503/3774/3425 7290/4931/4560
f 6502/3666/3320 6511/3652/3307 7109/3653/3308 6503/3774/3425
f 6502/3666/3320 6505/3664/3318 7111/4943/4570 6511/3652/3307
f 6605/3668/3322 6498/3669/3323 6501/3862/3511 7330/4922/4554
f 6498/3669/3323 6500/3670/3324 7107/3671/3325 6501/3862/3511
f 6498/3669/3323 6499/3667/3321 7108/4946/4571 6500/3670/3324
f 6495/3672/3326 6494/3673/3327 6497/3682/3336 7300/4914/4548
f 6494/3673/3327 6496/3674/3328 7106/3675/3329 6497/3682/3336
f 6494/3673/3327 6500/3670/3324 7108/4946/4571 6496/3674/3328
f 6492/3676/3330 6491/3677/3331 6518/3646/3301 7297/4940/4567
f 6491/3677/3331 6493/3678/3332 7114/3645/3300 6518/3646/3301
f 6491/3677/3331 6496/3674/3328 7108/4946/4571 6493/3678/3332
f 6523/3679/3333 6490/3680/3334 6598/3555/3211 7298/4924/4556
f 6490/3680/3334 6499/3667/3321 7135/3554/3210 6598/3555/3211
f 6490/3680/3334 6493/3678/3332 7108/4946/4571 6499/3667/3321
f 6497/3682/3336 6487/3683/3337 6634/3515/3171 7300/4914/4548
f 6487/3683/3337 6489/3684/3338 7145/3514/3170 6634/3515/3171
f 6487/3683/3337 6488/3681/3335 7105/4947/4572 6489/3684/3338
f 6640/3685/3339 6484/3686/3340 6486/4318/3964 7321/4913/4547
f 6484/3686/3340 6485/3687/3341 7104/3688/3342 6486/4318/3964
f 6484/3686/3340 6489/3684/3338 7105/4947/4572 6485/3687/3341
f 6481/3689/3343 6480/3690/3344 6483/3784/3435 7299/4948/4573
f 6480/3690/3344 6482/3691/3345 7103/3692/3346 6483/3784/3435
f 6480/3690/3344 6485/3687/3341 7105/4947/4572 6482/3691/3345
f 6479/3693/3347 6478/3694/3348 6492/3676/3330 7297/4940/4567
f 6478/3694/3348 6488/3681/3335 7106/3675/3329 6492/3676/3330
f 6478/3694/3348 6482/3691/3345 7105/4947/4572 6488/3681/3335
f 6475/3697/3351 6474/3698/3352 6568/3588/3244 7308/4930/4559
f 6474/3698/3352 6477/3699/3353 7127/3587/3243 6568/3588/3244
f 6474/3698/3352 6476/3695/3349 7102/4949/4574 6477/3699/3353
f 6574/3700/3354 6472/3701/3355 6748/4950/3048 7311/4929/4523
f 6472/3701/3355 6473/3702/3356 7177/3703/3047 6748/4950/3048
f 6472/3701/3355 6477/3699/3353 7102/4949/4574 6473/3702/3356
f 6755/3704/3357 6469/3705/3358 6471/3711/3364 7286/4951/4521
f 6469/3705/3358 6470/3706/3359 7101/3707/3360 6471/3711/3364
f 6469/3705/3358 6473/3702/3356 7102/4949/4574 6470/3706/3359
f 6467/3708/3361 6466/3709/3362 6468/3757/3408 7309/4897/4535
f 6466/3709/3362 6476/3695/3349 7100/3696/3350 6468/3757/3408
f 6466/3709/3362 6470/3706/3359 7102/4949/4574 6476/3695/3349
f 6471/3711/3364 6463/3712/3365 6674/4952/3127 7286/4951/4521
f 6463/3712/3365 6465/3713/3366 7155/3714/3126 6674/4952/3127
f 6463/3712/3365 6464/3710/3363 7099/4953/4575 6465/3713/3366
f 6679/3715/3367 6461/3716/3368 6546/3613/3269 7313/4934/4540
f 6461/3716/3368 6462/3717/3369 7120/3612/3268 6546/3613/3269
f 6461/3716/3368 6465/3713/3366 7099/4953/4575 6462/3717/3369
f 6551/3718/3370 6459/3719/3371 6698/3442/3099 7296/4898/4536
f 6459/3719/3371 6460/3720/3372 7162/3441/3098 6698/3442/3099
f 6459/3719/3371 6462/3717/3369 7099/4953/4575 6460/3720/3372
f 6704/3721/3373 6458/3722/3374 6467/3708/3361 7309/4897/4535
f 6458/3722/3374 6464/3710/3363 7101/3707/3360 6467/3708/3361
f 6458/3722/3374 6460/3720/3372 7099/4953/4575 6464/3710/3363
f 6853/3724/3376 6455/3725/3377 6793/3343/3000 7324/4858/4499
f 6455/3725/3377 6457/3726/3378 7186/3342/2999 6793/3343/3000
f 6455/3725/3377 6456/3723/3375 7098/4954/4576 6457/3726/3378
f 6784/3727/3379 6452/3728/3380 6454/3737/3389 7288/4875/4515
f 6452/3728/3380 6453/3729/3381 7097/3730/3382 6454/3737/3389
f 6452/3728/3380 6457/3726/3378 7098/4954/4576 6453/3729/3381
f 6450/3731/3383 6449/3732/3384 6581/3576/3232 7304/4871/4511
f 6449/3732/3384 6451/3733/3385 7130/3575/3231 6581/3576/3232
f 6449/3732/3384 6453/3729/3381 7098/4954/4576 6451/3733/3385
f 6584/3734/3386 6448/3735/3387 6846/3286/2943 7281/4860/4501
f 6448/3735/3387 6456/3723/3375 7205/3285/2942 6846/3286/2943
f 6448/3735/3387 6451/3733/3385 7098/4954/4576 6456/3723/3375
f 6454/3737/3389 6445/3738/3390 6745/3395/3052 7288/4875/4515
f 6445/3738/3390 6447/3739/3391 7176/3394/3051 6745/3395/3052
f 6445/3738/3390 6446/3736/3388 7096/4955/4577 6447/3739/3391
f 6750/3740/3392 6443/3741/3393 6572/4956/3240 7311/4884/4523
f 6443/3741/3393 6444/3742/3394 7128/3743/3239 6572/4956/3240
f 6443/3741/3393 6447/3739/3391 7096/4955/4577 6444/3742/3394
f 6579/3744/3395 6441/3745/3396 6820/3313/2970 7329/4866/4507
f 6441/3745/3396 6442/3746/3397 7193/3312/2969 6820/3313/2970
f 6441/3745/3396 6444/3742/3394 7096/4955/4577 6442/3746/3397
f 6810/3747/3398 6440/3748/3399 6450/3731/3383 7304/4871/4511
f 6440/3748/3399 6446/3736/3388 7097/3730/3382 6450/3731/3383
f 6440/3748/3399 6442/3746/3397 7096/4955/4577 6446/3736/3388
f 6437/3751/3402 6436/3752/3403 6529/3635/3290 7292/4938/4565
f 6436/3752/3403 6439/3753/3404 7117/3634/3289 6529/3635/3290
f 6436/3752/3403 6438/3749/3400 7095/4957/4578 6439/3753/3404
f 6533/3754/3405 6434/3755/3406 6475/3697/3351 7308/4930/4559
f 6434/3755/3406 6435/3756/3407 7100/3696/3350 6475/3697/3351
f 6434/3755/3406 6439/3753/3404 7095/4957/4578 6435/3756/3407
f 6468/3757/3408 6432/3758/3409 6702/3438/3095 7309/4897/4535
f 6432/3758/3409 6433/3759/3410 7163/3437/3094 6702/3438/3095
f 6432/3758/3409 6435/3756/3407 7095/4957/4578 6433/3759/3410
f 6709/3760/3411 6430/3761/3412 6431/4848/4489 7302/4895/4533
f 6430/3761/3412 6438/3749/3400 7094/3750/3401 6431/4848/4489
f 6430/3761/3412 6433/3759/3410 7095/4957/4578 6438/3749/3400
f 6541/3763/3414 6426/3764/3415 6429/4720/4360 7305/4936/4563
f 6426/3764/3415 6428/3765/3416 7092/3766/3417 6429/4720/4360
f 6426/3764/3415 6427/3762/3413 7093/4958/4579 6428/3765/3416
f 6423/3767/3418 6422/3768/3419 6425/4398/4041 7331/4959/4580
f 6422/3768/3419 6424/3769/3420 7091/3770/3421 6425/4398/4041
f 6422/3768/3419 6428/3765/3416 7093/4958/4579 6424/3769/3420
f 6420/3771/3422 6419/3772/3423 6510/3654/3309 7323/4942/4569
f 6419/3772/3423 6421/3773/3424 7109/3653/3308 6510/3654/3309
f 6419/3772/3423 6424/3769/3420 7093/4958/4579 6421/3773/3424
f 6503/3774/3425 6418/3775/3426 6535/3628/3283 7290/4931/4560
f 6418/3775/3426 6427/3762/3413 7118/3627/3282 6535/3628/3283
f 6418/3775/3426 6421/3773/3424 7093/4958/4579 6427/3762/3413
f 6415/3778/3429 6414/3779/3430 6515/3650/3305 7319/4941/4568
f 6414/3779/3430 6417/3780/3431 7113/3649/3304 6515/3650/3305
f 6414/3779/3430 6416/3776/3427 7090/4960/4581 6417/3780/3431
f 6520/3781/3432 6412/3782/3433 6479/3693/3347 7297/4940/4567
f 6412/3782/3433 6413/3783/3434 7103/3692/3346 6479/3693/3347
f 6412/3782/3433 6417/3780/3431 7090/4960/4581 6413/3783/3434
f 6483/3784/3435 6409/3785/3436 6411/4408/4051 7299/4948/4573
f 6409/3785/3436 6410/3786/3437 7089/3787/3438 6411/4408/4051
f 6409/3785/3436 6413/3783/3434 7090/4960/4581 6410/3786/3437
f 6407/3788/3439 6406/3789/3440 6408/4810/4451 7328/4961/4582
f 6406/3789/3440 6416/3776/3427 7088/3777/3428 6408/4810/4451
f 6406/3789/3440 6410/3786/3437 7090/4960/4581 6416/3776/3427
f 6403/3792/3443 6402/3793/3444 6714/3426/3083 7301/4893/4531
f 6402/3793/3444 6405/3794/3445 7167/3425/3082 6714/3426/3083
f 6402/3793/3444 6404/3790/3441 7087/4962/4583 6405/3794/3445
f 6720/3795/3446 6400/3796/3447 6623/4963/3183 7312/4892/4530
f 6400/3796/3447 6401/3797/3448 7141/3798/3182 6623/4963/3183
f 6400/3796/3447 6405/3794/3445 7087/4962/4583 6401/3797/3448
f 6629/3799/3449 6397/3800/3450 6399/3806/3456 7310/4964/4550
f 6397/3800/3450 6398/3801/3451 7086/3802/3452 6399/3806/3456
f 6397/3800/3450 6401/3797/3448 7087/4962/4583 6398/3801/3451
f 6395/3803/3453 6394/3804/3454 6396/3868/3517 7320/4915/4549
f 6394/3804/3454 6404/3790/3441 7085/3791/3442 6396/3868/3517
f 6394/3804/3454 6398/3801/3451 7087/4962/4583 6404/3790/3441
f 6399/3806/3456 6390/3807/3457 6393/4965/3505 7310/4964/4550
f 6390/3807/3457 6392/3808/3458 7083/3809/3459 6393/4965/3505
f 6390/3807/3457 6391/3805/3455 7084/4966/4584 6392/3808/3458
f 6387/3810/3460 6386/3811/3461 6389/4439/4081 7307/4967/4585
f 6386/3811/3461 6388/3812/3462 7082/3813/3463 6389/4439/4081
f 6386/3811/3461 6392/3808/3458 7084/4966/4584 6388/3812/3462
f 6384/3814/3464 6383/3815/3465 6642/3507/3163 7317/4911/4545
f 6383/3815/3465 6385/3816/3466 7143/3506/3162 6642/3507/3163
f 6383/3815/3465 6388/3812/3462 7084/4966/4584 6385/3816/3466
f 6632/3817/3467 6382/3818/3468 6395/3803/3453 7320/4915/4549
f 6382/3818/3468 6391/3805/3455 7086/3802/3452 6395/3803/3453
f 6382/3818/3468 6385/3816/3466 7084/4966/4584 6391/3805/3455
f 6671/3820/3470 6378/3821/3471 6381/3874/3523 7325/4904/4541
f 6378/3821/3471 6380/3822/3472 7080/3823/3473 6381/3874/3523
f 6378/3821/3471 6379/3819/3469 7081/4968/4586 6380/3822/3472
f 6375/3824/3474 6374/3825/3475 6377/3834/3484 7278/4878/4518
f 6374/3825/3475 6376/3826/3476 7079/3827/3477 6377/3834/3484
f 6374/3825/3475 6380/3822/3472 7081/4968/4586 6376/3826/3476
f 6372/3828/3478 6371/3829/3479 6617/3534/3190 7327/4919/4552
f 6371/3829/3479 6373/3830/3480 7140/3533/3189 6617/3534/3190
f 6371/3829/3479 6376/3826/3476 7081/4968/4586 6373/3830/3480
f 6621/3831/3481 6370/3832/3482 6664/3481/3138 7291/4906/4543
f 6370/3832/3482 6379/3819/3469 7153/3480/3137 6664/3481/3138
f 6370/3832/3482 6373/3830/3480 7081/4968/4586 6379/3819/3469
f 6377/3834/3484 6367/3835/3485 6771/3365/3022 7278/4878/4518
f 6367/3835/3485 6369/3836/3486 7183/3364/3021 6771/3365/3022
f 6367/3835/3485 6368/3833/3483 7078/4969/4587 6369/3836/3486
f 6777/3837/3487 6364/3838/3488 6366/4466/4108 7316/4877/4517
f 6364/3838/3488 6365/3839/3489 7077/3840/3490 6366/4466/4108
f 6364/3838/3488 6369/3836/3486 7078/4969/4587 6365/3839/3489
f 6361/3841/3491 6360/3842/3492 6363/3848/3498 7326/4970/4588
f 6360/3842/3492 6362/3843/3493 7076/3844/3494 6363/3848/3498
f 6360/3842/3492 6365/3839/3489 7078/4969/4587 6362/3843/3493
f 6359/3845/3495 6358/3846/3496 6372/3828/3478 7327/4919/4552
f 6358/3846/3496 6368/3833/3483 7079/3827/3477 6372/3828/3478
f 6358/3846/3496 6362/3843/3493 7078/4969/4587 6368/3833/3483
f 6363/3848/3498 6354/3849/3499 6357/4469/4111 7326/4970/4588
f 6354/3849/3499 6356/3850/3500 7074/3851/3501 6357/4469/4111
f 6354/3849/3499 6355/3847/3497 7075/4971/4589 6356/3850/3500
f 6352/3852/3502 6351/3853/3503 6387/4973/3460 7307/4972/4585
f 6351/3853/3503 6353/3854/3504 7083/3855/3459 6387/4973/3460
f 6351/3853/3503 6356/3850/3500 7075/4971/4589 6353/3854/3504
f 6393/3856/3505 6349/3857/3506 6626/3523/3179 7310/4916/4550
f 6349/3857/3506 6350/3858/3507 7139/3522/3178 6626/3523/3179
f 6349/3857/3506 6353/3854/3504 7075/4971/4589 6350/3858/3507
f 6618/3859/3508 6348/3860/3509 6359/3845/3495 7327/4919/4552
f 6348/3860/3509 6355/3847/3497 7076/3844/3494 6359/3845/3495
f 6348/3860/3509 6350/3858/3507 7075/4971/4589 6355/3847/3497
f 6501/3862/3511 6345/3863/3512 6602/3551/3207 7330/4922/4554
f 6345/3863/3512 6347/3864/3513 7133/3550/3206 6602/3551/3207
f 6345/3863/3512 6346/3861/3510 7073/4974/4590 6347/3864/3513
f 6593/3865/3514 6343/3866/3515 6403/3792/3443 7301/4893/4531
f 6343/3866/3515 6344/3867/3516 7085/3791/3442 6403/3792/3443
f 6343/3866/3515 6347/3864/3513 7073/4974/4590 6344/3867/3516
f 6396/3868/3517 6341/3869/3518 6631/3519/3175 7320/4915/4549
f 6341/3869/3518 6342/3870/3519 7144/3518/3174 6631/3519/3175
f 6341/3869/3518 6344/3867/3516 7073/4974/4590 6342/3870/3519
f 6636/3871/3520 6340/3872/3521 6495/3672/3326 7300/4914/4548
f 6340/3872/3521 6346/3861/3510 7107/3671/3325 6495/3672/3326
f 6340/3872/3521 6342/3870/3519 7073/4974/4590 6346/3861/3510
f 6381/3874/3523 6337/3875/3524 6668/3477/3134 7325/4904/4541
f 6337/3875/3524 6339/3876/3525 7151/3476/3133 6668/3477/3134
f 6337/3875/3524 6338/3873/3522 7072/4975/4591 6339/3876/3525
f 6659/3877/3526 6334/3878/3527 6336/3887/3536 7280/4887/4526
f 6334/3878/3527 6335/3879/3528 7071/3880/3529 6336/3887/3536
f 6334/3878/3527 6339/3876/3525 7072/4975/4591 6335/3879/3528
f 6332/3881/3530 6331/3882/3531 6769/3369/3026 7277/4857/4498
f 6331/3882/3531 6333/3883/3532 7182/3368/3025 6769/3369/3026
f 6331/3882/3531 6335/3879/3528 7072/4975/4591 6333/3883/3532
f 6773/3884/3533 6330/3885/3534 6375/3824/3474 7278/4878/4518
f 6330/3885/3534 6338/3873/3522 7080/3823/3473 6375/3824/3474
f 6330/3885/3534 6333/3883/3532 7072/4975/4591 6338/3873/3522
f 6336/3887/3536 6327/3888/3537 6730/3410/3067 7280/4887/4526
f 6327/3888/3537 6329/3889/3538 7172/3409/3066 6730/3410/3067
f 6327/3888/3537 6328/3886/3535 7070/4976/4592 6329/3889/3538
f 6736/3890/3539 6325/3891/3540 6761/3376/3033 7315/4880/4520
f 6325/3891/3540 6326/3892/3541 7180/3375/3032 6761/3376/3033
f 6325/3891/3540 6329/3889/3538 7070/4976/4592 6326/3892/3541
f 6767/3893/3542 6323/3894/3543 6866/3266/2923 7279/4853/4494
f 6323/3894/3543 6324/3895/3544 7207/3265/2922 6866/3266/2923
f 6323/3894/3543 6326/3892/3541 7070/4976/4592 6324/3895/3544
f 6856/3896/3545 6322/3897/3546 6332/3881/3530 7277/4857/4498
f 6322/3897/3546 6328/3886/3535 7071/3880/3529 6332/3881/3530
f 6322/3897/3546 6324/3895/3544 7070/4976/4592 6328/3886/3535
f 6318/3900/3549 6317/3901/3550 6321/4513/4154 7239/4977/4593
f 6317/3901/3550 6320/3902/3551 7068/3903/3552 6321/4513/4154
f 6317/3901/3550 6319/3898/3547 7069/4978/4594 6320/3902/3551
f 6314/3904/3553 6313/3905/3554 6316/3990/3639 7237/4979/4595
f 6313/3905/3554 6315/3906/3555 7067/3907/3556 6316/3990/3639
f 6313/3905/3554 6320/3902/3551 7069/4978/4594 6315/3906/3555
f 6311/3908/3557 6310/3909/3558 6858/3274/2931 7283/4856/4497
f 6310/3909/3558 6312/3910/3559 7209/3273/2930 6858/3274/2931
f 6310/3909/3558 6315/3906/3555 7069/4978/4594 6312/3910/3559
f 6864/3911/3560 6308/3912/3561 6309/3969/3618 7318/4855/4496
f 6308/3912/3561 6319/3898/3547 7066/3899/3548 6309/3969/3618
f 6308/3912/3561 6312/3910/3559 7069/4978/4594 6319/3898/3547
f 6304/3915/3564 6303/3916/3565 6307/3972/3621 7272/4980/4596
f 6303/3916/3565 6306/3917/3566 7064/3918/3567 6307/3972/3621
f 6303/3916/3565 6305/3913/3562 7065/4981/4597 6306/3917/3566
f 6300/3919/3568 6299/3920/3569 6302/4008/3657 7242/4982/4598
f 6299/3920/3569 6301/3921/3570 7063/3922/3571 6302/4008/3657
f 6299/3920/3569 6306/3917/3566 7065/4981/4597 6301/3921/3570
f 6296/3923/3572 6295/3924/3573 6298/3934/3583 7243/4983/4599
f 6295/3924/3573 6297/3925/3574 7062/3926/3575 6298/3934/3583
f 6295/3924/3573 6301/3921/3570 7065/4981/4597 6297/3925/3574
f 6293/3927/3576 6292/3928/3577 6294/4352/3996 7241/4984/4600
f 6292/3928/3577 6305/3913/3562 7061/3914/3563 6294/4352/3996
f 6292/3928/3577 6297/3925/3574 7065/4981/4597 6305/3913/3562
f 6289/3931/3580 6288/3932/3581 6293/3927/3576 7241/4984/4600
f 6288/3932/3581 6291/3933/3582 7062/3926/3575 6293/3927/3576
f 6288/3932/3581 6290/3929/3578 7060/4985/4601 6291/3933/3582
f 6298/3934/3583 6285/3935/3584 6287/3962/3611 7243/4983/4599
f 6285/3935/3584 6286/3936/3585 7059/3937/3586 6287/3962/3611
f 6285/3935/3584 6291/3933/3582 7060/4985/4601 6286/3936/3585
f 6283/3938/3587 6282/3939/3588 6827/3305/2962 7287/4865/4506
f 6282/3939/3588 6284/3940/3589 7199/3304/2961 6827/3305/2962
f 6282/3939/3588 6286/3936/3585 7060/4985/4601 6284/3940/3589
f 6833/3941/3590 6280/3942/3591 6281/4203/3851 7314/4864/4505
f 6280/3942/3591 6290/3929/3578 7058/3930/3579 6281/4203/3851
f 6280/3942/3591 6284/3940/3589 7060/4985/4601 6290/3929/3578
f 6276/3945/3594 6275/3946/3595 6279/4368/4012 7275/4986/4602
f 6275/3946/3595 6278/3947/3596 7056/3948/3597 6279/4368/4012
f 6275/3946/3595 6277/3943/3592 7057/4987/4603 6278/3947/3596
f 6272/3949/3598 6271/3950/3599 6274/4196/3844 7260/4988/4604
f 6271/3950/3599 6273/3951/3600 7055/3952/3601 6274/4196/3844
f 6271/3950/3599 6278/3947/3596 7057/4987/4603 6273/3951/3600
f 6269/3953/3602 6268/3954/3603 6812/3321/2978 7295/4870/4510
f 6268/3954/3603 6270/3955/3604 7195/3320/2977 6812/3321/2978
f 6268/3954/3603 6273/3951/3600 7057/4987/4603 6270/3955/3604
f 6818/3956/3605 6266/3957/3606 6267/4989/3937 7306/4869/4509
f 6266/3957/3606 6277/3943/3592 7054/3944/3593 6267/4989/3937
f 6266/3957/3606 6270/3955/3604 7057/4987/4603 6277/3943/3592
f 6807/3959/3608 6263/3960/3609 6283/3938/3587 7287/4865/4506
f 6263/3960/3609 6265/3961/3610 7059/3937/3586 6283/3938/3587
f 6263/3960/3609 6264/3958/3607 7053/4990/4605 6265/3961/3610
f 6287/3962/3611 6260/3963/3612 6262/4005/3654 7243/4983/4599
f 6260/3963/3612 6261/3964/3613 7052/3965/3614 6262/4005/3654
f 6260/3963/3612 6265/3961/3610 7053/4990/4605 6261/3964/3613
f 6258/3966/3615 6257/3967/3616 6318/3900/3549 7239/4977/4593
f 6257/3967/3616 6259/3968/3617 7066/3899/3548 6318/3900/3549
f 6257/3967/3616 6261/3964/3613 7053/4990/4605 6259/3968/3617
f 6309/3969/3618 6256/3970/3619 6802/3332/2989 7318/4855/4496
f 6256/3970/3619 6264/3958/3607 7191/3331/2988 6802/3332/2989
f 6256/3970/3619 6259/3968/3617 7053/4990/4605 6264/3958/3607
f 6307/3972/3621 6252/3973/3622 6255/4349/3993 7272/4980/4596
f 6252/3973/3622 6254/3974/3623 7050/3975/3624 6255/4349/3993
f 6252/3973/3622 6253/3971/3620 7051/4991/4606 6254/3974/3623
f 6249/3976/3625 6248/3977/3626 6251/4023/3672 7246/4992/4607
f 6248/3977/3626 6250/3978/3627 7049/3979/3628 6251/4023/3672
f 6248/3977/3626 6254/3974/3623 7051/4991/4606 6250/3978/3627
f 6245/3980/3629 6244/3981/3630 6247/4081/3730 7247/4993/4608
f 6244/3981/3630 6246/3982/3631 7048/3983/3632 6247/4081/3730
f 6244/3981/3630 6250/3978/3627 7051/4991/4606 6246/3982/3631
f 6243/3984/3633 6242/3985/3634 6300/3919/3568 7242/4982/4598
f 6242/3985/3634 6253/3971/3620 7064/3918/3567 6300/3919/3568
f 6242/3985/3634 6246/3982/3631 7051/4991/4606 6253/3971/3620
f 6781/3987/3636 6239/3988/3637 6311/3908/3557 7283/4856/4497
f 6239/3988/3637 6241/3989/3638 7067/3907/3556 6311/3908/3557
f 6239/3988/3637 6240/3986/3635 7047/4994/4609 6241/3989/3638
f 6316/3990/3639 6236/3991/3640 6238/4500/4141 7237/4979/4595
f 6236/3991/3640 6237/3992/3641 7046/3993/3642 6238/4500/4141
f 6236/3991/3640 6241/3989/3638 7047/4994/4609 6237/3992/3641
f 6233/3994/3643 6232/3995/3644 6235/4456/4098 7238/4995/4610
f 6232/3995/3644 6234/3996/3645 7045/3997/3646 6235/4456/4098
f 6232/3995/3644 6237/3992/3641 7047/4994/4609 6234/3996/3645
f 6231/3998/3647 6230/3999/3648 6775/3361/3018 7316/4877/4517
f 6230/3999/3648 6240/3986/3635 7184/3360/3017 6775/3361/3018
f 6230/3999/3648 6234/3996/3645 7047/4994/4609 6240/3986/3635
f 6227/4002/3651 6226/4003/3652 6258/3966/3615 7239/4977/4593
f 6226/4003/3652 6229/4004/3653 7052/3965/3614 6258/3966/3615
f 6226/4003/3652 6228/4000/3649 7044/4996/4611 6229/4004/3653
f 6262/4005/3654 6224/4006/3655 6296/3923/3572 7243/4983/4599
f 6224/4006/3655 6225/4007/3656 7063/3922/3571 6296/3923/3572
f 6224/4006/3655 6229/4004/3653 7044/4996/4611 6225/4007/3656
f 6302/4008/3657 6221/4009/3658 6223/4078/3727 7242/4982/4598
f 6221/4009/3658 6222/4010/3659 7043/4011/3660 6223/4078/3727
f 6221/4009/3658 6225/4007/3656 7044/4996/4611 6222/4010/3659
f 6219/4012/3661 6218/4013/3662 6220/4516/4157 7268/4997/4612
f 6218/4013/3662 6228/4000/3649 7042/4001/3650 6220/4516/4157
f 6218/4013/3662 6222/4010/3659 7044/4996/4611 6228/4000/3649
f 6214/4016/3665 6213/4017/3666 6217/4098/3747 7245/4998/4613
f 6213/4017/3666 6216/4018/3667 7040/4019/3668 6217/4098/3747
f 6213/4017/3666 6215/4014/3663 7041/4999/4614 6216/4018/3667
f 6211/4020/3669 6210/4021/3670 6245/3980/3629 7247/4993/4608
f 6210/4021/3670 6212/4022/3671 7049/3979/3628 6245/3980/3629
f 6210/4021/3670 6216/4018/3667 7041/4999/4614 6212/4022/3671
f 6251/4023/3672 6207/4024/3673 6209/4362/4006 7246/4992/4607
f 6207/4024/3673 6208/4025/3674 7039/4026/3675 6209/4362/4006
f 6207/4024/3673 6212/4022/3671 7041/4999/4614 6208/4025/3674
f 6205/4027/3676 6204/4028/3677 6206/5001/3978 7265/5000/4615
f 6204/4028/3677 6215/4014/3663 7038/4015/3664 6206/5001/3978
f 6204/4028/3677 6208/4025/3674 7041/4999/4614 6215/4014/3663
f 6200/4031/3680 6199/4032/3681 6203/4172/3820 7244/5002/4616
f 6199/4032/3681 6202/4033/3682 7036/4034/3683 6203/4172/3820
f 6199/4032/3681 6201/4029/3678 7037/5003/4617 6202/4033/3682
f 6196/4035/3684 6195/4036/3685 6198/4113/3762 7252/5004/4618
f 6195/4036/3685 6197/4037/3686 7035/4038/3687 6198/4113/3762
f 6195/4036/3685 6202/4033/3682 7037/5003/4617 6197/4037/3686
f 6192/4039/3688 6191/4040/3689 6194/4507/4148 7240/5005/4619
f 6191/4040/3689 6193/4041/3690 7034/4042/3691 6194/4507/4148
f 6191/4040/3689 6197/4037/3686 7037/5003/4617 6193/4041/3690
f 6189/4043/3692 6188/4044/3693 6190/4088/3737 7268/4997/4612
f 6188/4044/3693 6201/4029/3678 7033/4030/3679 6190/4088/3737
f 6188/4044/3693 6193/4041/3690 7037/5003/4617 6201/4029/3678
f 6184/4047/3696 6183/4048/3697 6187/4243/3891 7251/5006/4620
f 6183/4048/3697 6186/4049/3698 7031/4050/3699 6187/4243/3891
f 6183/4048/3697 6185/4045/3694 7032/5007/4621 6186/4049/3698
f 6180/4051/3700 6179/4052/3701 6182/4186/3834 7259/5008/4622
f 6179/4052/3701 6181/4053/3702 7030/4054/3703 6182/4186/3834
f 6179/4052/3701 6186/4049/3698 7032/5007/4621 6181/4053/3702
f 6176/4055/3704 6175/4056/3705 6178/4414/4057 7257/5009/4623
f 6175/4056/3705 6177/4057/3706 7029/4058/3707 6178/4414/4057
f 6175/4056/3705 6181/4053/3702 7032/5007/4621 6177/4057/3706
f 6173/4059/3708 6172/4060/3709 6174/5011/3780 7266/5010/4624
f 6172/4060/3709 6185/4045/3694 7028/4046/3695 6174/5011/3780
f 6172/4060/3709 6177/4057/3706 7032/5007/4621 6185/4045/3694
f 6168/4063/3712 6167/4064/3713 6171/4771/4412 7258/5012/4625
f 6167/4064/3713 6170/4065/3714 7026/4066/3715 6171/4771/4412
f 6167/4064/3713 6169/4061/3710 7027/5013/4626 6170/4065/3714
f 6164/4067/3716 6163/4068/3717 6166/4233/3881 7271/5014/4627
f 6163/4068/3717 6165/4069/3718 7025/4070/3719 6166/4233/3881
f 6163/4068/3717 6170/4065/3714 7027/5013/4626 6165/4069/3718
f 6160/4071/3720 6159/4072/3721 6162/4343/3987 7253/5015/4628
f 6159/4072/3721 6161/4073/3722 7024/4074/3723 6162/4343/3987
f 6159/4072/3721 6165/4069/3718 7027/5013/4626 6161/4073/3722
f 6157/4075/3724 6156/4076/3725 6158/4382/4025 7263/5016/4629
f 6156/4076/3725 6169/4061/3710 7023/4062/3711 6158/4382/4025
f 6156/4076/3725 6161/4073/3722 7027/5013/4626 6169/4061/3710
f 6223/4078/3727 6153/4079/3728 6243/3984/3633 7242/4982/4598
f 6153/4079/3728 6155/4080/3729 7048/3983/3632 6243/3984/3633
f 6153/4079/3728 6154/4077/3726 7022/5017/4630 6155/4080/3729
f 6247/4081/3730 6150/4082/3731 6152/4095/3744 7247/4993/4608
f 6150/4082/3731 6151/4083/3732 7021/4084/3733 6152/4095/3744
f 6150/4082/3731 6155/4080/3729 7022/5017/4630 6151/4083/3732
f 6148/4085/3734 6147/4086/3735 6200/4031/3680 7244/5002/4616
f 6147/4086/3735 6149/4087/3736 7033/4030/3679 6200/4031/3680
f 6147/4086/3735 6151/4083/3732 7022/5017/4630 6149/4087/3736
f 6190/4088/3737 6146/4089/3738 6219/4012/3661 7268/4997/4612
f 6146/4089/3738 6154/4077/3726 7043/4011/3660 6219/4012/3661
f 6146/4089/3738 6149/4087/3736 7022/5017/4630 6154/4077/3726
f 6143/4092/3741 6142/4093/3742 6148/4085/3734 7244/5002/4616
f 6142/4093/3742 6145/4094/3743 7021/4084/3733 6148/4085/3734
f 6142/4093/3742 6144/4090/3739 7020/5018/4631 6145/4094/3743
f 6152/4095/3744 6140/4096/3745 6211/4020/3669 7247/4993/4608
f 6140/4096/3745 6141/4097/3746 7040/4019/3668 6211/4020/3669
f 6140/4096/3745 6145/4094/3743 7020/5018/4631 6141/4097/3746
f 6217/4098/3747 6137/4099/3748 6139/5019/3981 7245/4998/4613
f 6137/4099/3748 6138/4100/3749 7019/4101/3750 6139/5019/3981
f 6137/4099/3748 6141/4097/3746 7020/5018/4631 6138/4100/3749
f 6135/4102/3751 6134/4103/3752 6136/4175/3823 7267/5020/4632
f 6134/4103/3752 6144/4090/3739 7018/4091/3740 6136/4175/3823
f 6134/4103/3752 6138/4100/3749 7020/5018/4631 6144/4090/3739
f 6130/4106/3755 6129/4107/3756 6133/4494/4135 7273/5021/4633
f 6129/4107/3756 6132/4108/3757 7016/4109/3758 6133/4494/4135
f 6129/4107/3756 6131/4104/3753 7017/5022/4634 6132/4108/3757
f 6127/4110/3759 6126/4111/3760 6192/4039/3688 7240/5005/4619
f 6126/4111/3760 6128/4112/3761 7035/4038/3687 6192/4039/3688
f 6126/4111/3760 6132/4108/3757 7017/5022/4634 6128/4112/3761
f 6198/4113/3762 6123/4114/3763 6125/4124/3773 7252/5004/4618
f 6123/4114/3763 6124/4115/3764 7015/4116/3765 6125/4124/3773
f 6123/4114/3763 6128/4112/3761 7017/5022/4634 6124/4115/3764
f 6121/4117/3766 6120/4118/3767 6122/4446/4088 7249/5023/4635
f 6120/4118/3767 6131/4104/3753 7014/4105/3754 6122/4446/4088
f 6120/4118/3767 6124/4115/3764 7017/5022/4634 6131/4104/3753
f 6117/4121/3770 6116/4122/3771 6121/4117/3766 7249/5023/4635
f 6116/4122/3771 6119/4123/3772 7015/4116/3765 6121/4117/3766
f 6116/4122/3771 6118/4119/3768 7013/5024/4636 6119/4123/3772
f 6125/4124/3773 6113/4125/3774 6115/4169/3817 7252/5004/4618
f 6113/4125/3774 6114/4126/3775 7012/4127/3776 6115/4169/3817
f 6113/4125/3774 6119/4123/3772 7013/5024/4636 6114/4126/3775
f 6111/4128/3777 6110/4129/3778 6184/5026/3696 7251/5025/4620
f 6110/4129/3778 6112/4130/3779 7028/4131/3695 6184/5026/3696
f 6110/4129/3778 6114/4126/3775 7013/5024/4636 6112/4130/3779
f 6174/4132/3780 6108/4133/3781 6109/4162/3810 7266/5027/4624
f 6108/4133/3781 6118/4119/3768 7011/4120/3769 6109/4162/3810
f 6108/4133/3781 6112/4130/3779 7013/5024/4636 6118/4119/3768
f 6645/4135/3783 6104/4136/3784 6107/4436/4078 7317/4911/4545
f 6104/4136/3784 6106/4137/3785 7009/4138/3786 6107/4436/4078
f 6104/4136/3784 6105/4134/3782 7010/5028/4637 6106/4137/3785
f 6101/4139/3787 6100/4140/3788 6103/4488/4129 7270/5029/4638
f 6100/4140/3788 6102/4141/3789 7008/4142/3790 6103/4488/4129
f 6100/4140/3788 6106/4137/3785 7010/5028/4637 6102/4141/3789
f 6097/4143/3791 6096/4144/3792 6099/4308/3954 7256/5030/4639
f 6096/4144/3792 6098/4145/3793 7007/4146/3794 6099/4308/3954
f 6096/4144/3792 6102/4141/3789 7010/5028/4637 6098/4145/3793
f 6095/4147/3795 6094/4148/3796 6638/3511/3167 7321/4913/4547
f 6094/4148/3796 6105/4134/3782 7146/3510/3166 6638/3511/3167
f 6094/4148/3796 6098/4145/3793 7010/5028/4637 6105/4134/3782
f 6090/4151/3799 6089/4152/3800 6093/4475/4117 7264/5031/4640
f 6089/4152/3800 6092/4153/3801 7005/4154/3802 6093/4475/4117
f 6089/4152/3800 6091/4149/3797 7006/5032/4641 6092/4153/3801
f 6086/4155/3803 6085/4156/3804 6088/4449/4091 7274/5033/4642
f 6085/4156/3804 6087/4157/3805 7004/4158/3806 6088/4449/4091
f 6085/4156/3804 6092/4153/3801 7006/5032/4641 6087/4157/3805
f 6083/4159/3807 6082/4160/3808 6117/4121/3770 7249/5023/4635
f 6082/4160/3808 6084/4161/3809 7011/4120/3769 6117/4121/3770
f 6082/4160/3808 6087/4157/3805 7006/5032/4641 6084/4161/3809
f 6109/4162/3810 6080/4163/3811 6081/5034/4068 7266/5027/4624
f 6080/4163/3811 6091/4149/3797 7003/4150/3798 6081/5034/4068
f 6080/4163/3811 6084/4161/3809 7006/5032/4641 6091/4149/3797
f 6077/4166/3814 6076/4167/3815 6111/4128/3777 7251/5025/4620
f 6076/4167/3815 6079/4168/3816 7012/4127/3776 6111/4128/3777
f 6076/4167/3815 6078/4164/3812 7002/5035/4643 6079/4168/3816
f 6115/4169/3817 6074/4170/3818 6196/4035/3684 7252/5004/4618
f 6074/4170/3818 6075/4171/3819 7036/4034/3683 6196/4035/3684
f 6074/4170/3818 6079/4168/3816 7002/5035/4643 6075/4171/3819
f 6203/4172/3820 6072/4173/3821 6143/4092/3741 7244/5002/4616
f 6072/4173/3821 6073/4174/3822 7018/4091/3740 6143/4092/3741
f 6072/4173/3821 6075/4171/3819 7002/5035/4643 6073/4174/3822
f 6136/4175/3823 6070/4176/3824 6071/5036/3894 7267/5020/4632
f 6070/4176/3824 6078/4164/3812 7001/4165/3813 6071/5036/3894
f 6070/4176/3824 6073/4174/3822 7002/5035/4643 6078/4164/3812
f 6066/4179/3827 6065/4180/3828 6069/4482/4123 7276/5037/4644
f 6065/4180/3828 6068/4181/3829 6999/4182/3830 6069/4482/4123
f 6065/4180/3828 6067/4177/3825 7000/5038/4645 6068/4181/3829
f 6063/4183/3831 6062/4184/3832 6176/4055/3704 7257/5009/4623
f 6062/4184/3832 6064/4185/3833 7030/4054/3703 6176/4055/3704
f 6062/4184/3832 6068/4181/3829 7000/5038/4645 6064/4185/3833
f 6182/4186/3834 6059/4187/3835 6061/4226/3874 7259/5008/4622
f 6059/4187/3835 6060/4188/3836 6998/4189/3837 6061/4226/3874
f 6059/4187/3835 6064/4185/3833 7000/5038/4645 6060/4188/3836
f 6057/4190/3838 6056/4191/3839 6058/4298/3944 7255/5039/4646
f 6056/4191/3839 6067/4177/3825 6997/4178/3826 6058/4298/3944
f 6056/4191/3839 6060/4188/3836 7000/5038/4645 6067/4177/3825
f 6591/4193/3841 6053/4194/3842 6269/3953/3602 7295/4870/4510
f 6053/4194/3842 6055/4195/3843 7055/3952/3601 6269/3953/3602
f 6053/4194/3842 6054/4192/3840 6996/5040/4647 6055/4195/3843
f 6274/4196/3844 6050/4197/3845 6052/4355/3999 7260/4988/4604
f 6050/4197/3845 6051/4198/3846 6995/4199/3847 6052/4355/3999
f 6050/4197/3845 6055/4195/3843 6996/5040/4647 6051/4198/3846
f 6048/4200/3848 6047/4201/3849 6289/3931/3580 7241/4984/4600
f 6047/4201/3849 6049/4202/3850 7058/3930/3579 6289/3931/3580
f 6047/4201/3849 6051/4198/3846 6996/5040/4647 6049/4202/3850
f 6281/4203/3851 6046/4204/3852 6586/3569/3225 7314/4864/4505
f 6046/4204/3852 6054/4192/3840 7131/3568/3224 6586/3569/3225
f 6046/4204/3852 6049/4202/3850 6996/5040/4647 6054/4192/3840
f 6042/4207/3855 6041/4208/3856 6045/4287/3934 7275/5041/4602
f 6041/4208/3856 6044/4209/3857 6993/4210/3858 6045/4287/3934
f 6041/4208/3856 6043/4205/3853 6994/5042/4648 6044/4209/3857
f 6038/4211/3859 6037/4212/3860 6040/4262/3909 7248/5043/4649
f 6037/4212/3860 6039/4213/3861 6992/4214/3862 6040/4262/3909
f 6037/4212/3860 6044/4209/3857 6994/5042/4648 6039/4213/3861
f 6034/4215/3863 6033/4216/3864 6036/4321/3967 7262/5044/4650
f 6033/4216/3864 6035/4217/3865 6991/4218/3866 6036/4321/3967
f 6033/4216/3864 6039/4213/3861 6994/5042/4648 6035/4217/3865
f 6031/4219/3867 6030/4220/3868 6032/5046/4015 7265/5045/4615
f 6030/4220/3868 6043/4205/3853 6990/4206/3854 6032/5046/4015
f 6030/4220/3868 6035/4217/3865 6994/5042/4648 6043/4205/3853
f 6027/4223/3871 6026/4224/3872 6057/4190/3838 7255/5039/4646
f 6026/4224/3872 6029/4225/3873 6998/4189/3837 6057/4190/3838
f 6026/4224/3872 6028/4221/3869 6989/5047/4651 6029/4225/3873
f 6061/4226/3874 6023/4227/3875 6025/4240/3888 7259/5008/4622
f 6023/4227/3875 6024/4228/3876 6988/4229/3877 6025/4240/3888
f 6023/4227/3875 6029/4225/3873 6989/5047/4651 6024/4228/3876
f 6021/4230/3878 6020/4231/3879 6160/4071/3720 7253/5015/4628
f 6020/4231/3879 6022/4232/3880 7025/4070/3719 6160/4071/3720
f 6020/4231/3879 6024/4228/3876 6989/5047/4651 6022/4232/3880
f 6166/4233/3881 6018/4234/3882 6019/4265/3912 7271/5014/4627
f 6018/4234/3882 6028/4221/3869 6987/4222/3870 6019/4265/3912
f 6018/4234/3882 6022/4232/3880 6989/5047/4651 6028/4221/3869
f 6015/4237/3885 6014/4238/3886 6021/4230/3878 7253/5015/4628
f 6014/4238/3886 6017/4239/3887 6988/4229/3877 6021/4230/3878
f 6014/4238/3886 6016/4235/3883 6986/5048/4652 6017/4239/3887
f 6025/4240/3888 6012/4241/3889 6180/4051/3700 7259/5008/4622
f 6012/4241/3889 6013/4242/3890 7031/4050/3699 6180/4051/3700
f 6012/4241/3889 6017/4239/3887 6986/5048/4652 6013/4242/3890
f 6187/4243/3891 6010/4244/3892 6077/5049/3814 7251/5006/4620
f 6010/4244/3892 6011/4245/3893 7001/4246/3813 6077/5049/3814
f 6010/4244/3892 6013/4242/3890 6986/5048/4652 6011/4245/3893
f 6071/4247/3894 6008/4248/3895 6009/4346/3990 7267/5050/4632
f 6008/4248/3895 6016/4235/3883 6985/4236/3884 6009/4346/3990
f 6008/4248/3895 6011/4245/3893 6986/5048/4652 6016/4235/3883
f 6004/4251/3898 6003/4252/3899 6007/4745/4386 7261/5051/4653
f 6003/4252/3899 6006/4253/3900 6983/4254/3901 6007/4745/4386
f 6003/4252/3899 6005/4249/3896 6984/5052/4654 6006/4253/3900
f 6000/4255/3902 5999/4256/3903 6002/4375/4018 7250/5053/4655
f 5999/4256/3903 6001/4257/3904 6982/4258/3905 6002/4375/4018
f 5999/4256/3903 6006/4253/3900 6984/5052/4654 6001/4257/3904
f 5997/4259/3906 5996/4260/3907 6034/4215/3863 7262/5044/4650
f 5996/4260/3907 5998/4261/3908 6992/4214/3862 6034/4215/3863
f 5996/4260/3907 6001/4257/3904 6984/5052/4654 5998/4261/3908
f 6040/4262/3909 5994/4263/3910 5995/4392/4035 7248/5043/4649
f 5994/4263/3910 6005/4249/3896 6981/4250/3897 5995/4392/4035
f 5994/4263/3910 5998/4261/3908 6984/5052/4654 6005/4249/3896
f 6019/4265/3912 5990/4266/3913 5993/4784/4425 7271/5014/4627
f 5990/4266/3913 5992/4267/3914 6979/4268/3915 5993/4784/4425
f 5990/4266/3913 5991/4264/3911 6980/5054/4656 5992/4267/3914
f 5987/4269/3916 5986/4270/3917 5989/4401/4044 7269/5055/4657
f 5986/4270/3917 5988/4271/3918 6978/4272/3919 5989/4401/4044
f 5986/4270/3917 5992/4267/3914 6980/5054/4656 5988/4271/3918
f 5983/4273/3920 5982/4274/3921 5985/4301/3947 7254/5056/4658
f 5982/4274/3921 5984/4275/3922 6977/4276/3923 5985/4301/3947
f 5982/4274/3921 5988/4271/3918 6980/5054/4656 5984/4275/3922
f 5981/4277/3924 5980/4278/3925 6027/4223/3871 7255/5039/4646
f 5980/4278/3925 5991/4264/3911 6987/4222/3870 6027/4223/3871
f 5980/4278/3925 5984/4275/3922 6980/5054/4656 5991/4264/3911
f 6513/4280/3927 5976/4281/3928 5979/4395/4038 7323/4942/4569
f 5976/4281/3928 5978/4282/3929 6975/4283/3930 5979/4395/4038
f 5976/4281/3928 5977/4279/3926 6976/5057/4659 5978/4282/3929
f 5974/4284/3931 5973/4285/3932 6038/4211/3859 7248/5043/4649
f 5973/4285/3932 5975/4286/3933 6993/4210/3858 6038/4211/3859
f 5973/4285/3932 5978/4282/3929 6976/5057/4659 5975/4286/3933
f 6045/4287/3934 5971/4288/3935 6276/5058/3594 7275/5041/4602
f 5971/4288/3935 5972/4289/3936 7054/4290/3593 6276/5058/3594
f 5971/4288/3935 5975/4286/3933 6976/5057/4659 5972/4289/3936
f 6267/4291/3937 5970/4292/3938 6507/3658/3313 7306/4944/4509
f 5970/4292/3938 5977/4279/3926 7110/3657/3312 6507/3658/3313
f 5970/4292/3938 5972/4289/3936 6976/5057/4659 5977/4279/3926
f 5967/4295/3941 5966/4296/3942 6066/4179/3827 7276/5037/4644
f 5966/4296/3942 5969/4297/3943 6997/4178/3826 6066/4179/3827
f 5966/4296/3942 5968/4293/3939 6974/5059/4660 5969/4297/3943
f 6058/4298/3944 5964/4299/3945 5981/4277/3924 7255/5039/4646
f 5964/4299/3945 5965/4300/3946 6977/4276/3923 5981/4277/3924
f 5964/4299/3945 5969/4297/3943 6974/5059/4660 5965/4300/3946
f 5985/4301/3947 5961/4302/3948 5963/4311/3957 7254/5056/4658
f 5961/4302/3948 5962/4303/3949 6973/4304/3950 5963/4311/3957
f 5961/4302/3948 5965/4300/3946 6974/5059/4660 5962/4303/3949
f 5959/4305/3951 5958/4306/3952 5960/4485/4126 7256/5030/4639
f 5958/4306/3952 5968/4293/3939 6972/4294/3940 5960/4485/4126
f 5958/4306/3952 5962/4303/3949 6974/5059/4660 5968/4293/3939
f 6099/4308/3954 5955/4309/3955 5959/4305/3951 7256/5030/4639
f 5955/4309/3955 5957/4310/3956 6973/4304/3950 5959/4305/3951
f 5955/4309/3955 5956/4307/3953 6971/5060/4661 5957/4310/3956
f 5963/4311/3957 5952/4312/3958 5954/4411/4054 7254/5056/4658
f 5952/4312/3958 5953/4313/3959 6970/4314/3960 5954/4411/4054
f 5952/4312/3958 5957/4310/3956 6971/5060/4661 5953/4313/3959
f 5950/4315/3961 5949/4316/3962 6481/3689/3343 7299/4948/4573
f 5949/4316/3962 5951/4317/3963 7104/3688/3342 6481/3689/3343
f 5949/4316/3962 5953/4313/3959 6971/5060/4661 5951/4317/3963
f 6486/4318/3964 5948/4319/3965 6095/4147/3795 7321/4913/4547
f 5948/4319/3965 5956/4307/3953 7007/4146/3794 6095/4147/3795
f 5948/4319/3965 5951/4317/3963 6971/5060/4661 5956/4307/3953
f 6036/4321/3967 5944/4322/3968 5947/4385/4028 7262/5044/4650
f 5944/4322/3968 5946/4323/3969 6968/4324/3970 5947/4385/4028
f 5944/4322/3968 5945/4320/3966 6969/5061/4662 5946/4323/3969
f 5941/4325/3971 5940/4326/3972 5943/4340/3984 7263/5016/4629
f 5940/4326/3972 5942/4327/3973 6967/4328/3974 5943/4340/3984
f 5940/4326/3972 5946/4323/3969 6969/5061/4662 5942/4327/3973
f 5938/4329/3975 5937/4330/3976 6214/5063/3665 7245/5062/4613
f 5937/4330/3976 5939/4331/3977 7038/4332/3664 6214/5063/3665
f 5937/4330/3976 5942/4327/3973 6969/5061/4662 5939/4331/3977
f 6206/4333/3978 5936/4334/3979 6031/4219/3867 7265/5045/4615
f 5936/4334/3979 5945/4320/3966 6991/4218/3866 6031/4219/3867
f 5936/4334/3979 5939/4331/3977 6969/5061/4662 5945/4320/3966
f 6139/4337/3981 5933/4338/3982 5938/4329/3975 7245/5062/4613
f 5933/4338/3982 5935/4339/3983 6967/4328/3974 5938/4329/3975
f 5933/4338/3982 5934/4335/3980 6966/5064/4663 5935/4339/3983
f 5943/4340/3984 5931/4341/3985 6157/4075/3724 7263/5016/4629
f 5931/4341/3985 5932/4342/3986 7024/4074/3723 6157/4075/3724
f 5931/4341/3985 5935/4339/3983 6966/5064/4663 5932/4342/3986
f 6162/4343/3987 5929/4344/3988 6015/4237/3885 7253/5015/4628
f 5929/4344/3988 5930/4345/3989 6985/4236/3884 6015/4237/3885
f 5929/4344/3988 5932/4342/3986 6966/5064/4663 5930/4345/3989
f 6009/4346/3990 5928/4347/3991 6135/5065/3751 7267/5050/4632
f 5928/4347/3991 5934/4335/3980 7019/4336/3750 6135/5065/3751
f 5928/4347/3991 5930/4345/3989 6966/5064/4663 5934/4335/3980
f 6255/4349/3993 5925/4350/3994 6304/3915/3564 7272/4980/4596
f 5925/4350/3994 5927/4351/3995 7061/3914/3563 6304/3915/3564
f 5925/4350/3994 5926/4348/3992 6965/5066/4664 5927/4351/3995
f 6294/4352/3996 5923/4353/3997 6048/4200/3848 7241/4984/4600
f 5923/4353/3997 5924/4354/3998 6995/4199/3847 6048/4200/3848
f 5923/4353/3997 5927/4351/3995 6965/5066/4664 5924/4354/3998
f 6052/4355/3999 5920/4356/4000 5922/4365/4009 7260/4988/4604
f 5920/4356/4000 5921/4357/4001 6964/4358/4002 5922/4365/4009
f 5920/4356/4000 5924/4354/3998 6965/5066/4664 5921/4357/4001
f 5919/4359/4003 5918/4360/4004 6249/3976/3625 7246/4992/4607
f 5918/4360/4004 5926/4348/3992 7050/3975/3624 6249/3976/3625
f 5918/4360/4004 5921/4357/4001 6965/5066/4664 5926/4348/3992
f 6209/4362/4006 5915/4363/4007 5919/4359/4003 7246/4992/4607
f 5915/4363/4007 5917/4364/4008 6964/4358/4002 5919/4359/4003
f 5915/4363/4007 5916/4361/4005 6963/5067/4665 5917/4364/4008
f 5922/4365/4009 5913/4366/4010 6272/3949/3598 7260/4988/4604
f 5913/4366/4010 5914/4367/4011 7056/3948/3597 6272/3949/3598
f 5913/4366/4010 5917/4364/4008 6963/5067/4665 5914/4367/4011
f 6279/4368/4012 5911/4369/4013 6042/5068/3855 7275/4986/4602
f 5911/4369/4013 5912/4370/4014 6990/4371/3854 6042/5068/3855
f 5911/4369/4013 5914/4367/4011 6963/5067/4665 5912/4370/4014
f 6032/4372/4015 5910/4373/4016 6205/4027/3676 7265/5000/4615
f 5910/4373/4016 5916/4361/4005 7039/4026/3675 6205/4027/3676
f 5910/4373/4016 5912/4370/4014 6963/5067/4665 5916/4361/4005
f 6002/4375/4018 5906/4376/4019 5909/4758/4399 7250/5053/4655
f 5906/4376/4019 5908/4377/4020 6961/4378/4021 5909/4758/4399
f 5906/4376/4019 5907/4374/4017 6962/5069/4666 5908/4377/4020
f 5904/4379/4022 5903/4380/4023 6168/4063/3712 7258/5012/4625
f 5903/4380/4023 5905/4381/4024 7023/4062/3711 6168/4063/3712
f 5903/4380/4023 5908/4377/4020 6962/5069/4666 5905/4381/4024
f 6158/4382/4025 5901/4383/4026 5941/4325/3971 7263/5016/4629
f 5901/4383/4026 5902/4384/4027 6968/4324/3970 5941/4325/3971
f 5901/4383/4026 5905/4381/4024 6962/5069/4666 5902/4384/4027
f 5947/4385/4028 5900/4386/4029 5997/4259/3906 7262/5044/4650
f 5900/4386/4029 5907/4374/4017 6982/4258/3905 5997/4259/3906
f 5900/4386/4029 5902/4384/4027 6962/5069/4666 5907/4374/4017
f 5897/4389/4032 5896/4390/4033 6004/4251/3898 7261/5051/4653
f 5896/4390/4033 5899/4391/4034 6981/4250/3897 6004/4251/3898
f 5896/4390/4033 5898/4387/4030 6960/5070/4667 5899/4391/4034
f 5995/4392/4035 5894/4393/4036 5974/4284/3931 7248/5043/4649
f 5894/4393/4036 5895/4394/4037 6975/4283/3930 5974/4284/3931
f 5894/4393/4036 5899/4391/4034 6960/5070/4667 5895/4394/4037
f 5979/4395/4038 5892/4396/4039 6420/3771/3422 7323/4942/4569
f 5892/4396/4039 5893/4397/4040 7091/3770/3421 6420/3771/3422
f 5892/4396/4039 5895/4394/4037 6960/5070/4667 5893/4397/4040
f 6425/4398/4041 5890/4399/4042 5891/4733/4373 7331/4959/4580
f 5890/4399/4042 5898/4387/4030 6959/4388/4031 5891/4733/4373
f 5890/4399/4042 5893/4397/4040 6960/5070/4667 5898/4387/4030
f 5989/4401/4044 5886/4402/4045 5889/4797/4438 7269/5055/4657
f 5886/4402/4045 5888/4403/4046 6957/4404/4047 5889/4797/4438
f 5886/4402/4045 5887/4400/4043 6958/5071/4668 5888/4403/4046
f 5884/4405/4048 5883/4406/4049 6407/3788/3439 7328/4961/4582
f 5883/4406/4049 5885/4407/4050 7089/3787/3438 6407/3788/3439
f 5883/4406/4049 5888/4403/4046 6958/5071/4668 5885/4407/4050
f 6411/4408/4051 5881/4409/4052 5950/4315/3961 7299/4948/4573
f 5881/4409/4052 5882/4410/4053 6970/4314/3960 5950/4315/3961
f 5881/4409/4052 5885/4407/4050 6958/5071/4668 5882/4410/4053
f 5954/4411/4054 5880/4412/4055 5983/4273/3920 7254/5056/4658
f 5880/4412/4055 5887/4400/4043 6978/4272/3919 5983/4273/3920
f 5880/4412/4055 5882/4410/4053 6958/5071/4668 5887/4400/4043
f 6178/4414/4057 5876/4415/4058 5879/4491/4132 7257/5009/4623
f 5876/4415/4058 5878/4416/4059 6955/4417/4060 5879/4491/4132
f 5876/4415/4058 5877/4413/4056 6956/5072/4669 5878/4416/4059
f 5873/4418/4061 5872/4419/4062 5875/4433/4075 7270/5029/4638
f 5872/4419/4062 5874/4420/4063 6954/4421/4064 5875/4433/4075
f 5872/4419/4062 5878/4416/4059 6956/5072/4669 5874/4420/4063
f 5870/4422/4065 5869/4423/4066 6090/5074/3799 7264/5073/4640
f 5869/4423/4066 5871/4424/4067 7003/4425/3798 6090/5074/3799
f 5869/4423/4066 5874/4420/4063 6956/5072/4669 5871/4424/4067
f 6081/4426/4068 5868/4427/4069 6173/4059/3708 7266/5010/4624
f 5868/4427/4069 5877/4413/4056 7029/4058/3707 6173/4059/3708
f 5868/4427/4069 5871/4424/4067 6956/5072/4669 5877/4413/4056
f 5865/4430/4072 5864/4431/4073 5870/4422/4065 7264/5073/4640
f 5864/4431/4073 5867/4432/4074 6954/4421/4064 5870/4422/4065
f 5864/4431/4073 5866/4428/4070 6953/5075/4670 5867/4432/4074
f 5875/4433/4075 5862/4434/4076 6101/4139/3787 7270/5029/4638
f 5862/4434/4076 5863/4435/4077 7009/4138/3786 6101/4139/3787
f 5862/4434/4076 5867/4432/4074 6953/5075/4670 5863/4435/4077
f 6107/4436/4078 5860/4437/4079 6384/3814/3464 7317/4911/4545
f 5860/4437/4079 5861/4438/4080 7082/3813/3463 6384/3814/3464
f 5860/4437/4079 5863/4435/4077 6953/5075/4670 5861/4438/4080
f 6389/4439/4081 5858/4440/4082 5859/5076/4120 7307/4967/4585
f 5858/4440/4082 5866/4428/4070 6952/4429/4071 5859/5076/4120
f 5858/4440/4082 5861/4438/4080 6953/5075/4670 5866/4428/4070
f 5855/4443/4085 5854/4444/4086 6130/4106/3755 7273/5021/4633
f 5854/4444/4086 5857/4445/4087 7014/4105/3754 6130/4106/3755
f 5854/4444/4086 5856/4441/4083 6951/5077/4671 5857/4445/4087
f 6122/4446/4088 5852/4447/4089 6083/4159/3807 7249/5023/4635
f 5852/4447/4089 5853/4448/4090 7004/4158/3806 6083/4159/3807
f 5852/4447/4089 5857/4445/4087 6951/5077/4671 5853/4448/4090
f 6088/4449/4091 5849/4450/4092 5851/4459/4101 7274/5033/4642
f 5849/4450/4092 5850/4451/4093 6950/4452/4094 5851/4459/4101
f 5849/4450/4092 5853/4448/4090 6951/5077/4671 5850/4451/4093
f 5847/4453/4095 5846/4454/4096 5848/4497/4138 7238/4995/4610
f 5846/4454/4096 5856/4441/4083 6949/4442/4084 5848/4497/4138
f 5846/4454/4096 5850/4451/4093 6951/5077/4671 5856/4441/4083
f 6235/4456/4098 5843/4457/4099 5847/4453/4095 7238/4995/4610
f 5843/4457/4099 5845/4458/4100 6950/4452/4094 5847/4453/4095
f 5843/4457/4099 5844/4455/4097 6948/5078/4672 5845/4458/4100
f 5851/4459/4101 5840/4460/4102 5842/4472/4114 7274/5033/4642
f 5840/4460/4102 5841/4461/4103 6947/4462/4104 5842/4472/4114
f 5840/4460/4102 5845/4458/4100 6948/5078/4672 5841/4461/4103
f 5838/4463/4105 5837/4464/4106 6361/3841/3491 7326/4970/4588
f 5837/4464/4106 5839/4465/4107 7077/3840/3490 6361/3841/3491
f 5837/4464/4106 5841/4461/4103 6948/5078/4672 5839/4465/4107
f 6366/4466/4108 5836/4467/4109 6231/3998/3647 7316/4877/4517
f 5836/4467/4109 5844/4455/4097 7045/3997/3646 6231/3998/3647
f 5836/4467/4109 5839/4465/4107 6948/5078/4672 5844/4455/4097
f 6357/4469/4111 5833/4470/4112 5838/4463/4105 7326/4970/4588
f 5833/4470/4112 5835/4471/4113 6947/4462/4104 5838/4463/4105
f 5833/4470/4112 5834/4468/4110 6946/5079/4673 5835/4471/4113
f 5842/4472/4114 5831/4473/4115 6086/4155/3803 7274/5033/4642
f 5831/4473/4115 5832/4474/4116 7005/4154/3802 6086/4155/3803
f 5831/4473/4115 5835/4471/4113 6946/5079/4673 5832/4474/4116
f 6093/4475/4117 5829/4476/4118 5865/5080/4072 7264/5031/4640
f 5829/4476/4118 5830/4477/4119 6952/4478/4071 5865/5080/4072
f 5829/4476/4118 5832/4474/4116 6946/5079/4673 5830/4477/4119
f 5859/4479/4120 5828/4480/4121 6352/3852/3502 7307/4972/4585
f 5828/4480/4121 5834/4468/4110 7074/3851/3501 6352/3852/3502
f 5828/4480/4121 5830/4477/4119 6946/5079/4673 5834/4468/4110
f 6069/4482/4123 5825/4483/4124 5967/4295/3941 7276/5037/4644
f 5825/4483/4124 5827/4484/4125 6972/4294/3940 5967/4295/3941
f 5825/4483/4124 5826/4481/4122 6945/5081/4674 5827/4484/4125
f 5960/4485/4126 5823/4486/4127 6097/4143/3791 7256/5030/4639
f 5823/4486/4127 5824/4487/4128 7008/4142/3790 6097/4143/3791
f 5823/4486/4127 5827/4484/4125 6945/5081/4674 5824/4487/4128
f 6103/4488/4129 5821/4489/4130 5873/4418/4061 7270/5029/4638
f 5821/4489/4130 5822/4490/4131 6955/4417/4060 5873/4418/4061
f 5821/4489/4130 5824/4487/4128 6945/5081/4674 5822/4490/4131
f 5879/4491/4132 5820/4492/4133 6063/4183/3831 7257/5009/4623
f 5820/4492/4133 5826/4481/4122 6999/4182/3830 6063/4183/3831
f 5820/4492/4133 5822/4490/4131 6945/5081/4674 5826/4481/4122
f 6133/4494/4135 5817/4495/4136 5855/4443/4085 7273/5021/4633
f 5817/4495/4136 5819/4496/4137 6949/4442/4084 5855/4443/4085
f 5817/4495/4136 5818/4493/4134 6944/5082/4675 5819/4496/4137
f 5848/4497/4138 5815/4498/4139 6233/3994/3643 7238/4995/4610
f 5815/4498/4139 5816/4499/4140 7046/3993/3642 6233/3994/3643
f 5815/4498/4139 5819/4496/4137 6944/5082/4675 5816/4499/4140
f 6238/4500/4141 5812/4501/4142 5814/4510/4151 7237/4979/4595
f 5812/4501/4142 5813/4502/4143 6943/4503/4144 5814/4510/4151
f 5812/4501/4142 5816/4499/4140 6944/5082/4675 5813/4502/4143
f 5811/4504/4145 5810/4505/4146 6127/4110/3759 7240/5005/4619
f 5810/4505/4146 5818/4493/4134 7016/4109/3758 6127/4110/3759
f 5810/4505/4146 5813/4502/4143 6944/5082/4675 5818/4493/4134
f 6194/4507/4148 5807/4508/4149 5811/4504/4145 7240/5005/4619
f 5807/4508/4149 5809/4509/4150 6943/4503/4144 5811/4504/4145
f 5807/4508/4149 5808/4506/4147 6942/5083/4676 5809/4509/4150
f 5814/4510/4151 5805/4511/4152 6314/3904/3553 7237/4979/4595
f 5805/4511/4152 5806/4512/4153 7068/3903/3552 6314/3904/3553
f 5805/4511/4152 5809/4509/4150 6942/5083/4676 5806/4512/4153
f 6321/4513/4154 5803/4514/4155 6227/4002/3651 7239/4977/4593
f 5803/4514/4155 5804/4515/4156 7042/4001/3650 6227/4002/3651
f 5803/4514/4155 5806/4512/4153 6942/5083/4676 5804/4515/4156
f 6220/4516/4157 5802/4517/4158 6189/4043/3692 7268/4997/4612
f 5802/4517/4158 5808/4506/4147 7034/4042/3691 6189/4043/3692
f 5802/4517/4158 5804/4515/4156 6942/5083/4676 5808/4506/4147
f 5798/4520/4161 5797/4521/4162 5801/4563/4204 7213/5084/4677
f 5797/4521/4162 5800/4522/4163 6940/4523/4164 5801/4563/4204
f 5797/4521/4162 5799/4518/4159 6941/5085/4678 5800/4522/4163
f 5794/4524/4165 5793/4525/4166 5796/5087/4680 7236/5086/4679
f 5793/4525/4166 5795/4526/4167 6939/4527/4168 5796/5087/4680
f 5793/4525/4166 5800/4522/4163 6941/5085/4678 5795/4526/4167
f 5790/4528/4169 5789/4529/4170 5792/4570/4211 7235/5088/4681
f 5789/4529/4170 5791/4530/4171 6938/4531/4172 5792/4570/4211
f 5789/4529/4170 5795/4526/4167 6941/5085/4678 5791/4530/4171
f 5787/4532/4173 5786/4533/4174 5788/4829/4470 7212/5089/4682
f 5786/4533/4174 5799/4518/4159 6937/4519/4160 5788/4829/4470
f 5786/4533/4174 5791/4530/4171 6941/5085/4678 5799/4518/4159
f 5782/4536/4177 5781/4537/4178 5785/4577/4218 7223/5090/4683
f 5781/4537/4178 5784/4538/4179 6935/4539/4180 5785/4577/4218
f 5781/4537/4178 5783/4534/4175 6936/5091/4684 5784/4538/4179
f 5778/4540/4181 5777/4541/4182 5780/5093/4686 7234/5092/4685
f 5777/4541/4182 5779/4542/4183 6934/4543/4184 5780/5093/4686
f 5777/4541/4182 5784/4538/4179 6936/5091/4684 5779/4542/4183
f 5774/4544/4185 5773/4545/4186 5776/4584/4225 7233/5094/4687
f 5773/4545/4186 5775/4546/4187 6933/4547/4188 5776/4584/4225
f 5773/4545/4186 5779/4542/4183 6936/5091/4684 5775/4546/4187
f 5771/4548/4189 5770/4549/4190 5772/4699/4339 7222/5095/4688
f 5770/4549/4190 5783/4534/4175 6932/4535/4176 5772/4699/4339
f 5770/4549/4190 5775/4546/4187 6936/5091/4684 5783/4534/4175
f 5766/4552/4193 5765/4553/4194 5769/4607/4248 7214/5096/4689
f 5765/4553/4194 5768/4554/4195 6930/4555/4196 5769/4607/4248
f 5765/4553/4194 5767/4550/4191 6931/5097/4690 5768/4554/4195
f 5762/4556/4197 5761/4557/4198 5764/5099/4692 7232/5098/4691
f 5761/4557/4198 5763/4558/4199 6929/4559/4200 5764/5099/4692
f 5761/4557/4198 5768/4554/4195 6931/5097/4690 5763/4558/4199
f 5759/4560/4201 5758/4561/4202 5794/4524/4165 7236/5086/4679
f 5758/4561/4202 5760/4562/4203 6940/4523/4164 5794/4524/4165
f 5758/4561/4202 5763/4558/4199 6931/5097/4690 5760/4562/4203
f 5801/4563/4204 5756/4564/4205 5757/4816/4457 7213/5084/4677
f 5756/4564/4205 5767/4550/4191 6928/4551/4192 5757/4816/4457
f 5756/4564/4205 5760/4562/4203 6931/5097/4690 5767/4550/4191
f 5753/4567/4208 5752/4568/4209 5787/4532/4173 7212/5089/4682
f 5752/4568/4209 5755/4569/4210 6938/4531/4172 5787/4532/4173
f 5752/4568/4209 5754/4565/4206 6927/5100/4693 5755/4569/4210
f 5792/4570/4211 5749/4571/4212 5751/5101/4694 7235/5088/4681
f 5749/4571/4212 5750/4572/4213 6926/4573/4214 5751/5101/4694
f 5749/4571/4212 5755/4569/4210 6927/5100/4693 5750/4572/4213
f 5747/4574/4215 5746/4575/4216 5778/4540/4181 7234/5092/4685
f 5746/4575/4216 5748/4576/4217 6935/4539/4180 5778/4540/4181
f 5746/4575/4216 5750/4572/4213 6927/5100/4693 5748/4576/4217
f 5785/4577/4218 5744/4578/4219 5745/4842/4483 7223/5090/4683
f 5744/4578/4219 5754/4565/4206 6925/4566/4207 5745/4842/4483
f 5744/4578/4219 5748/4576/4217 6927/5100/4693 5754/4565/4206
f 5741/4581/4222 5740/4582/4223 5771/4548/4189 7222/5095/4688
f 5740/4582/4223 5743/4583/4224 6933/4547/4188 5771/4548/4189
f 5740/4582/4223 5742/4579/4220 6924/5102/4695 5743/4583/4224
f 5776/4584/4225 5737/4585/4226 5739/5103/4696 7233/5094/4687
f 5737/4585/4226 5738/4586/4227 6923/4587/4228 5739/5103/4696
f 5737/4585/4226 5743/4583/4224 6924/5102/4695 5738/4586/4227
f 5734/4588/4229 5733/4589/4230 5736/4675/4316 7231/5104/4697
f 5733/4589/4230 5735/4590/4231 6922/4591/4232 5736/4675/4316
f 5733/4589/4230 5738/4586/4227 6924/5102/4695 5735/4590/4231
f 5731/4592/4233 5730/4593/4234 5732/4713/4353 7221/5105/4698
f 5730/4593/4234 5742/4579/4220 6921/4580/4221 5732/4713/4353
f 5730/4593/4234 5735/4590/4231 6924/5102/4695 5742/4579/4220
f 5726/4596/4237 5725/4597/4238 5729/4696/4240 7215/5106/4241
f 5725/4597/4238 5728/4598/4239 6919/4599/4240 5729/4696/4240
f 5725/4597/4238 5727/4594/4235 6920/5107/4699 5728/4598/4239
f 5722/4600/4241 5721/4601/4242 5724/5109/4701 7230/5108/4700
f 5721/4601/4242 5723/4602/4243 6918/4603/4702 5724/5109/4701
f 5721/4601/4242 5728/4598/4239 6920/5107/4699 5723/4602/4243
f 5719/4604/4245 5718/4605/4246 5762/4556/4197 7232/5098/4691
f 5718/4605/4246 5720/4606/4247 6930/4555/4196 5762/4556/4197
f 5718/4605/4246 5723/4602/4243 6920/5107/4699 5720/4606/4247
f 5769/4607/4248 5716/4608/4249 5717/4803/4444 7214/5096/4689
f 5716/4608/4249 5727/4594/4235 6917/4595/4236 5717/4803/4444
f 5716/4608/4249 5720/4606/4247 6920/5107/4699 5727/4594/4235
f 5712/4611/4252 5711/4612/4253 5715/4668/4309 7218/5110/4703
f 5711/4612/4253 5714/4613/4254 6915/4614/4255 5715/4668/4309
f 5711/4612/4253 5713/4609/4250 6916/5111/4704 5714/4613/4254
f 5708/4615/4256 5707/4616/4257 5710/5113/4706 7229/5112/4705
f 5707/4616/4257 5709/4617/4258 6914/4618/4259 5710/5113/4706
f 5707/4616/4257 5714/4613/4254 6916/5111/4704 5709/4617/4258
f 5704/4619/4260 5703/4620/4261 5706/4646/4287 7228/5114/4707
f 5703/4620/4261 5705/4621/4262 6913/4622/4263 5706/4646/4287
f 5703/4620/4261 5709/4617/4258 6916/5111/4704 5705/4621/4262
f 5701/4623/4264 5700/4624/4265 5702/4764/4405 7217/5115/4708
f 5700/4624/4265 5713/4609/4250 6912/4610/4251 5702/4764/4405
f 5700/4624/4265 5705/4621/4262 6916/5111/4704 5713/4609/4250
f 5696/4627/4268 5695/4628/4269 5699/4682/4323 7220/5116/4709
f 5695/4628/4269 5698/4629/4270 6910/4630/4271 5699/4682/4323
f 5695/4628/4269 5697/4625/4266 6911/5117/4710 5698/4629/4270
f 5692/4631/4272 5691/4632/4273 5694/5119/4712 7227/5118/4711
f 5691/4632/4273 5693/4633/4274 6909/4634/4275 5694/5119/4712
f 5691/4632/4273 5698/4629/4270 6911/5117/4710 5693/4633/4274
f 5688/4635/4276 5687/4636/4277 5690/4661/4302 7226/5120/4713
f 5687/4636/4277 5689/4637/4278 6908/4638/4279 5690/4661/4302
f 5687/4636/4277 5693/4633/4274 6911/5117/4710 5689/4637/4278
f 5685/4639/4280 5684/4640/4281 5686/4738/4379 7219/5121/4714
f 5684/4640/4281 5697/4625/4266 6907/4626/4267 5686/4738/4379
f 5684/4640/4281 5689/4637/4278 6911/5117/4710 5697/4625/4266
f 5681/4643/4284 5680/4644/4285 5701/4623/4264 7217/5115/4708
f 5680/4644/4285 5683/4645/4286 6913/4622/4263 5701/4623/4264
f 5680/4644/4285 5682/4641/4282 6906/5122/4715 5683/4645/4286
f 5706/4646/4287 5677/4647/4288 5679/5123/4716 7228/5114/4707
f 5677/4647/4288 5678/4648/4289 6905/4649/4290 5679/5123/4716
f 5677/4647/4288 5683/4645/4286 6906/5122/4715 5678/4648/4289
f 5674/4650/4291 5673/4651/4292 5676/4689/4330 7225/5124/4717
f 5673/4651/4292 5675/4652/4293 6904/4653/4294 5676/4689/4330
f 5673/4651/4292 5678/4648/4289 6906/5122/4715 5675/4652/4293
f 5671/4654/4295 5670/4655/4296 5672/4777/4418 7216/5125/4718
f 5670/4655/4296 5682/4641/4282 6903/4642/4283 5672/4777/4418
f 5670/4655/4296 5675/4652/4293 6906/5122/4715 5682/4641/4282
f 5667/4658/4299 5666/4659/4300 5685/4639/4280 7219/5121/4714
f 5666/4659/4300 5669/4660/4301 6908/4638/4279 5685/4639/4280
f 5666/4659/4300 5668/4656/4297 6902/5126/4719 5669/4660/4301
f 5690/4661/4302 5663/4662/4303 5665/5127/4720 7226/5120/4713
f 5663/4662/4303 5664/4663/4304 6901/4664/4305 5665/5127/4720
f 5663/4662/4303 5669/4660/4301 6902/5126/4719 5664/4663/4304
f 5661/4665/4306 5660/4666/4307 5708/4615/4256 7229/5112/4705
f 5660/4666/4307 5662/4667/4308 6915/4614/4255 5708/4615/4256
f 5660/4666/4307 5664/4663/4304 6902/5126/4719 5662/4667/4308
f 5715/4668/4309 5658/4669/4310 5659/4751/4392 7218/5110/4703
f 5658/4669/4310 5668/4656/4297 6900/4657/4298 5659/4751/4392
f 5658/4669/4310 5662/4667/4308 6902/5126/4719 5668/4656/4297
f 5655/4672/4313 5654/4673/4314 5731/4592/4233 7221/5105/4698
f 5654/4673/4314 5657/4674/4315 6922/4591/4232 5731/4592/4233
f 5654/4673/4314 5656/4670/4311 6899/5128/4721 5657/4674/4315
f 5736/4675/4316 5651/4676/4317 5653/5129/4722 7231/5104/4697
f 5651/4676/4317 5652/4677/4318 6898/4678/4319 5653/5129/4722
f 5651/4676/4317 5657/4674/4315 6899/5128/4721 5652/4677/4318
f 5649/4679/4320 5648/4680/4321 5692/4631/4272 7227/5118/4711
f 5648/4680/4321 5650/4681/4322 6910/4630/4271 5692/4631/4272
f 5648/4680/4321 5652/4677/4318 6899/5128/4721 5650/4681/4322
f 5699/4682/4323 5646/4683/4324 5647/4726/4366 7220/5116/4709
f 5646/4683/4324 5656/4670/4311 6897/4671/4312 5647/4726/4366
f 5646/4683/4324 5650/4681/4322 6899/5128/4721 5656/4670/4311
f 5643/4686/4327 5642/4687/4328 5671/4654/4295 7216/5125/4718
f 5642/4687/4328 5645/4688/4329 6904/4653/4294 5671/4654/4295
f 5642/4687/4328 5644/4684/4325 6896/5130/4723 5645/4688/4329
f 5676/4689/4330 5639/4690/4331 5641/5131/4724 7225/5124/4717
f 5639/4690/4331 5640/4691/4332 6895/4692/4725 5641/5131/4724
f 5639/4690/4331 5645/4688/4329 6896/5130/4723 5640/4691/4332
f 5637/4693/4334 5636/4694/4335 5722/4600/4241 7230/5108/4700
f 5636/4694/4335 5638/4695/4336 6919/4599/4240 5722/4600/4241
f 5636/4694/4335 5640/4691/4332 6896/5130/4723 5638/4695/4336
f 5729/4696/4240 5634/4697/4337 5635/4790/4431 7215/5106/4241
f 5634/4697/4337 5644/4684/4325 6894/4685/4326 5635/4790/4431
f 5634/4697/4337 5638/4695/4336 6896/5130/4723 5644/4684/4325
f 5772/4699/4339 5630/4700/4340 5633/4723/4363 7222/5095/4688
f 5630/4700/4340 5632/4701/4341 6892/4702/4342 5633/4723/4363
f 5630/4700/4340 5631/4698/4338 6893/5132/4726 5632/4701/4341
f 5628/4703/4343 5627/4704/4344 6538/3624/3279 7305/4936/4563
f 5627/4704/4344 5629/4705/4345 7116/3623/3278 6538/3624/3279
f 5627/4704/4344 5632/4701/4341 6893/5132/4726 5629/4705/4345
f 6530/4706/4346 5624/4707/4347 5626/4845/4486 7292/4938/4565
f 5624/4707/4347 5625/4708/4348 6891/4709/4349 5626/4845/4486
f 5624/4707/4347 5629/4705/4345 6893/5132/4726 5625/4708/4348
f 5623/4710/4350 5622/4711/4351 5782/4536/4177 7223/5090/4683
f 5622/4711/4351 5631/4698/4338 6932/4535/4176 5782/4536/4177
f 5622/4711/4351 5625/4708/4348 6893/5132/4726 5631/4698/4338
f 5732/4713/4353 5618/4714/4354 5621/4592/4376 7221/5105/4698
f 5618/4714/4354 5620/4715/4355 6889/4716/4356 5621/4592/4376
f 5618/4714/4354 5619/4712/4352 6890/5133/4727 5620/4715/4355
f 5616/4717/4357 5615/4718/4358 6423/3767/3418 7331/4959/4580
f 5615/4718/4358 5617/4719/4359 7092/3766/3417 6423/3767/3418
f 5615/4718/4358 5620/4715/4355 6890/5133/4727 5617/4719/4359
f 6429/4720/4360 5613/4721/4361 5628/4703/4343 7305/4936/4563
f 5613/4721/4361 5614/4722/4362 6892/4702/4342 5628/4703/4343
f 5613/4721/4361 5617/4719/4359 6890/5133/4727 5614/4722/4362
f 5633/4723/4363 5612/4724/4364 5741/4581/4222 7222/5095/4688
f 5612/4724/4364 5619/4712/4352 6921/4580/4221 5741/4581/4222
f 5612/4724/4364 5614/4722/4362 6890/5133/4727 5619/4712/4352
f 5647/4726/4366 5608/4727/4367 5611/4748/4389 7220/5116/4709
f 5608/4727/4367 5610/4728/4368 6887/4729/4369 5611/4748/4389
f 5608/4727/4367 5609/4725/4365 6888/5134/4728 5610/4728/4368
f 5606/4730/4370 5605/4731/4371 5897/4389/4032 7261/5051/4653
f 5605/4731/4371 5607/4732/4372 6959/4388/4031 5897/4389/4032
f 5605/4731/4371 5610/4728/4368 6888/5134/4728 5607/4732/4372
f 5891/4733/4373 5603/4734/4374 5616/4717/4357 7331/4959/4580
f 5603/4734/4374 5604/4735/4375 6889/4716/4356 5616/4717/4357
f 5603/4734/4374 5607/4732/4372 6888/5134/4728 5604/4735/4375
f 5621/4592/4376 5602/4736/4377 5655/4672/4313 7221/5105/4698
f 5602/4736/4377 5609/4725/4365 6897/4671/4312 5655/4672/4313
f 5602/4736/4377 5604/4735/4375 6888/5134/4728 5609/4725/4365
f 5686/4738/4379 5598/4739/4380 5601/4761/4402 7219/5121/4714
f 5598/4739/4380 5600/4740/4381 6885/4741/4382 5601/4761/4402
f 5598/4739/4380 5599/4737/4378 6886/5135/4729 5600/4740/4381
f 5596/4742/4383 5595/4743/4384 6000/4255/3902 7250/5053/4655
f 5595/4743/4384 5597/4744/4385 6983/4254/3901 6000/4255/3902
f 5595/4743/4384 5600/4740/4381 6886/5135/4729 5597/4744/4385
f 6007/4745/4386 5593/4746/4387 5606/4730/4370 7261/5051/4653
f 5593/4746/4387 5594/4747/4388 6887/4729/4369 5606/4730/4370
f 5593/4746/4387 5597/4744/4385 6886/5135/4729 5594/4747/4388
f 5611/4748/4389 5592/4749/4390 5696/4627/4268 7220/5116/4709
f 5592/4749/4390 5599/4737/4378 6907/4626/4267 5696/4627/4268
f 5592/4749/4390 5594/4747/4388 6886/5135/4729 5599/4737/4378
f 5659/4751/4392 5588/4752/4393 5591/4774/4415 7218/5110/4703
f 5588/4752/4393 5590/4753/4394 6883/4754/4395 5591/4774/4415
f 5588/4752/4393 5589/4750/4391 6884/5136/4730 5590/4753/4394
f 5586/4755/4396 5585/4756/4397 5904/4379/4022 7258/5012/4625
f 5585/4756/4397 5587/4757/4398 6961/4378/4021 5904/4379/4022
f 5585/4756/4397 5590/4753/4394 6884/5136/4730 5587/4757/4398
f 5909/4758/4399 5583/4759/4400 5596/4742/4383 7250/5053/4655
f 5583/4759/4400 5584/4760/4401 6885/4741/4382 5596/4742/4383
f 5583/4759/4400 5587/4757/4398 6884/5136/4730 5584/4760/4401
f 5601/4761/4402 5582/4762/4403 5667/4658/4299 7219/5121/4714
f 5582/4762/4403 5589/4750/4391 6900/4657/4298 5667/4658/4299
f 5582/4762/4403 5584/4760/4401 6884/5136/4730 5589/4750/4391
f 5702/4764/4405 5578/4765/4406 5581/4787/4428 7217/5115/4708
f 5578/4765/4406 5580/4766/4407 6881/4767/4408 5581/4787/4428
f 5578/4765/4406 5579/4763/4404 6882/5137/4731 5580/4766/4407
f 5576/4768/4409 5575/4769/4410 6164/4067/3716 7271/5014/4627
f 5575/4769/4410 5577/4770/4411 7026/4066/3715 6164/4067/3716
f 5575/4769/4410 5580/4766/4407 6882/5137/4731 5577/4770/4411
f 6171/4771/4412 5573/4772/4413 5586/4755/4396 7258/5012/4625
f 5573/4772/4413 5574/4773/4414 6883/4754/4395 5586/4755/4396
f 5573/4772/4413 5577/4770/4411 6882/5137/4731 5574/4773/4414
f 5591/4774/4415 5572/4775/4416 5712/4611/4252 7218/5110/4703
f 5572/4775/4416 5579/4763/4404 6912/4610/4251 5712/4611/4252
f 5572/4775/4416 5574/4773/4414 6882/5137/4731 5579/4763/4404
f 5672/4777/4418 5568/4778/4419 5571/4800/4441 7216/5125/4718
f 5568/4778/4419 5570/4779/4420 6879/4780/4421 5571/4800/4441
f 5568/4778/4419 5569/4776/4417 6880/5138/4732 5570/4779/4420
f 5566/4781/4422 5565/4782/4423 5987/4269/3916 7269/5055/4657
f 5565/4782/4423 5567/4783/4424 6979/4268/3915 5987/4269/3916
f 5565/4782/4423 5570/4779/4420 6880/5138/4732 5567/4783/4424
f 5993/4784/4425 5563/4785/4426 5576/4768/4409 7271/5014/4627
f 5563/4785/4426 5564/4786/4427 6881/4767/4408 5576/4768/4409
f 5563/4785/4426 5567/4783/4424 6880/5138/4732 5564/4786/4427
f 5581/4787/4428 5562/4788/4429 5681/4643/4284 7217/5115/4708
f 5562/4788/4429 5569/4776/4417 6903/4642/4283 5681/4643/4284
f 5562/4788/4429 5564/4786/4427 6880/5138/4732 5569/4776/4417
f 5635/4790/4431 5558/4791/4432 5561/4813/4454 7215/5106/4241
f 5558/4791/4432 5560/4792/4433 6877/4793/4434 5561/4813/4454
f 5558/4791/4432 5559/4789/4430 6878/5139/4733 5560/4792/4433
f 5556/4794/4435 5555/4795/4436 5884/4405/4048 7328/4961/4582
f 5555/4795/4436 5557/4796/4437 6957/4404/4047 5884/4405/4048
f 5555/4795/4436 5560/4792/4433 6878/5139/4733 5557/4796/4437
f 5889/4797/4438 5553/4798/4439 5566/4781/4422 7269/5055/4657
f 5553/4798/4439 5554/4799/4440 6879/4780/4421 5566/4781/4422
f 5553/4798/4439 5557/4796/4437 6878/5139/4733 5554/4799/4440
f 5571/4800/4441 5552/4801/4442 5643/4686/4327 7216/5125/4718
f 5552/4801/4442 5559/4789/4430 6894/4685/4326 5643/4686/4327
f 5552/4801/4442 5554/4799/4440 6878/5139/4733 5559/4789/4430
f 5717/4803/4444 5548/4804/4445 5551/4826/4467 7214/5096/4689
f 5548/4804/4445 5550/4805/4446 6875/4806/4447 5551/4826/4467
f 5548/4804/4445 5549/4802/4443 6876/5140/4734 5550/4805/4446
f 5546/4807/4448 5545/4808/4449 6415/3778/3429 7319/4941/4568
f 5545/4808/4449 5547/4809/4450 7088/3777/3428 6415/3778/3429
f 5545/4808/4449 5550/4805/4446 6876/5140/4734 5547/4809/4450
f 6408/4810/4451 5543/4811/4452 5556/4794/4435 7328/4961/4582
f 5543/4811/4452 5544/4812/4453 6877/4793/4434 5556/4794/4435
f 5543/4811/4452 5547/4809/4450 6876/5140/4734 5544/4812/4453
f 5561/4813/4454 5542/4814/4455 5726/4596/4237 7215/5106/4241
f 5542/4814/4455 5549/4802/4443 6917/4595/4236 5726/4596/4237
f 5542/4814/4455 5544/4812/4453 6876/5140/4734 5549/4802/4443
f 5757/4816/4457 5538/4817/4458 5541/4839/4480 7213/5084/4677
f 5538/4817/4458 5540/4818/4459 6873/4819/4460 5541/4839/4480
f 5538/4817/4458 5539/4815/4456 6874/5141/4735 5540/4818/4459
f 5536/4820/4461 5535/4821/4462 6525/3639/3294 7322/4899/4537
f 5535/4821/4462 5537/4822/4463 7112/3638/3293 6525/3639/3294
f 5535/4821/4462 5540/4818/4459 6874/5141/4735 5537/4822/4463
f 6516/4823/4464 5533/4824/4465 5546/4807/4448 7319/4941/4568
f 5533/4824/4465 5534/4825/4466 6875/4806/4447 5546/4807/4448
f 5533/4824/4465 5537/4822/4463 6874/5141/4735 5534/4825/4466
f 5551/4826/4467 5532/4827/4468 5766/4552/4193 7214/5096/4689
f 5532/4827/4468 5539/4815/4456 6928/4551/4192 5766/4552/4193
f 5532/4827/4468 5534/4825/4466 6874/5141/4735 5539/4815/4456
f 5788/4829/4470 5528/4830/4471 5531/4851/4492 7212/5089/4682
f 5528/4830/4471 5530/4831/4472 6871/4832/4473 5531/4851/4492
f 5528/4830/4471 5529/4828/4469 6872/5142/4736 5530/4831/4472
f 5526/4833/4474 5525/4834/4475 6706/3434/3091 7302/4895/4533
f 5525/4834/4475 5527/4835/4476 7160/3433/3090 6706/3434/3091
f 5525/4834/4475 5530/4831/4472 6872/5142/4736 5527/4835/4476
f 6696/4836/4477 5523/4837/4478 5536/4820/4461 7322/4899/4537
f 5523/4837/4478 5524/4838/4479 6873/4819/4460 5536/4820/4461
f 5523/4837/4478 5527/4835/4476 6872/5142/4736 5524/4838/4479
f 5541/4839/4480 5522/4840/4481 5798/4520/4161 7213/5084/4677
f 5522/4840/4481 5529/4828/4469 6937/4519/4160 5798/4520/4161
f 5522/4840/4481 5524/4838/4479 6872/5142/4736 5529/4828/4469
f 5745/4842/4483 5519/4843/4484 5623/4710/4350 7223/5090/4683
f 5519/4843/4484 5521/4844/4485 6891/4709/4349 5623/4710/4350
f 5519/4843/4484 5520/4841/4482 6870/5143/4737 5521/4844/4485
f 5626/4845/4486 5517/4846/4487 6437/3751/3402 7292/4938/4565
f 5517/4846/4487 5518/4847/4488 7094/3750/3401 6437/3751/3402
f 5517/4846/4487 5521/4844/4485 6870/5143/4737 5518/4847/4488
f 6431/4848/4489 5515/4849/4490 5526/4833/4474 7302/4895/4533
f 5515/4849/4490 5516/4850/4491 6871/4832/4473 5526/4833/4474
f 5515/4849/4490 5518/4847/4488 6870/5143/4737 5516/4850/4491
f 5531/4851/4492 5514/4852/4493 5753/4567/4208 7212/5089/4682
f 5514/4852/4493 5520/4841/4482 6925/4566/4207 5753/4567/4208
f 5514/4852/4493 5516/4850/4491 6870/5143/4737 5520/4841/4482
f 6939/4527/4738 5790/4528/4738 5512/5145/4738 5513/5144/4738
f 6934/4543/4738 5774/4544/4738 5510/5147/4738 5511/5146/4738
f 6929/4559/4739 5759/4560/4738 5508/5149/4738 5509/5148/4739
f 6926/4573/4738 5747/4574/4738 5506/5151/4738 5507/5150/4738
f 6923/4587/4739 5734/4588/4740 5504/5153/4740 5505/5152/4739
f 6918/4603/4742 5719/4604/4741 5502/5155/4741 5503/5154/4741
f 6914/4618/4739 5704/4619/4739 5500/5157/4739 5501/5156/4739
f 6909/4634/4739 5688/4635/4739 5498/5159/4739 5499/5158/4739
f 6905/4649/4738 5674/4650/4738 5496/5161/4738 5497/5160/4738
f 6901/4664/4739 5661/4665/4739 5494/5163/4739 5495/5162/4739
f 6898/4678/4738 5649/4679/4740 5492/5165/4740 5493/5164/4738
f 6895/4692/4744 5637/4693/4334 5490/5167/4743 5491/5166/4743
f 7236/5086/4738 5796/5087/4738 5488/5169/4738 5489/5168/4738
f 5796/5087/4738 6939/4527/4738 5513/5144/4738 5488/5169/4738
f 5790/4528/4738 7235/5088/4739 5487/5170/4739 5512/5145/4738
f 7234/5092/4738 5780/5093/4738 5485/5172/4738 5486/5171/4738
f 5780/5093/4738 6934/4543/4738 5511/5146/4738 5485/5172/4738
f 5774/4544/4738 7233/5094/4745 5484/5173/4745 5510/5147/4738
f 7232/5098/4743 5764/5099/4739 5482/5175/4739 5483/5174/4743
f 5764/5099/4739 6929/4559/4739 5509/5148/4739 5482/5175/4739
f 5759/4560/4738 7236/5086/4738 5489/5168/4738 5508/5149/4738
f 7235/5088/4739 5751/5101/4738 5481/5176/4738 5487/5170/4739
f 5751/5101/4738 6926/4573/4738 5507/5150/4738 5481/5176/4738
f 5747/4574/4738 7234/5092/4738 5486/5171/4738 5506/5151/4738
f 7233/5094/4745 5739/5103/4745 5480/5177/4745 5484/5173/4745
f 5739/5103/4745 6923/4587/4739 5505/5152/4739 5480/5177/4745
f 5734/4588/4740 7231/5104/4745 5479/5178/4745 5504/5153/4740
f 7230/5108/4700 5724/5109/4701 5477/5180/4741 5478/5179/4741
f 5724/5109/4701 6918/4603/4742 5503/5154/4741 5477/5180/4741
f 5719/4604/4741 7232/5098/4743 5483/5174/4743 5502/5155/4741
f 7229/5112/4738 5710/5113/4739 5475/5182/4739 5476/5181/4738
f 5710/5113/4739 6914/4618/4739 5501/5156/4739 5475/5182/4739
f 5704/4619/4739 7228/5114/4739 5474/5183/4739 5500/5157/4739
f 7227/5118/4740 5694/5119/4739 5472/5185/4739 5473/5184/4740
f 5694/5119/4739 6909/4634/4739 5499/5158/4739 5472/5185/4739
f 5688/4635/4739 7226/5120/4739 5471/5186/4739 5498/5159/4739
f 7228/5114/4739 5679/5123/4739 5470/5187/4739 5474/5183/4739
f 5679/5123/4739 6905/4649/4738 5497/5160/4738 5470/5187/4739
f 5674/4650/4738 7225/5124/4741 5469/5188/4741 5496/5161/4738
f 7226/5120/4739 5665/5127/4739 5468/5189/4739 5471/5186/4739
f 5665/5127/4739 6901/4664/4739 5495/5162/4739 5468/5189/4739
f 5661/4665/4739 7229/5112/4738 5476/5181/4738 5494/5163/4739
f 7231/5104/4745 5653/5129/4745 5467/5190/4745 5479/5178/4745
f 5653/5129/4745 6898/4678/4738 5493/5164/4738 5467/5190/4745
f 5649/4679/4740 7227/5118/4740 5473/5184/4740 5492/5165/4740
f 7225/5124/4741 5641/5131/4743 5466/5191/4743 5469/5188/4741
f 5641/5131/4743 6895/4692/4744 5491/5166/4743 5466/5191/4743
f 5637/4693/4334 7230/5108/4700 5478/5179/4741 5490/5167/4743
f 5052/5193/4747 5513/5144/4747 5512/5145/4746 5053/5192/4746
f 5060/5195/4749 5511/5146/4749 5510/5147/4748 5061/5194/4748
f 5048/5197/4751 5509/5148/4751 5508/5149/4750 5049/5196/4750
f 5056/5199/4752 5507/5150/4752 5506/5151/3696 5057/5198/3696
f 5064/5201/4754 5505/5152/4754 5504/5153/4753 5065/5200/4753
f 5044/5203/4756 5503/5154/4756 5502/5155/4755 5045/5202/4755
f 5081/5205/4758 5501/5156/4758 5500/5157/4757 5080/5204/4757
f 5072/5207/4760 5499/5158/4760 5498/5159/4759 5073/5206/4759
f 5036/5209/4762 5497/5160/4762 5496/5161/4761 5037/5208/4761
f 5076/5211/4764 5495/5162/4764 5494/5163/4763 5077/5210/4763
f 5068/5213/4766 5493/5164/4766 5492/5165/4765 5069/5212/4765
f 5040/5215/4768 5491/5166/4768 5490/5167/4767 5041/5214/4767
f 5050/5217/4770 5489/5168/4770 5488/5169/4769 5051/5216/4769
f 5051/5216/4769 5488/5169/4769 5513/5144/4747 5052/5193/4747
f 5053/5192/4746 5512/5145/4746 5487/5170/4771 5054/5218/4771
f 5058/5220/4773 5486/5171/4773 5485/5172/4772 5059/5219/4772
f 5059/5219/4772 5485/5172/4772 5511/5146/4749 5060/5195/4749
f 5061/5194/4748 5510/5147/4748 5484/5173/4774 5062/5221/4774
f 5046/5223/4776 5483/5174/4776 5482/5175/4775 5047/5222/4775
f 5047/5222/4775 5482/5175/4775 5509/5148/4751 5048/5197/4751
f 5049/5196/4750 5508/5149/4750 5489/5168/4770 5050/5217/4770
f 5054/5218/4771 5487/5170/4771 5481/5176/4777 5055/5224/4777
f 5055/5224/4777 5481/5176/4777 5507/5150/4752 5056/5199/4752
f 5057/5198/3696 5506/5151/3696 5486/5171/4773 5058/5220/4773
f 5062/5221/4774 5484/5173/4774 5480/5177/4778 5063/5225/4778
f 5063/5225/4778 5480/5177/4778 5505/5152/4754 5064/5201/4754
f 5065/5200/4753 5504/5153/4753 5479/5178/4779 5066/5226/4779
f 5042/5228/4782 5478/5179/4781 5477/5180/4780 5043/5227/4780
f 5043/5227/4780 5477/5180/4780 5503/5154/4756 5044/5203/4756
f 5045/5202/4755 5502/5155/4755 5483/5174/4776 5046/5223/4776
f 5078/5230/4784 5476/5181/4784 5475/5182/4783 5079/5229/4783
f 5079/5229/4783 5475/5182/4783 5501/5156/4758 5081/5205/4758
f 5080/5204/4757 5500/5157/4757 5474/5183/4785 5034/5231/4785
f 5070/5233/4787 5473/5184/4787 5472/5185/4786 5071/5232/4786
f 5071/5232/4786 5472/5185/4786 5499/5158/4760 5072/5207/4760
f 5073/5206/4759 5498/5159/4759 5471/5186/4788 5074/5234/4788
f 5034/5231/4785 5474/5183/4785 5470/5187/4789 5035/5235/4789
f 5035/5235/4789 5470/5187/4789 5497/5160/4762 5036/5209/4762
f 5037/5208/4761 5496/5161/4761 5469/5188/4790 5038/5236/4790
f 5074/5234/4788 5471/5186/4788 5468/5189/3155 5075/5237/3155
f 5075/5237/3155 5468/5189/3155 5495/5162/4764 5076/5211/4764
f 5077/5210/4763 5494/5163/4763 5476/5181/4784 5078/5230/4784
f 5066/5226/4779 5479/5178/4779 5467/5190/4791 5067/5238/4791
f 5067/5238/4791 5467/5190/4791 5493/5164/4766 5068/5213/4766
f 5069/5212/4765 5492/5165/4765 5473/5184/4787 5070/5233/4787
f 5038/5236/4790 5469/5188/4790 5466/5191/4792 5039/5239/4792
f 5039/5239/4792 5466/5191/4792 5491/5166/4768 5040/5215/4768
f 5041/5214/4767 5490/5167/4767 5478/5179/4781 5042/5228/4782
f 5465/5243/4796 5464/5242/4795 5416/5241/4794 5417/5240/4793
f 5463/5247/4800 5462/5246/4799 5414/5245/4798 5415/5244/4797
f 5461/5251/4804 5460/5250/4803 5412/5249/4802 5413/5248/4801
f 5459/5255/4808 5458/5254/4807 5410/5253/4806 5411/5252/4805
f 5457/5259/4812 5456/5258/4811 5408/5257/4810 5409/5256/4809
f 5455/5263/4816 5454/5262/4815 5406/5261/4814 5407/5260/4813
f 5453/5267/4820 5452/5266/4819 5404/5265/4818 5405/5264/4817
f 5451/5271/4824 5450/5270/4823 5402/5269/4822 5403/5268/4821
f 5449/5275/4828 5448/5274/4827 5400/5273/4826 5401/5272/4825
f 5447/5279/4832 5446/5278/4831 5398/5277/4830 5399/5276/4829
f 5445/5283/4836 5444/5282/4835 5396/5281/4834 5397/5280/4833
f 5443/5287/4840 5442/5286/4839 5394/5285/4838 5395/5284/4837
f 5441/5291/4844 5440/5290/4843 5392/5289/4842 5393/5288/4841
f 5440/5290/4843 5465/5243/4796 5417/5240/4793 5392/5289/4842
f 5464/5242/4795 5439/5293/4846 5391/5292/4845 5416/5241/4794
f 5438/5297/4850 5437/5296/4849 5389/5295/4848 5390/5294/4847
f 5437/5296/4849 5463/5247/4800 5415/5244/4797 5389/5295/4848
f 5462/5246/4799 5436/5299/4852 5388/5298/4851 5414/5245/4798
f 5435/5303/4856 5434/5302/4855 5386/5301/4854 5387/5300/4853
f 5434/5302/4855 5461/5251/4804 5413/5248/4801 5386/5301/4854
f 5460/5250/4803 5441/5291/4844 5393/5288/4841 5412/5249/4802
f 5439/5293/4846 5433/5305/4858 5385/5304/4857 5391/5292/4845
f 5433/5305/4858 5459/5255/4808 5411/5252/4805 5385/5304/4857
f 5458/5254/4807 5438/5297/4850 5390/5294/4847 5410/5253/4806
f 5436/5299/4852 5432/5307/4860 5384/5306/4859 5388/5298/4851
f 5432/5307/4860 5457/5259/4812 5409/5256/4809 5384/5306/4859
f 5456/5258/4811 5431/5309/4862 5383/5308/4861 5408/5257/4810
f 5430/5313/4866 5429/5312/4865 5381/5311/4864 5382/5310/4863
f 5429/5312/4865 5455/5263/4816 5407/5260/4813 5381/5311/4864
f 5454/5262/4815 5435/5303/4856 5387/5300/4853 5406/5261/4814
f 5428/5317/4870 5427/5316/4869 5379/5315/4868 5380/5314/4867
f 5427/5316/4869 5453/5267/4820 5405/5264/4817 5379/5315/4868
f 5452/5266/4819 5426/5319/4872 5378/5318/4871 5404/5265/4818
f 5425/5323/4876 5424/5322/4875 5376/5321/4874 5377/5320/4873
f 5424/5322/4875 5451/5271/4824 5403/5268/4821 5376/5321/4874
f 5450/5270/4823 5423/5325/4878 5375/5324/4877 5402/5269/4822
f 5426/5319/4872 5422/5327/4880 5374/5326/4879 5378/5318/4871
f 5422/5327/4880 5449/5275/4828 5401/5272/4825 5374/5326/4879
f 5448/5274/4827 5421/5329/4882 5373/5328/4881 5400/5273/4826
f 5423/5325/4878 5420/5331/4884 5372/5330/4883 5375/5324/4877
f 5420/5331/4884 5447/5279/4832 5399/5276/4829 5372/5330/4883
f 5446/5278/4831 5428/5317/4870 5380/5314/4867 5398/5277/4830
f 5431/5309/4862 5419/5333/4886 5371/5332/4885 5383/5308/4861
f 5419/5333/4886 5445/5283/4836 5397/5280/4833 5371/5332/4885
f 5444/5282/4835 5425/5323/4876 5377/5320/4873 5396/5281/4834
f 5421/5329/4882 5418/5335/4888 5370/5334/4887 5373/5328/4881
f 5418/5335/4888 5443/5287/4840 5395/5284/4837 5370/5334/4887
f 5442/5286/4839 5430/5313/4866 5382/5310/4863 5394/5285/4838
f 5417/5240/4793 5416/5241/4794 5368/5337/4890 5369/5336/4889
f 5415/5244/4797 5414/5245/4798 5366/5339/4892 5367/5338/4891
f 5413/5248/4801 5412/5249/4802 5364/5341/4894 5365/5340/4893
f 5411/5252/4805 5410/5253/4806 5362/5343/4896 5363/5342/4895
f 5409/5256/4809 5408/5257/4810 5360/5345/4898 5361/5344/4897
f 5407/5260/4813 5406/5261/4814 5358/5347/4900 5359/5346/4899
f 5405/5264/4817 5404/5265/4818 5356/5349/4902 5357/5348/4901
f 5403/5268/4821 5402/5269/4822 5354/5351/4904 5355/5350/4903
f 5401/5272/4825 5400/5273/4826 5352/5353/4906 5353/5352/4905
f 5399/5276/4829 5398/5277/4830 5350/5355/4908 5351/5354/4907
f 5397/5280/4833 5396/5281/4834 5348/5357/4910 5349/5356/4909
f 5395/5284/4837 5394/5285/4838 5346/5359/4912 5347/5358/4911
f 5393/5288/4841 5392/5289/4842 5344/5361/4914 5345/5360/4913
f 5392/5289/4842 5417/5240/4793 5369/5336/4889 5344/5361/4914
f 5416/5241/4794 5391/5292/4845 5343/5362/4915 5368/5337/4890
f 5390/5294/4847 5389/5295/4848 5341/5364/4917 5342/5363/4916
f 5389/5295/4848 5415/5244/4797 5367/5338/4891 5341/5364/4917
f 5414/5245/4798 5388/5298/4851 5340/5365/4918 5366/5339/4892
f 5387/5300/4853 5386/5301/4854 5338/5367/4920 5339/5366/4919
f 5386/5301/4854 5413/5248/4801 5365/5340/4893 5338/5367/4920
f 5412/5249/4802 5393/5288/4841 5345/5360/4913 5364/5341/4894
f 5391/5292/4845 5385/5304/4857 5337/5368/4921 5343/5362/4915
f 5385/5304/4857 5411/5252/4805 5363/5342/4895 5337/5368/4921
f 5410/5253/4806 5390/5294/4847 5342/5363/4916 5362/5343/4896
f 5388/5298/4851 5384/5306/4859 5336/5369/4922 5340/5365/4918
f 5384/5306/4859 5409/5256/4809 5361/5344/4897 5336/5369/4922
f 5408/5257/4810 5383/5308/4861 5335/5370/4923 5360/5345/4898
f 5382/5310/4863 5381/5311/4864 5333/5372/4925 5334/5371/4924
f 5381/5311/4864 5407/5260/4813 5359/5346/4899 5333/5372/4925
f 5406/5261/4814 5387/5300/4853 5339/5366/4919 5358/5347/4900
f 5380/5314/4867 5379/5315/4868 5331/5374/4927 5332/5373/4926
f 5379/5315/4868 5405/5264/4817 5357/5348/4901 5331/5374/4927
f 5404/5265/4818 5378/5318/4871 5330/5375/4928 5356/5349/4902
f 5377/5320/4873 5376/5321/4874 5328/5377/4930 5329/5376/4929
f 5376/5321/4874 5403/5268/4821 5355/5350/4903 5328/5377/4930
f 5402/5269/4822 5375/5324/4877 5327/5378/4931 5354/5351/4904
f 5378/5318/4871 5374/5326/4879 5326/5379/4932 5330/5375/4928
f 5374/5326/4879 5401/5272/4825 5353/5352/4905 5326/5379/4932
f 5400/5273/4826 5373/5328/4881 5325/5380/4933 5352/5353/4906
f 5375/5324/4877 5372/5330/4883 5324/5381/4934 5327/5378/4931
f 5372/5330/4883 5399/5276/4829 5351/5354/4907 5324/5381/4934
f 5398/5277/4830 5380/5314/4867 5332/5373/4926 5350/5355/4908
f 5383/5308/4861 5371/5332/4885 5323/5382/4935 5335/5370/4923
f 5371/5332/4885 5397/5280/4833 5349/5356/4909 5323/5382/4935
f 5396/5281/4834 5377/5320/4873 5329/5376/4929 5348/5357/4910
f 5373/5328/4881 5370/5334/4887 5322/5383/4936 5325/5380/4933
f 5370/5334/4887 5395/5284/4837 5347/5358/4911 5322/5383/4936
f 5394/5285/4838 5382/5310/4863 5334/5371/4924 5346/5359/4912
f 5369/5336/4889 5368/5337/4890 5320/5385/4938 5321/5384/4937
f 5367/5338/4891 5366/5339/4892 5318/5387/4940 5319/5386/4939
f 5365/5340/4893 5364/5341/4894 5316/5389/4942 5317/5388/4941
f 5363/5342/4895 5362/5343/4896 5314/5391/4944 5315/5390/4943
f 5361/5344/4897 5360/5345/4898 5312/5393/4946 5313/5392/4945
f 5359/5346/4899 5358/5347/4900 5310/5395/4948 5311/5394/4947
f 5357/5348/4901 5356/5349/4902 5308/5397/4950 5309/5396/4949
f 5355/5350/4903 5354/5351/4904 5306/5399/4952 5307/5398/4951
f 5353/5352/4905 5352/5353/4906 5304/5401/4954 5305/5400/4953
f 5351/5354/4907 5350/5355/4908 5302/5403/4956 5303/5402/4955
f 5349/5356/4909 5348/5357/4910 5300/5405/4958 5301/5404/4957
f 5347/5358/4911 5346/5359/4912 5298/5407/4960 5299/5406/4959
f 5345/5360/4913 5344/5361/4914 5296/5409/4962 5297/5408/4961
f 5344/5361/4914 5369/5336/4889 5321/5384/4937 5296/5409/4962
f 5368/5337/4890 5343/5362/4915 5295/5410/4963 5320/5385/4938
f 5342/5363/4916 5341/5364/4917 5293/5412/4965 5294/5411/4964
f 5341/5364/4917 5367/5338/4891 5319/5386/4939 5293/5412/4965
f 5366/5339/4892 5340/5365/4918 5292/5413/4966 5318/5387/4940
f 5339/5366/4919 5338/5367/4920 5290/5415/4968 5291/5414/4967
f 5338/5367/4920 5365/5340/4893 5317/5388/4941 5290/5415/4968
f 5364/5341/4894 5345/5360/4913 5297/5408/4961 5316/5389/4942
f 5343/5362/4915 5337/5368/4921 5289/5416/4969 5295/5410/4963
f 5337/5368/4921 5363/5342/4895 5315/5390/4943 5289/5416/4969
f 5362/5343/4896 5342/5363/4916 5294/5411/4964 5314/5391/4944
f 5340/5365/4918 5336/5369/4922 5288/5417/4970 5292/5413/4966
f 5336/5369/4922 5361/5344/4897 5313/5392/4945 5288/5417/4970
f 5360/5345/4898 5335/5370/4923 5287/5418/4971 5312/5393/4946
f 5334/5371/4924 5333/5372/4925 5285/5420/4973 5286/5419/4972
f 5333/5372/4925 5359/5346/4899 5311/5394/4947 5285/5420/4973
f 5358/5347/4900 5339/5366/4919 5291/5414/4967 5310/5395/4948
f 5332/5373/4926 5331/5374/4927 5283/5422/4975 5284/5421/4974
f 5331/5374/4927 5357/5348/4901 5309/5396/4949 5283/5422/4975
f 5356/5349/4902 5330/5375/4928 5282/5423/4976 5308/5397/4950
f 5329/5376/4929 5328/5377/4930 5280/5425/4978 5281/5424/4977
f 5328/5377/4930 5355/5350/4903 5307/5398/4951 5280/5425/4978
f 5354/5351/4904 5327/5378/4931 5279/5426/4979 5306/5399/4952
f 5330/5375/4928 5326/5379/4932 5278/5427/4980 5282/5423/4976
f 5326/5379/4932 5353/5352/4905 5305/5400/4953 5278/5427/4980
f 5352/5353/4906 5325/5380/4933 5277/5428/4981 5304/5401/4954
f 5327/5378/4931 5324/5381/4934 5276/5429/4982 5279/5426/4979
f 5324/5381/4934 5351/5354/4907 5303/5402/4955 5276/5429/4982
f 5350/5355/4908 5332/5373/4926 5284/5421/4974 5302/5403/4956
f 5335/5370/4923 5323/5382/4935 5275/5430/4983 5287/5418/4971
f 5323/5382/4935 5349/5356/4909 5301/5404/4957 5275/5430/4983
f 5348/5357/4910 5329/5376/4929 5281/5424/4977 5300/5405/4958
f 5325/5380/4933 5322/5383/4936 5274/5431/4984 5277/5428/4981
f 5322/5383/4936 5347/5358/4911 5299/5406/4959 5274/5431/4984
f 5346/5359/4912 5334/5371/4924 5286/5419/4972 5298/5407/4960
f 5321/5384/4937 5320/5385/4938 5272/5433/4986 5273/5432/4985
f 5319/5386/4939 5318/5387/4940 5270/5435/4988 5271/5434/4987
f 5317/5388/4941 5316/5389/4942 5268/5437/4990 5269/5436/4989
f 5315/5390/4943 5314/5391/4944 5266/5439/4992 5267/5438/4991
f 5313/5392/4945 5312/5393/4946 5264/5441/4994 5265/5440/4993
f 5311/5394/4947 5310/5395/4948 5262/5443/4996 5263/5442/4995
f 5309/5396/4949 5308/5397/4950 5260/5445/4998 5261/5444/4997
f 5307/5398/4951 5306/5399/4952 5258/5447/5000 5259/5446/4999
f 5305/5400/4953 5304/5401/4954 5256/5449/5002 5257/5448/5001
f 5303/5402/4955 5302/5403/4956 5254/5451/5004 5255/5450/5003
f 5301/5404/4957 5300/5405/4958 5252/5453/5006 5253/5452/5005
f 5299/5406/4959 5298/5407/4960 5250/5455/5008 5251/5454/5007
f 5297/5408/4961 5296/5409/4962 5248/5457/5010 5249/5456/5009
f 5296/5409/4962 5321/5384/4937 5273/5432/4985 5248/5457/5010
f 5320/5385/4938 5295/5410/4963 5247/5458/5011 5272/5433/4986
f 5294/5411/4964 5293/5412/4965 5245/5460/5013 5246/5459/5012
f 5293/5412/4965 5319/5386/4939 5271/5434/4987 5245/5460/5013
f 5318/5387/4940 5292/5413/4966 5244/5461/5014 5270/5435/4988
f 5291/5414/4967 5290/5415/4968 5242/5463/5016 5243/5462/5015
f 5290/5415/4968 5317/5388/4941 5269/5436/4989 5242/5463/5016
f 5316/5389/4942 5297/5408/4961 5249/5456/5009 5268/5437/4990
f 5295/5410/4963 5289/5416/4969 5241/5464/5017 5247/5458/5011
f 5289/5416/4969 5315/5390/4943 5267/5438/4991 5241/5464/5017
f 5314/5391/4944 5294/5411/4964 5246/5459/5012 5266/5439/4992
f 5292/5413/4966 5288/5417/4970 5240/5465/5018 5244/5461/5014
f 5288/5417/4970 5313/5392/4945 5265/5440/4993 5240/5465/5018
f 5312/5393/4946 5287/5418/4971 5239/5466/4994 5264/5441/4994
f 5286/5419/4972 5285/5420/4973 5237/5468/5019 5238/5467/5008
f 5285/5420/4973 5311/5394/4947 5263/5442/4995 5237/5468/5019
f 5310/5395/4948 5291/5414/4967 5243/5462/5015 5262/5443/4996
f 5284/5421/4974 5283/5422/4975 5235/5470/5021 5236/5469/5020
f 5283/5422/4975 5309/5396/4949 5261/5444/4997 5235/5470/5021
f 5308/5397/4950 5282/5423/4976 5234/5471/5022 5260/5445/4998
f 5281/5424/4977 5280/5425/4978 5232/5473/5024 5233/5472/5023
f 5280/5425/4978 5307/5398/4951 5259/5446/4999 5232/5473/5024
f 5306/5399/4952 5279/5426/4979 5231/5474/5025 5258/5447/5000
f 5282/5423/4976 5278/5427/4980 5230/5475/5026 5234/5471/5022
f 5278/5427/4980 5305/5400/4953 5257/5448/5001 5230/5475/5026
f 5304/5401/4954 5277/5428/4981 5229/5476/5027 5256/5449/5002
f 5279/5426/4979 5276/5429/4982 5228/5477/5028 5231/5474/5025
f 5276/5429/4982 5303/5402/4955 5255/5450/5003 5228/5477/5028
f 5302/5403/4956 5284/5421/4974 5236/5469/5020 5254/5451/5004
f 5287/5418/4971 5275/5430/4983 5227/5478/5029 5239/5466/4994
f 5275/5430/4983 5301/5404/4957 5253/5452/5005 5227/5478/5029
f 5300/5405/4958 5281/5424/4977 5233/5472/5023 5252/5453/5006
f 5277/5428/4981 5274/5431/4984 5226/5479/5030 5229/5476/5027
f 5274/5431/4984 5299/5406/4959 5251/5454/5007 5226/5479/5030
f 5298/5407/4960 5286/5419/4972 5238/5467/5008 5250/5455/5008
f 5273/5432/4985 5272/5433/4986 5224/5481/5032 5225/5480/5031
f 5271/5434/4987 5270/5435/4988 5222/5483/5034 5223/5482/5033
f 5269/5436/4989 5268/5437/4990 5220/5485/5036 5221/5484/5035
f 5267/5438/4991 5266/5439/4992 5218/5487/5038 5219/5486/5037
f 5265/5440/4993 5264/5441/4994 5216/5489/5040 5217/5488/5039
f 5263/5442/4995 5262/5443/4996 5214/5491/5042 5215/5490/5041
f 5261/5444/4997 5260/5445/4998 5212/5493/5044 5213/5492/5043
f 5259/5446/4999 5258/5447/5000 5210/5495/5046 5211/5494/5045
f 5257/5448/5001 5256/5449/5002 5208/5497/5048 5209/5496/5047
f 5255/5450/5003 5254/5451/5004 5206/5499/5050 5207/5498/5049
f 5253/5452/5005 5252/5453/5006 5204/5501/5052 5205/5500/5051
f 5251/5454/5007 5250/5455/5008 5202/5503/5054 5203/5502/5053
f 5249/5456/5009 5248/5457/5010 5200/5505/5056 5201/5504/5055
f 5248/5457/5010 5273/5432/4985 5225/5480/5031 5200/5505/5056
f 5272/5433/4986 5247/5458/5011 5199/5506/5057 5224/5481/5032
f 5246/5459/5012 5245/5460/5013 5197/5508/5059 5198/5507/5058
f 5245/5460/5013 5271/5434/4987 5223/5482/5033 5197/5508/5059
f 5270/5435/4988 5244/5461/5014 5196/5509/5060 5222/5483/5034
f 5243/5462/5015 5242/5463/5016 5194/5511/5062 5195/5510/5061
f 5242/5463/5016 5269/5436/4989 5221/5484/5035 5194/5511/5062
f 5268/5437/4990 5249/5456/5009 5201/5504/5055 5220/5485/5036
f 5247/5458/5011 5241/5464/5017 5193/5512/5063 5199/5506/5057
f 5241/5464/5017 5267/5438/4991 5219/5486/5037 5193/5512/5063
f 5266/5439/4992 5246/5459/5012 5198/5507/5058 5218/5487/5038
f 5244/5461/5014 5240/5465/5018 5192/5513/5064 5196/5509/5060
f 5240/5465/5018 5265/5440/4993 5217/5488/5039 5192/5513/5064
f 5264/5441/4994 5239/5466/4994 5191/5514/5065 5216/5489/5040
f 5238/5467/5008 5237/5468/5019 5189/5516/5066 5190/5515/5054
f 5237/5468/5019 5263/5442/4995 5215/5490/5041 5189/5516/5066
f 5262/5443/4996 5243/5462/5015 5195/5510/5061 5214/5491/5042
f 5236/5469/5020 5235/5470/5021 5187/5518/5068 5188/5517/5067
f 5235/5470/5021 5261/5444/4997 5213/5492/5043 5187/5518/5068
f 5260/5445/4998 5234/5471/5022 5186/5519/5069 5212/5493/5044
f 5233/5472/5023 5232/5473/5024 5184/5521/5071 5185/5520/5070
f 5232/5473/5024 5259/5446/4999 5211/5494/5045 5184/5521/5071
f 5258/5447/5000 5231/5474/5025 5183/5522/5072 5210/5495/5046
f 5234/5471/5022 5230/5475/5026 5182/5523/5073 5186/5519/5069
f 5230/5475/5026 5257/5448/5001 5209/5496/5047 5182/5523/5073
f 5256/5449/5002 5229/5476/5027 5181/5524/5074 5208/5497/5048
f 5231/5474/5025 5228/5477/5028 5180/5525/5075 5183/5522/5072
f 5228/5477/5028 5255/5450/5003 5207/5498/5049 5180/5525/5075
f 5254/5451/5004 5236/5469/5020 5188/5517/5067 5206/5499/5050
f 5239/5466/4994 5227/5478/5029 5179/5526/5065 5191/5514/5065
f 5227/5478/5029 5253/5452/5005 5205/5500/5051 5179/5526/5065
f 5252/5453/5006 5233/5472/5023 5185/5520/5070 5204/5501/5052
f 5229/5476/5027 5226/5479/5030 5178/5527/5076 5181/5524/5074
f 5226/5479/5030 5251/5454/5007 5203/5502/5053 5178/5527/5076
f 5250/5455/5008 5238/5467/5008 5190/5515/5054 5202/5503/5054
f 5225/5480/5031 5224/5481/5032 5176/5529/4985 5177/5528/4986
f 5223/5482/5033 5222/5483/5034 5174/5531/5078 5175/5530/5077
f 5221/5484/5035 5220/5485/5036 5172/5533/4990 5173/5532/4989
f 5219/5486/5037 5218/5487/5038 5170/5535/4992 5171/5534/5079
f 5217/5488/5039 5216/5489/5040 5168/5537/4994 5169/5536/4993
f 5215/5490/5041 5214/5491/5042 5166/5539/4996 5167/5538/4995
f 5213/5492/5043 5212/5493/5044 5164/5541/4998 5165/5540/5021
f 5211/5494/5045 5210/5495/5046 5162/5543/5080 5163/5542/5080
f 5209/5496/5047 5208/5497/5048 5160/5545/5002 5161/5544/5001
f 5207/5498/5049 5206/5499/5050 5158/5547/5004 5159/5546/5081
f 5205/5500/5051 5204/5501/5052 5156/5549/5006 5157/5548/5005
f 5203/5502/5053 5202/5503/5054 5154/5551/5008 5155/5550/5007
f 5201/5504/5055 5200/5505/5056 5152/5553/5010 5153/5552/5009
f 5200/5505/5056 5225/5480/5031 5177/5528/4986 5152/5553/5010
f 5224/5481/5032 5199/5506/5057 5151/5554/5082 5176/5529/4985
f 5198/5507/5058 5197/5508/5059 5149/5556/5077 5150/5555/5012
f 5197/5508/5059 5223/5482/5033 5175/5530/5077 5149/5556/5077
f 5222/5483/5034 5196/5509/5060 5148/5557/5083 5174/5531/5078
f 5195/5510/5061 5194/5511/5062 5146/5559/5016 5147/5558/5015
f 5194/5511/5062 5221/5484/5035 5173/5532/4989 5146/5559/5016
f 5220/5485/5036 5201/5504/5055 5153/5552/5009 5172/5533/4990
f 5199/5506/5057 5193/5512/5063 5145/5560/5017 5151/5554/5082
f 5193/5512/5063 5219/5486/5037 5171/5534/5079 5145/5560/5017
f 5218/5487/5038 5198/5507/5058 5150/5555/5012 5170/5535/4992
f 5196/5509/5060 5192/5513/5064 5144/5561/5018 5148/5557/5083
f 5192/5513/5064 5217/5488/5039 5169/5536/4993 5144/5561/5018
f 5216/5489/5040 5191/5514/5065 5143/5562/5029 5168/5537/4994
f 5190/5515/5054 5189/5516/5066 5141/5564/5019 5142/5563/5008
f 5189/5516/5066 5215/5490/5041 5167/5538/4995 5141/5564/5019
f 5214/5491/5042 5195/5510/5061 5147/5558/5015 5166/5539/4996
f 5188/5517/5067 5187/5518/5068 5139/5566/4997 5140/5565/5084
f 5187/5518/5068 5213/5492/5043 5165/5540/5021 5139/5566/4997
f 5212/5493/5044 5186/5519/5069 5138/5567/5022 5164/5541/4998
f 5185/5520/5070 5184/5521/5071 5136/5569/5086 5137/5568/5085
f 5184/5521/5071 5211/5494/5045 5163/5542/5080 5136/5569/5086
f 5210/5495/5046 5183/5522/5072 5135/5570/5025 5162/5543/5080
f 5186/5519/5069 5182/5523/5073 5134/5571/5026 5138/5567/5022
f 5182/5523/5073 5209/5496/5047 5161/5544/5001 5134/5571/5026
f 5208/5497/5048 5181/5524/5074 5133/5572/5027 5160/5545/5002
f 5183/5522/5072 5180/5525/5075 5132/5573/5028 5135/5570/5025
f 5180/5525/5075 5207/5498/5049 5159/5546/5081 5132/5573/5028
f 5206/5499/5050 5188/5517/5067 5140/5565/5084 5158/5547/5004
f 5191/5514/5065 5179/5526/5065 5131/5574/5029 5143/5562/5029
f 5179/5526/5065 5205/5500/5051 5157/5548/5005 5131/5574/5029
f 5204/5501/5052 5185/5520/5070 5137/5568/5085 5156/5549/5006
f 5181/5524/5074 5178/5527/5076 5130/5575/5030 5133/5572/5027
f 5178/5527/5076 5203/5502/5053 5155/5550/5007 5130/5575/5030
f 5202/5503/5054 5190/5515/5054 5142/5563/5008 5154/5551/5008
f 5128/5579/4757 5452/5578/4757 5453/5577/4758 5129/5576/4758
f 5129/5576/4758 5453/5577/4758 5427/5581/4783 5127/5580/4783
f 5127/5580/4783 5427/5581/4783 5428/5583/4784 5126/5582/4784
f 5126/5582/4784 5428/5583/4784 5446/5585/4763 5125/5584/4763
f 5125/5584/4763 5446/5585/4763 5447/5587/4764 5124/5586/4764
f 5124/5586/4764 5447/5587/4764 5420/5589/3155 5123/5588/3155
f 5123/5588/3155 5420/5589/3155 5423/5591/4788 5122/5590/4788
f 5122/5590/4788 5423/5591/4788 5450/5593/4759 5121/5592/4759
f 5121/5592/4759 5450/5593/4759 5451/5595/4760 5120/5594/4760
f 5120/5594/4760 5451/5595/4760 5424/5597/4786 5119/5596/4786
f 5119/5596/4786 5424/5597/4786 5425/5599/4787 5118/5598/4787
f 5118/5598/4787 5425/5599/4787 5444/5601/4765 5117/5600/4765
f 5117/5600/4765 5444/5601/4765 5445/5603/4766 5116/5602/4766
f 5116/5602/4766 5445/5603/4766 5419/5605/4791 5115/5604/4791
f 5115/5604/4791 5419/5605/4791 5431/5607/5087 5114/5606/5087
f 5114/5606/5087 5431/5607/5087 5456/5609/4753 5113/5608/4753
f 5113/5608/4753 5456/5609/4753 5457/5611/4754 5112/5610/4754
f 5112/5610/4754 5457/5611/4754 5432/5613/4778 5111/5612/4778
f 5111/5612/4778 5432/5613/4778 5436/5615/4774 5110/5614/4774
f 5110/5614/4774 5436/5615/4774 5462/5617/4748 5109/5616/4748
f 5109/5616/4748 5462/5617/4748 5463/5619/4749 5108/5618/4749
f 5108/5618/4749 5463/5619/4749 5437/5621/4772 5107/5620/4772
f 5107/5620/4772 5437/5621/4772 5438/5623/4773 5106/5622/4773
f 5106/5622/4773 5438/5623/4773 5458/5625/3696 5105/5624/3696
f 5105/5624/3696 5458/5625/3696 5459/5627/4752 5104/5626/4752
f 5104/5626/4752 5459/5627/4752 5433/5629/4777 5103/5628/4777
f 5103/5628/4777 5433/5629/4777 5439/5631/4771 5102/5630/4771
f 5102/5630/4771 5439/5631/4771 5464/5633/4746 5101/5632/4746
f 5101/5632/4746 5464/5633/4746 5465/5635/4747 5100/5634/4747
f 5100/5634/4747 5465/5635/4747 5440/5637/4769 5099/5636/4769
f 5099/5636/4769 5440/5637/4769 5441/5639/4770 5098/5638/4770
f 5098/5638/4770 5441/5639/4770 5460/5641/4750 5097/5640/4750
f 5097/5640/4750 5460/5641/4750 5461/5643/4751 5096/5642/4751
f 5096/5642/4751 5461/5643/4751 5434/5645/4775 5095/5644/4775
f 5095/5644/4775 5434/5645/4775 5435/5647/4776 5094/5646/4776
f 5094/5646/4776 5435/5647/4776 5454/5649/4755 5093/5648/4755
f 5093/5648/4755 5454/5649/4755 5455/5651/4756 5092/5650/4756
f 5092/5650/4756 5455/5651/4756 5429/5653/4780 5091/5652/4780
f 5091/5652/4780 5429/5653/4780 5430/5655/5088 5090/5654/4781
f 5090/5654/4781 5430/5655/5088 5442/5657/4767 5089/5656/4767
f 5089/5656/4767 5442/5657/4767 5443/5659/4768 5088/5658/4768
f 5088/5658/4768 5443/5659/4768 5418/5661/4792 5087/5660/4792
f 5087/5660/4792 5418/5661/4792 5421/5663/4790 5086/5662/4790
f 5086/5662/4790 5421/5663/4790 5448/5665/4761 5085/5664/4761
f 5085/5664/4761 5448/5665/4761 5449/5667/4762 5084/5666/4762
f 5084/5666/4762 5449/5667/4762 5422/5669/4789 5083/5668/4789
f 5083/5668/4789 5422/5669/4789 5426/5671/4785 5082/5670/4785
f 5082/5670/4785 5426/5671/4785 5452/5578/4757 5128/5579/4757
f 5032/5673/4758 5081/5205/4758 5080/5204/4757 5033/5672/4757
f 5031/5674/4783 5079/5229/4783 5081/5205/4758 5032/5673/4758
f 5030/5675/4784 5078/5230/4784 5079/5229/4783 5031/5674/4783
f 5029/5676/4763 5077/5210/4763 5078/5230/4784 5030/5675/4784
f 5028/5677/4764 5076/5211/4764 5077/5210/4763 5029/5676/4763
f 5027/5678/3155 5075/5237/3155 5076/5211/4764 5028/5677/4764
f 5026/5679/4788 5074/5234/4788 5075/5237/3155 5027/5678/3155
f 5025/5680/4759 5073/5206/4759 5074/5234/4788 5026/5679/4788
f 5024/5681/4760 5072/5207/4760 5073/5206/4759 5025/5680/4759
f 5023/5682/4786 5071/5232/4786 5072/5207/4760 5024/5681/4760
f 5022/5683/4787 5070/5233/4787 5071/5232/4786 5023/5682/4786
f 5021/5684/4765 5069/5212/4765 5070/5233/4787 5022/5683/4787
f 5020/5685/4766 5068/5213/4766 5069/5212/4765 5021/5684/4765
f 5019/5686/4791 5067/5238/4791 5068/5213/4766 5020/5685/4766
f 5018/5687/5089 5066/5226/4779 5067/5238/4791 5019/5686/4791
f 5017/5688/4753 5065/5200/4753 5066/5226/4779 5018/5687/5089
f 5016/5689/4754 5064/5201/4754 5065/5200/4753 5017/5688/4753
f 5015/5690/4778 5063/5225/4778 5064/5201/4754 5016/5689/4754
f 5014/5691/4774 5062/5221/4774 5063/5225/4778 5015/5690/4778
f 5013/5692/4748 5061/5194/4748 5062/5221/4774 5014/5691/4774
f 5012/5693/4749 5060/5195/4749 5061/5194/4748 5013/5692/4748
f 5011/5694/4772 5059/5219/4772 5060/5195/4749 5012/5693/4749
f 5010/5695/4773 5058/5220/4773 5059/5219/4772 5011/5694/4772
f 5009/5696/3696 5057/5198/3696 5058/5220/4773 5010/5695/4773
f 5008/5697/4752 5056/5199/4752 5057/5198/3696 5009/5696/3696
f 5007/5698/4777 5055/5224/4777 5056/5199/4752 5008/5697/4752
f 5006/5699/4771 5054/5218/4771 5055/5224/4777 5007/5698/4777
f 5005/5700/4746 5053/5192/4746 5054/5218/4771 5006/5699/4771
f 5004/5701/4747 5052/5193/4747 5053/5192/4746 5005/5700/4746
f 5003/5702/4769 5051/5216/4769 5052/5193/4747 5004/5701/4747
f 5002/5703/4770 5050/5217/4770 5051/5216/4769 5003/5702/4769
f 5001/5704/4750 5049/5196/4750 5050/5217/4770 5002/5703/4770
f 5000/5705/4751 5048/5197/4751 5049/5196/4750 5001/5704/4750
f 4999/5706/4775 5047/5222/4775 5048/5197/4751 5000/5705/4751
f 4998/5707/4776 5046/5223/4776 5047/5222/4775 4999/5706/4775
f 4997/5708/4755 5045/5202/4755 5046/5223/4776 4998/5707/4776
f 4996/5709/4756 5044/5203/4756 5045/5202/4755 4997/5708/4755
f 4995/5710/4780 5043/5227/4780 5044/5203/4756 4996/5709/4756
f 4994/5711/5090 5042/5228/4782 5043/5227/4780 4995/5710/4780
f 4993/5712/4767 5041/5214/4767 5042/5228/4782 4994/5711/5090
f 4992/5713/4768 5040/5215/4768 5041/5214/4767 4993/5712/4767
f 4991/5714/4792 5039/5239/4792 5040/5215/4768 4992/5713/4768
f 4990/5715/4790 5038/5236/4790 5039/5239/4792 4991/5714/4792
f 4989/5716/4761 5037/5208/4761 5038/5236/4790 4990/5715/4790
f 4988/5717/4762 5036/5209/4762 5037/5208/4761 4989/5716/4761
f 4987/5718/4789 5035/5235/4789 5036/5209/4762 4988/5717/4762
f 4986/5719/4785 5034/5231/4785 5035/5235/4789 4987/5718/4789
f 5033/5672/4757 5080/5204/4757 5034/5231/4785 4986/5719/4785
f 5033/5672/4757 5128/5579/4757 5129/5576/4758 5032/5673/4758
f 5032/5673/4758 5129/5576/4758 5127/5580/4783 5031/5674/4783
f 5031/5674/4783 5127/5580/4783 5126/5582/4784 5030/5675/4784
f 5030/5675/4784 5126/5582/4784 5125/5584/4763 5029/5676/4763
f 5029/5676/4763 5125/5584/4763 5124/5586/4764 5028/5677/4764
f 5028/5677/4764 5124/5586/4764 5123/5588/3155 5027/5678/3155
f 5027/5678/3155 5123/5588/3155 5122/5590/4788 5026/5679/4788
f 5026/5679/4788 5122/5590/4788 5121/5592/4759 5025/5680/4759
f 5025/5680/4759 5121/5592/4759 5120/5594/4760 5024/5681/4760
f 5024/5681/4760 5120/5594/4760 5119/5596/4786 5023/5682/4786
f 5023/5682/4786 5119/5596/4786 5118/5598/4787 5022/5683/4787
f 5022/5683/4787 5118/5598/4787 5117/5600/4765 5021/5684/4765
f 5021/5684/4765 5117/5600/4765 5116/5602/4766 5020/5685/4766
f 5020/5685/4766 5116/5602/4766 5115/5604/4791 5019/5686/4791
f 5019/5686/4791 5115/5604/4791 5114/5606/5087 5018/5687/5089
f 5018/5687/5089 5114/5606/5087 5113/5608/4753 5017/5688/4753
f 5017/5688/4753 5113/5608/4753 5112/5610/4754 5016/5689/4754
f 5016/5689/4754 5112/5610/4754 5111/5612/4778 5015/5690/4778
f 5015/5690/4778 5111/5612/4778 5110/5614/4774 5014/5691/4774
f 5014/5691/4774 5110/5614/4774 5109/5616/4748 5013/5692/4748
f 5013/5692/4748 5109/5616/4748 5108/5618/4749 5012/5693/4749
f 5012/5693/4749 5108/5618/4749 5107/5620/4772 5011/5694/4772
f 5011/5694/4772 5107/5620/4772 5106/5622/4773 5010/5695/4773
f 5010/5695/4773 5106/5622/4773 5105/5624/3696 5009/5696/3696
f 5009/5696/3696 5105/5624/3696 5104/5626/4752 5008/5697/4752
f 5008/5697/4752 5104/5626/4752 5103/5628/4777 5007/5698/4777
f 5007/5698/4777 5103/5628/4777 5102/5630/4771 5006/5699/4771
f 5006/5699/4771 5102/5630/4771 5101/5632/4746 5005/5700/4746
f 5005/5700/4746 5101/5632/4746 5100/5634/4747 5004/5701/4747
f 5004/5701/4747 5100/5634/4747 5099/5636/4769 5003/5702/4769
f 5003/5702/4769 5099/5636/4769 5098/5638/4770 5002/5703/4770
f 5002/5703/4770 5098/5638/4770 5097/5640/4750 5001/5704/4750
f 5001/5704/4750 5097/5640/4750 5096/5642/4751 5000/5705/4751
f 5000/5705/4751 5096/5642/4751 5095/5644/4775 4999/5706/4775
f 4999/5706/4775 5095/5644/4775 5094/5646/4776 4998/5707/4776
f 4998/5707/4776 5094/5646/4776 5093/5648/4755 4997/5708/4755
f 4997/5708/4755 5093/5648/4755 5092/5650/4756 4996/5709/4756
f 4996/5709/4756 5092/5650/4756 5091/5652/4780 4995/5710/4780
f 4995/5710/4780 5091/5652/4780 5090/5654/4781 4994/5711/5090
f 4994/5711/5090 5090/5654/4781 5089/5656/4767 4993/5712/4767
f 4993/5712/4767 5089/5656/4767 5088/5658/4768 4992/5713/4768
f 4992/5713/4768 5088/5658/4768 5087/5660/4792 4991/5714/4792
f 4991/5714/4792 5087/5660/4792 5086/5662/4790 4990/5715/4790
f 4990/5715/4790 5086/5662/4790 5085/5664/4761 4989/5716/4761
f 4989/5716/4761 5085/5664/4761 5084/5666/4762 4988/5717/4762
f 4988/5717/4762 5084/5666/4762 5083/5668/4789 4987/5718/4789
f 4987/5718/4789 5083/5668/4789 5082/5670/4785 4986/5719/4785
f 4986/5719/4785 5082/5670/4785 5128/5579/4757 5033/5672/4757
f 5177/5528/4986 5176/5529/4985 7224/5720/4739
f 5175/5530/5077 5174/5531/5078 7224/5720/4739
f 5173/5532/4989 5172/5533/4990 7224/5720/4739
f 5171/5534/5079 5170/5535/4992 7224/5720/4739
f 5169/5536/4993 5168/5537/4994 7224/5720/4739
f 5167/5538/4995 5166/5539/4996 7224/5720/4739
f 5165/5540/5021 5164/5541/4998 7224/5720/4739
f 5163/5542/5080 5162/5543/5080 7224/5720/4739
f 5161/5544/5001 5160/5545/5002 7224/5720/4739
f 5159/5546/5081 5158/5547/5004 7224/5720/4739
f 5157/5548/5005 5156/5549/5006 7224/5720/4739
f 5155/5550/5007 5154/5551/5008 7224/5720/4739
f 5153/5552/5009 5152/5553/5010 7224/5720/4739
f 5152/5553/5010 5177/5528/4986 7224/5720/4739
f 5176/5529/4985 5151/5554/5082 7224/5720/4739
f 5150/5555/5012 5149/5556/5077 7224/5720/4739
f 5149/5556/5077 5175/5530/5077 7224/5720/4739
f 5174/5531/5078 5148/5557/5083 7224/5720/4739
f 5147/5558/5015 5146/5559/5016 7224/5720/4739
f 5146/5559/5016 5173/5532/4989 7224/5720/4739
f 5172/5533/4990 5153/5552/5009 7224/5720/4739
f 5151/5554/5082 5145/5560/5017 7224/5720/4739
f 5145/5560/5017 5171/5534/5079 7224/5720/4739
f 5170/5535/4992 5150/5555/5012 7224/5720/4739
f 5148/5557/5083 5144/5561/5018 7224/5720/4739
f 5144/5561/5018 5169/5536/4993 7224/5720/4739
f 5168/5537/4994 5143/5562/5029 7224/5720/4739
f 5142/5563/5008 5141/5564/5019 7224/5720/4739
f 5141/5564/5019 5167/5538/4995 7224/5720/4739
f 5166/5539/4996 5147/5558/5015 7224/5720/4739
f 5140/5565/5084 5139/5566/4997 7224/5720/4739
f 5139/5566/4997 5165/5540/5021 7224/5720/4739
f 5164/5541/4998 5138/5567/5022 7224/5720/4739
f 5137/5568/5085 5136/5569/5086 7224/5720/4739
f 5136/5569/5086 5163/5542/5080 7224/5720/4739
f 5162/5543/5080 5135/5570/5025 7224/5720/4739
f 5138/5567/5022 5134/5571/5026 7224/5720/4739
f 5134/5571/5026 5161/5544/5001 7224/5720/4739
f 5160/5545/5002 5133/5572/5027 7224/5720/4739
f 5135/5570/5025 5132/5573/5028 7224/5720/4739
f 5132/5573/5028 5159/5546/5081 7224/5720/4739
f 5158/5547/5004 5140/5565/5084 7224/5720/4739
f 5143/5562/5029 5131/5574/5029 7224/5720/4739
f 5131/5574/5029 5157/5548/5005 7224/5720/4739
f 5156/5549/5006 5137/5568/5085 7224/5720/4739
f 5133/5572/5027 5130/5575/5030 7224/5720/4739
f 5130/5575/5030 5155/5550/5007 7224/5720/4739
f 5154/5551/5008 5142/5563/5008 7224/5720/4739
f 4983/5723/5093 4984/5722/5092 4985/5721/5091
f 4982/5724/5093 4983/5723/5093 4985/5721/5091
f 4981/5725/5091 4982/5724/5093 4985/5721/5091
f 4980/5726/5094 4981/5725/5091 4985/5721/5091
f 4979/5727/5094 4980/5726/5094 4985/5721/5091
f 4978/5728/5091 4979/5727/5094 4985/5721/5091
f 4977/5729/5095 4978/5728/5091 4985/5721/5091
f 4976/5730/5095 4977/5729/5095 4985/5721/5091
f 4975/5731/5091 4976/5730/5095 4985/5721/5091
f 4974/5732/5096 4975/5731/5091 4985/5721/5091
f 4973/5733/5096 4974/5732/5096 4985/5721/5091
f 4984/5722/5092 4973/5733/5096 4985/5721/5091
f 4970/5736/4738 4942/5735/5029 4943/5734/5097
f 4970/5736/4738 4943/5734/5097 4941/5737/5098
f 4970/5736/4738 4941/5737/5098 4940/5738/5099
f 4970/5736/4738 4940/5738/5099 4939/5739/5100
f 4970/5736/4738 4939/5739/5100 4938/5740/5101
f 4970/5736/4738 4938/5740/5101 4937/5741/5102
f 4970/5736/4738 4937/5741/5102 4936/5742/5103
f 4970/5736/4738 4936/5742/5103 4935/5743/5104
f 4970/5736/4738 4935/5743/5104 4934/5744/5105
f 4970/5736/4738 4934/5744/5105 4933/5745/5106
f 4970/5736/4738 4933/5745/5106 4932/5746/5107
f 4970/5736/4738 4932/5746/5107 4942/5735/5029
f 4983/5723/5109 4972/5748/5109 4971/5747/5108 4984/5722/5108
f 4974/5732/5096 4973/5733/5096 4944/5750/5110 4947/5749/5110
f 4981/5725/5112 4968/5752/5112 4969/5751/5111 4982/5724/5111
f 4980/5726/5113 4967/5753/5113 4968/5752/5112 4981/5725/5112
f 4973/5733/5114 4960/5755/5114 4945/5754/5114 4944/5750/5114
f 4978/5728/5116 4965/5757/5116 4966/5756/5115 4979/5727/5115
f 4977/5729/5117 4964/5758/5117 4965/5757/5116 4978/5728/5116
f 4960/5755/5120 4961/5760/5119 4946/5759/5118 4945/5754/5118
f 4975/5731/5122 4962/5762/5122 4963/5761/5121 4976/5730/5121
f 4974/5732/5123 4961/5760/5123 4962/5762/5122 4975/5731/5122
f 4961/5760/5124 4974/5732/5124 4947/5749/5124 4946/5759/5124
f 4984/5722/5108 4971/5747/5108 4960/5755/5125 4973/5733/5125
f 4956/5766/5126 4957/5765/5126 4958/5764/5126 4959/5763/5126
f 4952/5770/5127 4953/5769/5127 4954/5768/5127 4955/5767/5127
f 4948/5774/5128 4949/5773/5128 4950/5772/5128 4951/5771/5128
f 4944/5750/5129 4945/5754/5129 4946/5759/5129 4947/5749/5129
f 4972/5748/5130 4983/5723/5130 4959/5763/5130 4958/5764/5130
f 4969/5751/5133 4972/5748/5132 4958/5764/5131 4957/5765/5131
f 4982/5724/5134 4969/5751/5134 4957/5765/5134 4956/5766/5134
f 4983/5723/5093 4982/5724/5093 4956/5766/5135 4959/5763/5135
f 4967/5753/5136 4980/5726/5136 4955/5767/5136 4954/5768/5136
f 4966/5756/5139 4967/5753/5138 4954/5768/5137 4953/5769/5137
f 4979/5727/5140 4966/5756/5140 4953/5769/5140 4952/5770/5140
f 4980/5726/5094 4979/5727/5094 4952/5770/5141 4955/5767/5141
f 4964/5758/5142 4977/5729/5142 4951/5771/5142 4950/5772/5142
f 4963/5761/5145 4964/5758/5144 4950/5772/5143 4949/5773/5143
f 4976/5730/5146 4963/5761/5146 4949/5773/5146 4948/5774/5146
f 4977/5729/5095 4976/5730/5095 4948/5774/5147 4951/5771/5147
f 4943/5734/5097 4942/5735/5029 4971/5747/5148 4972/5748/5132
f 4941/5737/5098 4943/5734/5097 4972/5748/5132 4969/5751/5133
f 4940/5738/5099 4941/5737/5098 4969/5751/5133 4968/5752/5149
f 4939/5739/5100 4940/5738/5099 4968/5752/5149 4967/5753/5138
f 4938/5740/5101 4939/5739/5100 4967/5753/5138 4966/5756/5139
f 4937/5741/5102 4938/5740/5101 4966/5756/5139 4965/5757/4972
f 4936/5742/5103 4937/5741/5102 4965/5757/4972 4964/5758/5144
f 4935/5743/5104 4936/5742/5103 4964/5758/5144 4963/5761/5145
f 4934/5744/5105 4935/5743/5104 4963/5761/5145 4962/5762/5150
f 4933/5745/5106 4934/5744/5105 4962/5762/5150 4961/5760/5119
f 4932/5746/5107 4933/5745/5106 4961/5760/5119 4960/5755/5120
f 4942/5735/5029 4932/5746/5107 4960/5755/5120 4971/5747/5148

usemtl default

g Antennas
v -0.045617 1.677620 -7.095980
v -0.112369 1.667794 -7.091540
v -0.060186 1.664624 -7.082660
v -0.105739 1.670090 -7.089160
v -0.071348 1.664429 -7.082911
v -0.045232 1.655542 -7.105741
v -0.114507 1.661485 -7.095980
v -0.090624 1.657833 -7.102790
v -0.051058 1.677525 -7.095980
v -0.080296 1.657050 -7.103710
v -0.071188 1.655281 -7.086401
v -0.071130 1.651954 -7.095980
v -0.080422 1.664272 -7.106521
v -0.114482 1.662003 -7.097800
v -0.080296 1.657050 -7.088241
v -0.059963 1.651886 -7.095980
v -0.112227 1.659638 -7.100410
v -0.060023 1.655283 -7.086210
v -0.045558 1.674224 -7.105741
v -0.105520 1.657573 -7.102790
v -0.042301 1.674281 -7.086210
v -0.045173 1.652144 -7.095980
v -0.038178 1.655665 -7.086210
v -0.110243 1.658417 -7.090170
v -0.071188 1.655281 -7.105560
v -0.071348 1.664429 -7.109040
v -0.015615 1.703762 -7.086210
v -0.114545 1.663676 -7.093590
v -0.114541 1.665352 -7.094151
v -0.060186 1.664624 -7.109290
v -0.050673 1.655447 -7.105741
v -0.060023 1.655283 -7.105741
v -0.078208 1.652882 -7.095980
v -0.060349 1.673966 -7.086210
v -0.110429 1.669083 -7.090170
v -0.110243 1.658417 -7.101780
v -0.078554 1.672684 -7.087131
v -0.081413 1.664255 -7.105520
v -0.071508 1.673578 -7.086401
v -0.112369 1.667794 -7.100410
v -0.071508 1.673578 -7.105560
v -0.071566 1.676904 -7.095980
v -0.035140 1.703421 -7.086210
v -0.035646 1.732416 -7.086210
v -0.050999 1.674129 -7.105741
v -0.060408 1.677362 -7.095980
v -0.039196 1.732354 -7.095980
v -0.060349 1.673966 -7.105741
v -0.105520 1.657573 -7.089160
v -0.112201 1.658155 -7.095980
v -0.084418 1.672738 -7.095980
v -0.108334 1.657710 -7.102591
v -0.108440 1.663783 -7.086960
v -0.113715 1.660930 -7.098980
v -0.099492 1.670199 -7.102790
v -0.035646 1.732416 -7.105741
v -0.105630 1.663832 -7.105260
v -0.081413 1.664255 -7.086441
v -0.038412 1.665103 -7.082581
v -0.042138 1.664939 -7.109290
v -0.050673 1.655447 -7.086210
v -0.110336 1.663750 -7.088060
v -0.113698 1.659926 -7.095980
v -0.110336 1.663750 -7.103890
v -0.112298 1.663715 -7.102030
v -0.042301 1.674281 -7.105741
v -0.035140 1.703421 -7.105741
v -0.110209 1.656478 -7.095980
v -0.081301 1.657803 -7.088981
v -0.045395 1.664882 -7.082660
v -0.050836 1.664787 -7.082660
v -0.078262 1.655928 -7.087131
v -0.081526 1.670706 -7.088981
v -0.080250 1.654423 -7.095980
v -0.108296 1.655501 -7.095980
v -0.099383 1.663941 -7.105260
v -0.110429 1.669083 -7.101780
v -0.045395 1.664882 -7.109290
v -0.090733 1.664092 -7.105260
v -0.041916 1.652201 -7.095980
v -0.084378 1.670463 -7.102790
v -0.078554 1.672684 -7.104820
v -0.081567 1.673051 -7.095980
v -0.084378 1.670463 -7.089160
v -0.113764 1.663690 -7.091880
v -0.112227 1.659638 -7.091540
v -0.105630 1.663832 -7.086690
v -0.114482 1.662003 -7.094151
v -0.039151 1.674966 -7.085731
v -0.038412 1.665103 -7.109371
v -0.084269 1.664205 -7.086690
v -0.084160 1.657946 -7.102790
v -0.081260 1.655457 -7.095980
v -0.080548 1.671493 -7.103710
v -0.025377 1.703591 -7.082660
v -0.105739 1.670090 -7.102790
v -0.081301 1.657803 -7.102971
v -0.016121 1.732756 -7.086210
v -0.090842 1.670350 -7.102790
v -0.113715 1.660930 -7.092970
v -0.084269 1.664205 -7.105260
v -0.113812 1.666450 -7.092970
v -0.108334 1.657710 -7.089370
v -0.042361 1.677677 -7.095980
v -0.112395 1.669277 -7.095980
v -0.110463 1.671022 -7.095980
v -0.081526 1.670706 -7.102971
v -0.113812 1.666450 -7.098980
v -0.108440 1.663783 -7.104990
v -0.025884 1.732586 -7.082660
v -0.099273 1.657682 -7.089160
v -0.113829 1.667454 -7.095980
v -0.032383 1.748883 -7.089760
v -0.032383 1.748883 -7.102190
v -0.032827 1.748875 -7.095980
v -0.019958 1.749100 -7.102190
v -0.026170 1.748992 -7.102631
v -0.019958 1.749100 -7.089760
v -0.026170 1.748992 -7.089320
v -0.019514 1.749108 -7.095980
v -0.105779 1.672367 -7.095980
v -0.041975 1.655599 -7.105741
v -0.108585 1.672065 -7.095980
v -0.050614 1.652049 -7.095980
v -0.038178 1.655665 -7.105741
v -0.090584 1.655557 -7.095980
v -0.038657 1.679712 -7.095980
v -0.025377 1.703591 -7.109290
v -0.078408 1.664306 -7.108030
v -0.038690 1.703359 -7.095980
v -0.038384 1.685819 -7.095980
v -0.015615 1.703762 -7.105741
v -0.050836 1.664787 -7.109290
v -0.012065 1.703824 -7.095980
v -0.016121 1.732756 -7.105741
v -0.084120 1.655670 -7.095980
v -0.012572 1.732818 -7.095980
v -0.108546 1.669856 -7.102591
v -0.011628 1.678783 -7.095980
v -0.078408 1.664306 -7.083920
v -0.108546 1.669856 -7.089370
v -0.080548 1.671493 -7.088241
v -0.011759 1.686284 -7.095980
v -0.038119 1.652267 -7.095980
v -0.080422 1.664272 -7.085430
v -0.034834 1.685881 -7.105741
v -0.113764 1.663690 -7.100070
v -0.050999 1.674129 -7.086210
v -0.045232 1.655542 -7.086210
v -0.099532 1.672476 -7.095980
v -0.035339 1.678963 -7.106220
v -0.039151 1.674966 -7.106220
v -0.015178 1.678721 -7.105741
v -0.025040 1.678612 -7.109371
v -0.099383 1.663941 -7.086690
v -0.090624 1.657833 -7.089160
v -0.114584 1.665869 -7.095980
v -0.025071 1.686051 -7.109290
v -0.090733 1.664092 -7.086690
v -0.015309 1.686222 -7.105741
v -0.090842 1.670350 -7.089160
v -0.015309 1.686222 -7.086210
v -0.042138 1.664939 -7.082660
v -0.114545 1.663676 -7.098360
v -0.078607 1.675730 -7.095980
v -0.084160 1.657946 -7.089160
v -0.015178 1.678721 -7.086210
v -0.114541 1.665352 -7.097800
v -0.035339 1.678963 -7.085731
v -0.025040 1.678612 -7.082581
v -0.090882 1.672626 -7.095980
v -0.099273 1.657682 -7.102790
v -0.025884 1.732586 -7.109290
v -0.025071 1.686051 -7.082660
v -0.041975 1.655599 -7.086210
v -0.034834 1.685881 -7.086210
v -0.040040 1.678129 -7.095980
v -0.080593 1.674119 -7.095980
v -0.099492 1.670199 -7.089160
v -0.105481 1.655297 -7.095980
v -0.112298 1.663715 -7.089920
v -0.078262 1.655928 -7.104820
v -0.045558 1.674224 -7.086210
v -0.099234 1.655406 -7.095980
v -0.095220 1.672550 -7.095980
v -0.095181 1.670274 -7.102790
v -0.095071 1.664016 -7.105260
v -0.094962 1.657757 -7.102790
v -0.094922 1.655481 -7.095980
v -0.095181 1.670274 -7.089160
v -0.094962 1.657757 -7.089160
v -0.095071 1.664016 -7.086690
v -0.087091 1.672692 -7.095980
v -0.082649 1.672835 -7.095980
v -0.086942 1.664158 -7.105260
v -0.082609 1.670542 -7.102830
v -0.082499 1.664236 -7.105330
v -0.086793 1.655623 -7.095980
v -0.082389 1.657928 -7.102830
v -0.082349 1.655635 -7.095980
v -0.086942 1.664158 -7.086690
v -0.082609 1.670542 -7.089120
v -0.082389 1.657928 -7.089120
v -0.082499 1.664236 -7.086620
v -0.047957 1.677579 -7.095980
v -0.047898 1.674183 -7.105741
v -0.047735 1.664841 -7.109290
v -0.047572 1.655501 -7.105741
v -0.047512 1.652103 -7.095980
v -0.047898 1.674183 -7.086210
v -0.047572 1.655501 -7.086210
v -0.047735 1.664841 -7.082660
v -0.114228 1.663682 -7.092771
v -0.114182 1.661502 -7.093600
v -0.114177 1.660732 -7.095980
v -0.114182 1.661502 -7.098351
v -0.114228 1.663682 -7.099191
v -0.114258 1.665863 -7.093600
v -0.114258 1.665863 -7.098351
v -0.114280 1.666632 -7.095980
v -0.113128 1.663701 -7.090930
v -0.111344 1.663732 -7.088940
v -0.113047 1.659067 -7.095980
v -0.111261 1.658991 -7.090820
v -0.111231 1.657267 -7.095980
v -0.113128 1.663701 -7.101020
v -0.111261 1.658991 -7.101140
v -0.111344 1.663732 -7.103011
v -0.111427 1.668473 -7.090820
v -0.113209 1.668335 -7.095980
v -0.111427 1.668473 -7.101140
v -0.111457 1.670198 -7.095980
v -0.103093 1.663876 -7.086690
v -0.109345 1.663767 -7.087370
v -0.107306 1.663803 -7.086760
v -0.102944 1.655341 -7.095980
v -0.109207 1.655864 -7.095980
v -0.107198 1.657591 -7.089221
v -0.107159 1.655331 -7.095980
v -0.103093 1.663876 -7.105260
v -0.109345 1.663767 -7.104580
v -0.107198 1.657591 -7.102740
v -0.107306 1.663803 -7.105190
v -0.103242 1.672411 -7.095980
v -0.107415 1.670015 -7.089221
v -0.109483 1.671670 -7.095980
v -0.107415 1.670015 -7.102740
v -0.107454 1.672274 -7.095980
v -0.080794 1.664265 -7.086061
v -0.079794 1.664282 -7.084671
v -0.080633 1.655074 -7.095980
v -0.079657 1.656482 -7.087690
v -0.079608 1.653646 -7.095980
v -0.080794 1.664265 -7.105890
v -0.079657 1.656482 -7.104260
v -0.079794 1.664282 -7.107280
v -0.079930 1.672083 -7.087690
v -0.080954 1.673456 -7.095980
v -0.079930 1.672083 -7.104260
v -0.079979 1.674918 -7.095980
v -0.043824 1.677652 -7.095980
v -0.041132 1.677802 -7.095980
v -0.043601 1.664914 -7.109290
v -0.040865 1.674464 -7.105861
v -0.040558 1.664992 -7.109310
v -0.043379 1.652175 -7.095980
v -0.040378 1.655626 -7.105741
v -0.040318 1.652229 -7.095980
v -0.043601 1.664914 -7.082660
v -0.040865 1.674464 -7.086091
v -0.040378 1.655626 -7.086210
v -0.040558 1.664992 -7.082641
v -0.025614 1.717134 -7.109290
v -0.015851 1.717305 -7.105741
v -0.012302 1.717367 -7.095980
v -0.015851 1.717305 -7.086210
v -0.025614 1.717134 -7.082660
v -0.035376 1.716964 -7.105741
v -0.035376 1.716964 -7.086210
v -0.038927 1.716902 -7.095980
v -0.054914 1.664716 -7.082660
v -0.075760 1.664352 -7.083291
v -0.065910 1.664524 -7.082720
v -0.054692 1.651978 -7.095980
v -0.075549 1.652271 -7.095980
v -0.065748 1.655232 -7.086260
v -0.065689 1.651852 -7.095980
v -0.054914 1.664716 -7.109290
v -0.075760 1.664352 -7.108661
v -0.065748 1.655232 -7.105690
v -0.065910 1.664524 -7.109231
v -0.055137 1.677454 -7.095980
v -0.066072 1.673818 -7.086260
v -0.075971 1.676433 -7.095980
v -0.066072 1.673818 -7.105690
v -0.066131 1.677196 -7.095980
v -0.035181 1.665218 -7.109470
v -0.024831 1.665370 -7.109271
v -0.114747 1.663673 -7.094380
v -0.114722 1.662211 -7.095980
v -0.114747 1.663673 -7.097570
v -0.114773 1.665135 -7.095980
v -0.114909 1.663671 -7.095980
v -0.035181 1.665218 -7.082490
v -0.024831 1.665370 -7.082680
v -0.015266 1.665727 -7.105431
v -0.015266 1.665727 -7.086531
v -0.011818 1.665622 -7.095980
v -0.024870 1.656198 -7.105431
v -0.034852 1.652324 -7.095980
v -0.024870 1.656198 -7.086531
v -0.015422 1.656663 -7.095980
v -0.024640 1.652905 -7.095980
v -0.026170 1.748992 -7.095980
v -0.038504 1.692680 -7.095980
v -0.039183 1.678739 -7.095980
v -0.038409 1.681817 -7.095980
v -0.011879 1.693144 -7.095980
v -0.011571 1.675526 -7.095980
v -0.011683 1.681932 -7.095980
v -0.025191 1.692912 -7.109290
v -0.034917 1.681676 -7.105861
v -0.025042 1.675386 -7.109470
v -0.015233 1.681870 -7.105741
v -0.025021 1.681715 -7.109310
v -0.025191 1.692912 -7.082660
v -0.015233 1.681870 -7.086210
v -0.025042 1.675386 -7.082490
v -0.034917 1.681676 -7.086091
v -0.025021 1.681715 -7.082641
v -0.026170 1.748992 -7.082660
v -0.039483 1.748759 -7.095980
v -0.026170 1.748992 -7.109290
v -0.012858 1.749224 -7.095980
v -0.103202 1.670134 -7.102790
v -0.102984 1.657617 -7.102790
v -0.103202 1.670134 -7.089160
v -0.102984 1.657617 -7.089160
v -0.087051 1.670416 -7.102790
v -0.086832 1.657899 -7.102790
v -0.087051 1.670416 -7.089160
v -0.086832 1.657899 -7.089160
v -0.055078 1.674058 -7.105741
v -0.054751 1.655375 -7.105741
v -0.055078 1.674058 -7.086210
v -0.054751 1.655375 -7.086210
v -0.114632 1.662384 -7.094571
v -0.114632 1.662384 -7.097380
v -0.114677 1.664966 -7.097380
v -0.114677 1.664966 -7.094571
v -0.113068 1.660303 -7.092280
v -0.113068 1.660303 -7.099670
v -0.113187 1.667099 -7.099670
v -0.113187 1.667099 -7.092280
v -0.109244 1.657972 -7.089671
v -0.109244 1.657972 -7.102281
v -0.109446 1.669563 -7.102281
v -0.109446 1.669563 -7.089671
v -0.080676 1.657524 -7.088700
v -0.080676 1.657524 -7.103251
v -0.080911 1.671005 -7.103251
v -0.080911 1.671005 -7.088700
v -0.043764 1.674255 -7.105741
v -0.043438 1.655573 -7.105741
v -0.043764 1.674255 -7.086210
v -0.043438 1.655573 -7.086210
v -0.015429 1.693083 -7.105741
v -0.015429 1.693083 -7.086210
v -0.034954 1.692742 -7.086210
v -0.034954 1.692742 -7.105741
v -0.075606 1.655493 -7.086670
v -0.075606 1.655493 -7.105280
v -0.075915 1.673212 -7.105280
v -0.075915 1.673212 -7.086670
v -0.034911 1.655722 -7.105741
v -0.034911 1.655722 -7.086210
v -0.017356 1.658451 -7.088740
v -0.017356 1.658451 -7.103210
v -0.015121 1.675464 -7.105741
v -0.016407 1.749162 -7.105741
v -0.035932 1.748821 -7.105741
v -0.036478 1.676207 -7.107141
v -0.036478 1.676207 -7.084810
v -0.035932 1.748821 -7.086210
v -0.016407 1.749162 -7.086210
v -0.015121 1.675464 -7.086210
v -0.045617 1.677620 -6.769770
v -0.112369 1.667794 -6.765330
v -0.060186 1.664624 -6.756451
v -0.105739 1.670090 -6.762960
v -0.071348 1.664429 -6.756711
v -0.045232 1.655542 -6.779531
v -0.114507 1.661485 -6.769770
v -0.090624 1.657833 -6.776580
v -0.051058 1.677525 -6.769770
v -0.080296 1.657050 -6.777501
v -0.071188 1.655281 -6.760190
v -0.071130 1.651954 -6.769770
v -0.080422 1.664272 -6.780320
v -0.114482 1.662003 -6.771590
v -0.080296 1.657050 -6.762040
v -0.059963 1.651886 -6.769770
v -0.112227 1.659638 -6.774210
v -0.060023 1.655283 -6.760010
v -0.045558 1.674224 -6.779531
v -0.105520 1.657573 -6.776580
v -0.042301 1.674281 -6.760010
v -0.045173 1.652144 -6.769770
v -0.038178 1.655665 -6.760010
v -0.110243 1.658417 -6.763970
v -0.071188 1.655281 -6.779350
v -0.071348 1.664429 -6.782830
v -0.015615 1.703762 -6.760010
v -0.114545 1.663676 -6.767381
v -0.114541 1.665352 -6.767951
v -0.060186 1.664624 -6.783081
v -0.050673 1.655447 -6.779531
v -0.060023 1.655283 -6.779531
v -0.078208 1.652882 -6.769770
v -0.060349 1.673966 -6.760010
v -0.110429 1.669083 -6.763970
v -0.110243 1.658417 -6.775570
v -0.078554 1.672684 -6.760931
v -0.081413 1.664255 -6.779311
v -0.071508 1.673578 -6.760190
v -0.112369 1.667794 -6.774210
v -0.071508 1.673578 -6.779350
v -0.071566 1.676904 -6.769770
v -0.035140 1.703421 -6.760010
v -0.035646 1.732416 -6.760010
v -0.050999 1.674129 -6.779531
v -0.060408 1.677362 -6.769770
v -0.039196 1.732354 -6.769770
v -0.060349 1.673966 -6.779531
v -0.105520 1.657573 -6.762960
v -0.112201 1.658155 -6.769770
v -0.084418 1.672738 -6.769770
v -0.108334 1.657710 -6.776380
v -0.108440 1.663783 -6.760760
v -0.113715 1.660930 -6.772770
v -0.099492 1.670199 -6.776580
v -0.035646 1.732416 -6.779531
v -0.105630 1.663832 -6.779060
v -0.081413 1.664255 -6.760231
v -0.038412 1.665103 -6.756381
v -0.042138 1.664939 -6.783081
v -0.050673 1.655447 -6.760010
v -0.110336 1.663750 -6.761860
v -0.113698 1.659926 -6.769770
v -0.110336 1.663750 -6.777680
v -0.112298 1.663715 -6.775820
v -0.042301 1.674281 -6.779531
v -0.035140 1.703421 -6.779531
v -0.110209 1.656478 -6.769770
v -0.081301 1.657803 -6.762770
v -0.045395 1.664882 -6.756451
v -0.050836 1.664787 -6.756451
v -0.078262 1.655928 -6.760931
v -0.081526 1.670706 -6.762770
v -0.080250 1.654423 -6.769770
v -0.108296 1.655501 -6.769770
v -0.099383 1.663941 -6.779060
v -0.110429 1.669083 -6.775570
v -0.045395 1.664882 -6.783081
v -0.090733 1.664092 -6.779060
v -0.041916 1.652201 -6.769770
v -0.084378 1.670463 -6.776580
v -0.078554 1.672684 -6.778610
v -0.081567 1.673051 -6.769770
v -0.084378 1.670463 -6.762960
v -0.113764 1.663690 -6.765670
v -0.112227 1.659638 -6.765330
v -0.105630 1.663832 -6.760480
v -0.114482 1.662003 -6.767951
v -0.039151 1.674966 -6.759530
v -0.038412 1.665103 -6.783160
v -0.084269 1.664205 -6.760480
v -0.084160 1.657946 -6.776580
v -0.081260 1.655457 -6.769770
v -0.080548 1.671493 -6.777501
v -0.025377 1.703591 -6.756451
v -0.105739 1.670090 -6.776580
v -0.081301 1.657803 -6.776771
v -0.016121 1.732756 -6.760010
v -0.090842 1.670350 -6.776580
v -0.113715 1.660930 -6.766770
v -0.084269 1.664205 -6.779060
v -0.113812 1.666450 -6.766770
v -0.108334 1.657710 -6.763161
v -0.042361 1.677677 -6.769770
v -0.112395 1.669277 -6.769770
v -0.110463 1.671022 -6.769770
v -0.081526 1.670706 -6.776771
v -0.113812 1.666450 -6.772770
v -0.108440 1.663783 -6.778780
v -0.025884 1.732586 -6.756451
v -0.099273 1.657682 -6.762960
v -0.113829 1.667454 -6.769770
v -0.032383 1.748883 -6.763560
v -0.032383 1.748883 -6.775980
v -0.032827 1.748875 -6.769770
v -0.019958 1.749100 -6.775980
v -0.026170 1.748992 -6.776430
v -0.019958 1.749100 -6.763560
v -0.026170 1.748992 -6.763111
v -0.019514 1.749108 -6.769770
v -0.105779 1.672367 -6.769770
v -0.041975 1.655599 -6.779531
v -0.108585 1.672065 -6.769770
v -0.050614 1.652049 -6.769770
v -0.038178 1.655665 -6.779531
v -0.090584 1.655557 -6.769770
v -0.038657 1.679712 -6.769770
v -0.025377 1.703591 -6.783081
v -0.078408 1.664306 -6.781830
v -0.038690 1.703359 -6.769770
v -0.038384 1.685819 -6.769770
v -0.015615 1.703762 -6.779531
v -0.050836 1.664787 -6.783081
v -0.012065 1.703824 -6.769770
v -0.016121 1.732756 -6.779531
v -0.084120 1.655670 -6.769770
v -0.012572 1.732818 -6.769770
v -0.108546 1.669856 -6.776380
v -0.011628 1.678783 -6.769770
v -0.078408 1.664306 -6.757710
v -0.108546 1.669856 -6.763161
v -0.080548 1.671493 -6.762040
v -0.011759 1.686284 -6.769770
v -0.038119 1.652267 -6.769770
v -0.080422 1.664272 -6.759220
v -0.034834 1.685881 -6.779531
v -0.113764 1.663690 -6.773870
v -0.050999 1.674129 -6.760010
v -0.045232 1.655542 -6.760010
v -0.099532 1.672476 -6.769770
v -0.035339 1.678963 -6.780010
v -0.039151 1.674966 -6.780010
v -0.015178 1.678721 -6.779531
v -0.025040 1.678612 -6.783160
v -0.099383 1.663941 -6.760480
v -0.090624 1.657833 -6.762960
v -0.114584 1.665869 -6.769770
v -0.025071 1.686051 -6.783081
v -0.090733 1.664092 -6.760480
v -0.015309 1.686222 -6.779531
v -0.090842 1.670350 -6.762960
v -0.015309 1.686222 -6.760010
v -0.042138 1.664939 -6.756451
v -0.114545 1.663676 -6.772160
v -0.078607 1.675730 -6.769770
v -0.084160 1.657946 -6.762960
v -0.015178 1.678721 -6.760010
v -0.114541 1.665352 -6.771590
v -0.035339 1.678963 -6.759530
v -0.025040 1.678612 -6.756381
v -0.090882 1.672626 -6.769770
v -0.099273 1.657682 -6.776580
v -0.025884 1.732586 -6.783081
v -0.025071 1.686051 -6.756451
v -0.041975 1.655599 -6.760010
v -0.034834 1.685881 -6.760010
v -0.040040 1.678129 -6.769770
v -0.080593 1.674119 -6.769770
v -0.099492 1.670199 -6.762960
v -0.105481 1.655297 -6.769770
v -0.112298 1.663715 -6.763720
v -0.078262 1.655928 -6.778610
v -0.045558 1.674224 -6.760010
v -0.099234 1.655406 -6.769770
v -0.095220 1.672550 -6.769770
v -0.095181 1.670274 -6.776580
v -0.095071 1.664016 -6.779060
v -0.094962 1.657757 -6.776580
v -0.094922 1.655481 -6.769770
v -0.095181 1.670274 -6.762960
v -0.094962 1.657757 -6.762960
v -0.095071 1.664016 -6.760480
v -0.087091 1.672692 -6.769770
v -0.082649 1.672835 -6.769770
v -0.086942 1.664158 -6.779060
v -0.082609 1.670542 -6.776630
v -0.082499 1.664236 -6.779120
v -0.086793 1.655623 -6.769770
v -0.082389 1.657928 -6.776630
v -0.082349 1.655635 -6.769770
v -0.086942 1.664158 -6.760480
v -0.082609 1.670542 -6.762910
v -0.082389 1.657928 -6.762910
v -0.082499 1.664236 -6.760420
v -0.047957 1.677579 -6.769770
v -0.047898 1.674183 -6.779531
v -0.047735 1.664841 -6.783081
v -0.047572 1.655501 -6.779531
v -0.047512 1.652103 -6.769770
v -0.047898 1.674183 -6.760010
v -0.047572 1.655501 -6.760010
v -0.047735 1.664841 -6.756451
v -0.114228 1.663682 -6.766561
v -0.114182 1.661502 -6.767400
v -0.114177 1.660732 -6.769770
v -0.114182 1.661502 -6.772140
v -0.114228 1.663682 -6.772981
v -0.114258 1.665863 -6.767400
v -0.114258 1.665863 -6.772140
v -0.114280 1.666632 -6.769770
v -0.113128 1.663701 -6.764730
v -0.111344 1.663732 -6.762731
v -0.113047 1.659067 -6.769770
v -0.111261 1.658991 -6.764610
v -0.111231 1.657267 -6.769770
v -0.113128 1.663701 -6.774810
v -0.111261 1.658991 -6.774930
v -0.111344 1.663732 -6.776810
v -0.111427 1.668473 -6.764610
v -0.113209 1.668335 -6.769770
v -0.111427 1.668473 -6.774930
v -0.111457 1.670198 -6.769770
v -0.103093 1.663876 -6.760480
v -0.109345 1.663767 -6.761170
v -0.107306 1.663803 -6.760550
v -0.102944 1.655341 -6.769770
v -0.109207 1.655864 -6.769770
v -0.107198 1.657591 -6.763010
v -0.107159 1.655331 -6.769770
v -0.103093 1.663876 -6.779060
v -0.109345 1.663767 -6.778370
v -0.107198 1.657591 -6.776530
v -0.107306 1.663803 -6.778990
v -0.103242 1.672411 -6.769770
v -0.107415 1.670015 -6.763010
v -0.109483 1.671670 -6.769770
v -0.107415 1.670015 -6.776530
v -0.107454 1.672274 -6.769770
v -0.080794 1.664265 -6.759851
v -0.079794 1.664282 -6.758471
v -0.080633 1.655074 -6.769770
v -0.079657 1.656482 -6.761480
v -0.079608 1.653646 -6.769770
v -0.080794 1.664265 -6.779690
v -0.079657 1.656482 -6.778060
v -0.079794 1.664282 -6.781070
v -0.079930 1.672083 -6.761480
v -0.080954 1.673456 -6.769770
v -0.079930 1.672083 -6.778060
v -0.079979 1.674918 -6.769770
v -0.043824 1.677652 -6.769770
v -0.041132 1.677802 -6.769770
v -0.043601 1.664914 -6.783081
v -0.040865 1.674464 -6.779650
v -0.040558 1.664992 -6.783101
v -0.043379 1.652175 -6.769770
v -0.040378 1.655626 -6.779531
v -0.040318 1.652229 -6.769770
v -0.043601 1.664914 -6.756451
v -0.040865 1.674464 -6.759891
v -0.040378 1.655626 -6.760010
v -0.040558 1.664992 -6.756431
v -0.025614 1.717134 -6.783081
v -0.015851 1.717305 -6.779531
v -0.012302 1.717367 -6.769770
v -0.015851 1.717305 -6.760010
v -0.025614 1.717134 -6.756451
v -0.035376 1.716964 -6.779531
v -0.035376 1.716964 -6.760010
v -0.038927 1.716902 -6.769770
v -0.054914 1.664716 -6.756451
v -0.075760 1.664352 -6.757080
v -0.065910 1.664524 -6.756520
v -0.054692 1.651978 -6.769770
v -0.075549 1.652271 -6.769770
v -0.065748 1.655232 -6.760050
v -0.065689 1.651852 -6.769770
v -0.054914 1.664716 -6.783081
v -0.075760 1.664352 -6.782450
v -0.065748 1.655232 -6.779490
v -0.065910 1.664524 -6.783020
v -0.055137 1.677454 -6.769770
v -0.066072 1.673818 -6.760050
v -0.075971 1.676433 -6.769770
v -0.066072 1.673818 -6.779490
v -0.066131 1.677196 -6.769770
v -0.035181 1.665218 -6.783260
v -0.024831 1.665370 -6.783061
v -0.114747 1.663673 -6.768180
v -0.114722 1.662211 -6.769770
v -0.114747 1.663673 -6.771360
v -0.114773 1.665135 -6.769770
v -0.114909 1.663671 -6.769770
v -0.035181 1.665218 -6.756280
v -0.024831 1.665370 -6.756481
v -0.015266 1.665727 -6.779221
v -0.015266 1.665727 -6.760321
v -0.011818 1.665622 -6.769770
v -0.024870 1.656198 -6.779221
v -0.034852 1.652324 -6.769770
v -0.024870 1.656198 -6.760321
v -0.015422 1.656663 -6.769770
v -0.024640 1.652905 -6.769770
v -0.026170 1.748992 -6.769770
v -0.038504 1.692680 -6.769770
v -0.039183 1.678739 -6.769770
v -0.038409 1.681817 -6.769770
v -0.011879 1.693144 -6.769770
v -0.011571 1.675526 -6.769770
v -0.011683 1.681932 -6.769770
v -0.025191 1.692912 -6.783081
v -0.034917 1.681676 -6.779650
v -0.025042 1.675386 -6.783260
v -0.015233 1.681870 -6.779531
v -0.025021 1.681715 -6.783101
v -0.025191 1.692912 -6.756451
v -0.015233 1.681870 -6.760010
v -0.025042 1.675386 -6.756280
v -0.034917 1.681676 -6.759891
v -0.025021 1.681715 -6.756431
v -0.026170 1.748992 -6.756451
v -0.039483 1.748759 -6.769770
v -0.026170 1.748992 -6.783081
v -0.012858 1.749224 -6.769770
v -0.103202 1.670134 -6.776580
v -0.102984 1.657617 -6.776580
v -0.103202 1.670134 -6.762960
v -0.102984 1.657617 -6.762960
v -0.087051 1.670416 -6.776580
v -0.086832 1.657899 -6.776580
v -0.087051 1.670416 -6.762960
v -0.086832 1.657899 -6.762960
v -0.055078 1.674058 -6.779531
v -0.054751 1.655375 -6.779531
v -0.055078 1.674058 -6.760010
v -0.054751 1.655375 -6.760010
v -0.114632 1.662384 -6.768361
v -0.114632 1.662384 -6.771181
v -0.114677 1.664966 -6.771181
v -0.114677 1.664966 -6.768361
v -0.113068 1.660303 -6.766070
v -0.113068 1.660303 -6.773470
v -0.113187 1.667099 -6.773470
v -0.113187 1.667099 -6.766070
v -0.109244 1.657972 -6.763460
v -0.109244 1.657972 -6.776081
v -0.109446 1.669563 -6.776081
v -0.109446 1.669563 -6.763460
v -0.080676 1.657524 -6.762500
v -0.080676 1.657524 -6.777040
v -0.080911 1.671005 -6.777040
v -0.080911 1.671005 -6.762500
v -0.043764 1.674255 -6.779531
v -0.043438 1.655573 -6.779531
v -0.043764 1.674255 -6.760010
v -0.043438 1.655573 -6.760010
v -0.015429 1.693083 -6.779531
v -0.015429 1.693083 -6.760010
v -0.034954 1.692742 -6.760010
v -0.034954 1.692742 -6.779531
v -0.075606 1.655493 -6.760470
v -0.075606 1.655493 -6.779070
v -0.075915 1.673212 -6.779070
v -0.075915 1.673212 -6.760470
v -0.034911 1.655722 -6.779531
v -0.034911 1.655722 -6.760010
v -0.017356 1.658451 -6.762540
v -0.017356 1.658451 -6.777000
v -0.015121 1.675464 -6.779531
v -0.016407 1.749162 -6.779531
v -0.035932 1.748821 -6.779531
v -0.036478 1.676207 -6.780931
v -0.036478 1.676207 -6.758610
v -0.035932 1.748821 -6.760010
v -0.016407 1.749162 -6.760010
v -0.015121 1.675464 -6.760010
v -0.045616 1.677620 7.095979
v -0.112368 1.667794 7.091539
v -0.060185 1.664624 7.082659
v -0.105738 1.670090 7.089159
v -0.071347 1.664429 7.082910
v -0.045231 1.655542 7.105740
v -0.114506 1.661485 7.095979
v -0.090623 1.657833 7.102789
v -0.051057 1.677525 7.095979
v -0.080295 1.657050 7.103709
v -0.071187 1.655281 7.086400
v -0.071129 1.651954 7.095979
v -0.080421 1.664272 7.106520
v -0.114481 1.662003 7.097799
v -0.080295 1.657050 7.088240
v -0.059962 1.651886 7.095979
v -0.112226 1.659638 7.100410
v -0.060022 1.655283 7.086209
v -0.045557 1.674224 7.105740
v -0.105519 1.657573 7.102789
v -0.042300 1.674281 7.086209
v -0.045172 1.652144 7.095979
v -0.038177 1.655665 7.086209
v -0.110243 1.658417 7.090169
v -0.071187 1.655281 7.105559
v -0.071347 1.664429 7.109039
v -0.015614 1.703762 7.086209
v -0.114544 1.663676 7.093589
v -0.114540 1.665352 7.094150
v -0.060185 1.664624 7.109289
v -0.050672 1.655447 7.105740
v -0.060022 1.655283 7.105740
v -0.078207 1.652882 7.095979
v -0.060348 1.673966 7.086209
v -0.110429 1.669083 7.090169
v -0.110243 1.658417 7.101779
v -0.078553 1.672684 7.087130
v -0.081412 1.664255 7.105519
v -0.071507 1.673578 7.086400
v -0.112368 1.667794 7.100410
v -0.071507 1.673578 7.105559
v -0.071565 1.676904 7.095979
v -0.035139 1.703421 7.086209
v -0.035645 1.732416 7.086209
v -0.050998 1.674129 7.105740
v -0.060407 1.677362 7.095979
v -0.039196 1.732354 7.095979
v -0.060348 1.673966 7.105740
v -0.105519 1.657573 7.089159
v -0.112200 1.658155 7.095979
v -0.084417 1.672738 7.095979
v -0.108333 1.657710 7.102590
v -0.108439 1.663783 7.086959
v -0.113714 1.660930 7.098979
v -0.099491 1.670199 7.102789
v -0.035645 1.732416 7.105740
v -0.105629 1.663832 7.105259
v -0.081412 1.664255 7.086440
v -0.038411 1.665103 7.082580
v -0.042137 1.664939 7.109289
v -0.050672 1.655447 7.086209
v -0.110336 1.663750 7.088059
v -0.113697 1.659926 7.095979
v -0.110336 1.663750 7.103889
v -0.112297 1.663715 7.102029
v -0.042300 1.674281 7.105740
v -0.035139 1.703421 7.105740
v -0.110209 1.656478 7.095979
v -0.081300 1.657803 7.088980
v -0.045394 1.664882 7.082659
v -0.050835 1.664787 7.082659
v -0.078261 1.655928 7.087130
v -0.081525 1.670706 7.088980
v -0.080249 1.654423 7.095979
v -0.108295 1.655501 7.095979
v -0.099382 1.663941 7.105259
v -0.110429 1.669083 7.101779
v -0.045394 1.664882 7.109289
v -0.090732 1.664092 7.105259
v -0.041915 1.652201 7.095979
v -0.084377 1.670463 7.102789
v -0.078553 1.672684 7.104819
v -0.081566 1.673051 7.095979
v -0.084377 1.670463 7.089159
v -0.113762 1.663690 7.091879
v -0.112226 1.659638 7.091539
v -0.105629 1.663832 7.086689
v -0.114481 1.662003 7.094150
v -0.039150 1.674966 7.085730
v -0.038411 1.665103 7.109370
v -0.084268 1.664205 7.086689
v -0.084159 1.657946 7.102789
v -0.081259 1.655457 7.095979
v -0.080547 1.671493 7.103709
v -0.025376 1.703592 7.082659
v -0.105738 1.670090 7.102789
v -0.081300 1.657803 7.102970
v -0.016120 1.732756 7.086209
v -0.090841 1.670350 7.102789
v -0.113714 1.660930 7.092969
v -0.084268 1.664205 7.105259
v -0.113811 1.666450 7.092969
v -0.108333 1.657710 7.089369
v -0.042360 1.677677 7.095979
v -0.112394 1.669277 7.095979
v -0.110463 1.671022 7.095979
v -0.081525 1.670706 7.102970
v -0.113811 1.666450 7.098979
v -0.108439 1.663783 7.104990
v -0.025883 1.732586 7.082659
v -0.099272 1.657682 7.089159
v -0.113828 1.667454 7.095979
v -0.032382 1.748883 7.089759
v -0.032382 1.748883 7.102190
v -0.032826 1.748875 7.095979
v -0.019957 1.749100 7.102190
v -0.026169 1.748992 7.102630
v -0.019957 1.749100 7.089759
v -0.026169 1.748992 7.089319
v -0.019513 1.749108 7.095979
v -0.105778 1.672367 7.095979
v -0.041974 1.655599 7.105740
v -0.108584 1.672065 7.095979
v -0.050613 1.652049 7.095979
v -0.038177 1.655665 7.105740
v -0.090583 1.655557 7.095979
v -0.038657 1.679712 7.095979
v -0.025376 1.703592 7.109289
v -0.078407 1.664306 7.108029
v -0.038689 1.703359 7.095979
v -0.038383 1.685819 7.095979
v -0.015614 1.703762 7.105740
v -0.050835 1.664787 7.109289
v -0.012064 1.703824 7.095979
v -0.016120 1.732756 7.105740
v -0.084119 1.655670 7.095979
v -0.012571 1.732818 7.095979
v -0.108545 1.669856 7.102590
v -0.011627 1.678783 7.095979
v -0.078407 1.664306 7.083919
v -0.108545 1.669856 7.089369
v -0.080547 1.671493 7.088240
v -0.011758 1.686284 7.095979
v -0.038118 1.652267 7.095979
v -0.080421 1.664272 7.085429
v -0.034833 1.685881 7.105740
v -0.113762 1.663690 7.100069
v -0.050998 1.674129 7.086209
v -0.045231 1.655542 7.086209
v -0.099531 1.672476 7.095979
v -0.035338 1.678963 7.106219
v -0.039150 1.674966 7.106219
v -0.015177 1.678721 7.105740
v -0.025040 1.678612 7.109370
v -0.099382 1.663941 7.086689
v -0.090623 1.657833 7.089159
v -0.114583 1.665869 7.095979
v -0.025070 1.686051 7.109289
v -0.090732 1.664092 7.086689
v -0.015308 1.686222 7.105740
v -0.090841 1.670350 7.089159
v -0.015308 1.686222 7.086209
v -0.042137 1.664939 7.082659
v -0.114544 1.663676 7.098359
v -0.078606 1.675730 7.095979
v -0.084159 1.657946 7.089159
v -0.015177 1.678721 7.086209
v -0.114540 1.665352 7.097799
v -0.035338 1.678963 7.085730
v -0.025040 1.678612 7.082580
v -0.090881 1.672626 7.095979
v -0.099272 1.657682 7.102789
v -0.025883 1.732586 7.109289
v -0.025070 1.686051 7.082659
v -0.041974 1.655599 7.086209
v -0.034833 1.685881 7.086209
v -0.040039 1.678129 7.095979
v -0.080592 1.674119 7.095979
v -0.099491 1.670199 7.089159
v -0.105480 1.655297 7.095979
v -0.112297 1.663715 7.089919
v -0.078261 1.655928 7.104819
v -0.045557 1.674224 7.086209
v -0.099233 1.655406 7.095979
v -0.095219 1.672550 7.095979
v -0.095180 1.670274 7.102789
v -0.095070 1.664016 7.105259
v -0.094961 1.657757 7.102789
v -0.094921 1.655481 7.095979
v -0.095180 1.670274 7.089159
v -0.094961 1.657757 7.089159
v -0.095070 1.664016 7.086689
v -0.087090 1.672692 7.095979
v -0.082648 1.672835 7.095979
v -0.086941 1.664158 7.105259
v -0.082608 1.670542 7.102829
v -0.082498 1.664236 7.105329
v -0.086792 1.655623 7.095979
v -0.082388 1.657929 7.102829
v -0.082348 1.655635 7.095979
v -0.086941 1.664158 7.086689
v -0.082608 1.670542 7.089119
v -0.082388 1.657929 7.089119
v -0.082498 1.664236 7.086619
v -0.047956 1.677579 7.095979
v -0.047897 1.674183 7.105740
v -0.047734 1.664841 7.109289
v -0.047571 1.655501 7.105740
v -0.047511 1.652103 7.095979
v -0.047897 1.674183 7.086209
v -0.047571 1.655501 7.086209
v -0.047734 1.664841 7.082659
v -0.114227 1.663682 7.092770
v -0.114181 1.661502 7.093599
v -0.114176 1.660732 7.095979
v -0.114181 1.661502 7.098350
v -0.114227 1.663682 7.099190
v -0.114257 1.665863 7.093599
v -0.114257 1.665863 7.098350
v -0.114279 1.666632 7.095979
v -0.113127 1.663701 7.090930
v -0.111343 1.663732 7.088939
v -0.113046 1.659067 7.095979
v -0.111260 1.658991 7.090819
v -0.111230 1.657267 7.095979
v -0.113127 1.663701 7.101019
v -0.111260 1.658991 7.101140
v -0.111343 1.663732 7.103010
v -0.111426 1.668473 7.090819
v -0.113207 1.668335 7.095979
v -0.111426 1.668473 7.101140
v -0.111456 1.670198 7.095979
v -0.103092 1.663876 7.086689
v -0.109344 1.663767 7.087369
v -0.107305 1.663803 7.086759
v -0.102943 1.655341 7.095979
v -0.109206 1.655864 7.095979
v -0.107197 1.657591 7.089220
v -0.107158 1.655331 7.095979
v -0.103092 1.663876 7.105259
v -0.109344 1.663767 7.104579
v -0.107197 1.657591 7.102739
v -0.107305 1.663803 7.105189
v -0.103241 1.672411 7.095979
v -0.107414 1.670015 7.089220
v -0.109482 1.671670 7.095979
v -0.107414 1.670015 7.102739
v -0.107453 1.672274 7.095979
v -0.080793 1.664265 7.086060
v -0.079793 1.664282 7.084670
v -0.080632 1.655074 7.095979
v -0.079657 1.656482 7.087689
v -0.079607 1.653646 7.095979
v -0.080793 1.664265 7.105889
v -0.079657 1.656482 7.104259
v -0.079793 1.664282 7.107279
v -0.079929 1.672083 7.087689
v -0.080953 1.673456 7.095979
v -0.079929 1.672083 7.104259
v -0.079978 1.674918 7.095979
v -0.043823 1.677652 7.095979
v -0.041131 1.677802 7.095979
v -0.043600 1.664914 7.109289
v -0.040864 1.674464 7.105860
v -0.040557 1.664992 7.109309
v -0.043378 1.652175 7.095979
v -0.040377 1.655626 7.105740
v -0.040317 1.652229 7.095979
v -0.043600 1.664914 7.082659
v -0.040864 1.674464 7.086090
v -0.040377 1.655626 7.086209
v -0.040557 1.664992 7.082640
v -0.025613 1.717134 7.109289
v -0.015850 1.717305 7.105740
v -0.012301 1.717367 7.095979
v -0.015850 1.717305 7.086209
v -0.025613 1.717134 7.082659
v -0.035375 1.716964 7.105740
v -0.035375 1.716964 7.086209
v -0.038926 1.716902 7.095979
v -0.054913 1.664716 7.082659
v -0.075760 1.664352 7.083290
v -0.065910 1.664524 7.082719
v -0.054691 1.651978 7.095979
v -0.075549 1.652271 7.095979
v -0.065748 1.655232 7.086259
v -0.065689 1.651852 7.095979
v -0.054913 1.664716 7.109289
v -0.075760 1.664352 7.108660
v -0.065748 1.655232 7.105689
v -0.065910 1.664524 7.109230
v -0.055136 1.677454 7.095979
v -0.066072 1.673818 7.086259
v -0.075971 1.676433 7.095979
v -0.066072 1.673818 7.105689
v -0.066131 1.677196 7.095979
v -0.035180 1.665219 7.109469
v -0.024830 1.665370 7.109270
v -0.114746 1.663673 7.094379
v -0.114721 1.662211 7.095979
v -0.114746 1.663673 7.097569
v -0.114772 1.665136 7.095979
v -0.114908 1.663671 7.095979
v -0.035180 1.665219 7.082489
v -0.024830 1.665370 7.082679
v -0.015265 1.665727 7.105430
v -0.015265 1.665727 7.086530
v -0.011817 1.665622 7.095979
v -0.024869 1.656198 7.105430
v -0.034851 1.652324 7.095979
v -0.024869 1.656198 7.086530
v -0.015421 1.656663 7.095979
v -0.024639 1.652905 7.095979
v -0.026169 1.748992 7.095979
v -0.038503 1.692680 7.095979
v -0.039182 1.678739 7.095979
v -0.038408 1.681817 7.095979
v -0.011878 1.693144 7.095979
v -0.011571 1.675526 7.095979
v -0.011682 1.681932 7.095979
v -0.025190 1.692912 7.109289
v -0.034916 1.681676 7.105860
v -0.025041 1.675386 7.109469
v -0.015232 1.681870 7.105740
v -0.025020 1.681715 7.109309
v -0.025190 1.692912 7.082659
v -0.015232 1.681870 7.086209
v -0.025041 1.675386 7.082489
v -0.034916 1.681676 7.086090
v -0.025020 1.681715 7.082640
v -0.026169 1.748992 7.082659
v -0.039482 1.748759 7.095979
v -0.026169 1.748992 7.109289
v -0.012857 1.749224 7.095979
v -0.103201 1.670134 7.102789
v -0.102983 1.657617 7.102789
v -0.103201 1.670134 7.089159
v -0.102983 1.657617 7.089159
v -0.087050 1.670416 7.102789
v -0.086831 1.657899 7.102789
v -0.087050 1.670416 7.089159
v -0.086831 1.657899 7.089159
v -0.055077 1.674058 7.105740
v -0.054750 1.655375 7.105740
v -0.055077 1.674058 7.086209
v -0.054750 1.655375 7.086209
v -0.114631 1.662384 7.094570
v -0.114631 1.662384 7.097379
v -0.114676 1.664966 7.097379
v -0.114676 1.664966 7.094570
v -0.113067 1.660303 7.092279
v -0.113067 1.660303 7.099669
v -0.113186 1.667099 7.099669
v -0.113186 1.667099 7.092279
v -0.109243 1.657972 7.089670
v -0.109243 1.657972 7.102280
v -0.109445 1.669563 7.102280
v -0.109445 1.669563 7.089670
v -0.080675 1.657524 7.088699
v -0.080675 1.657524 7.103250
v -0.080910 1.671005 7.103250
v -0.080910 1.671005 7.088699
v -0.043763 1.674255 7.105740
v -0.043437 1.655573 7.105740
v -0.043763 1.674255 7.086209
v -0.043437 1.655573 7.086209
v -0.015428 1.693083 7.105740
v -0.015428 1.693083 7.086209
v -0.034953 1.692742 7.086209
v -0.034953 1.692742 7.105740
v -0.075606 1.655493 7.086669
v -0.075606 1.655493 7.105279
v -0.075915 1.673212 7.105279
v -0.075915 1.673212 7.086669
v -0.034910 1.655722 7.105740
v -0.034910 1.655722 7.086209
v -0.017355 1.658451 7.088739
v -0.017355 1.658451 7.103209
v -0.015120 1.675464 7.105740
v -0.016406 1.749162 7.105740
v -0.035931 1.748821 7.105740
v -0.036477 1.676207 7.107140
v -0.036477 1.676207 7.084809
v -0.035931 1.748821 7.086209
v -0.016406 1.749162 7.086209
v -0.015120 1.675464 7.086209
v -0.045616 1.677620 6.769769
v -0.112368 1.667794 6.765329
v -0.060185 1.664624 6.756450
v -0.105738 1.670090 6.762959
v -0.071347 1.664429 6.756710
v -0.045231 1.655542 6.779530
v -0.114506 1.661485 6.769769
v -0.090623 1.657833 6.776579
v -0.051057 1.677525 6.769769
v -0.080295 1.657050 6.777500
v -0.071187 1.655281 6.760189
v -0.071129 1.651954 6.769769
v -0.080421 1.664272 6.780319
v -0.114481 1.662003 6.771589
v -0.080295 1.657050 6.762039
v -0.059962 1.651886 6.769769
v -0.112226 1.659638 6.774209
v -0.060022 1.655283 6.760009
v -0.045557 1.674224 6.779530
v -0.105519 1.657573 6.776579
v -0.042300 1.674281 6.760009
v -0.045172 1.652144 6.769769
v -0.038177 1.655665 6.760009
v -0.110243 1.658417 6.763969
v -0.071187 1.655281 6.779349
v -0.071347 1.664429 6.782829
v -0.015614 1.703762 6.760009
v -0.114544 1.663676 6.767380
v -0.114540 1.665352 6.767950
v -0.060185 1.664624 6.783080
v -0.050672 1.655447 6.779530
v -0.060022 1.655283 6.779530
v -0.078207 1.652882 6.769769
v -0.060348 1.673966 6.760009
v -0.110429 1.669083 6.763969
v -0.110243 1.658417 6.775569
v -0.078553 1.672684 6.760930
v -0.081412 1.664255 6.779310
v -0.071507 1.673578 6.760189
v -0.112368 1.667794 6.774209
v -0.071507 1.673578 6.779349
v -0.071565 1.676904 6.769769
v -0.035139 1.703421 6.760009
v -0.035645 1.732416 6.760009
v -0.050998 1.674129 6.779530
v -0.060407 1.677362 6.769769
v -0.039196 1.732354 6.769769
v -0.060348 1.673966 6.779530
v -0.105519 1.657573 6.762959
v -0.112200 1.658155 6.769769
v -0.084417 1.672738 6.769769
v -0.108333 1.657710 6.776379
v -0.108439 1.663783 6.760759
v -0.113714 1.660930 6.772769
v -0.099491 1.670199 6.776579
v -0.035645 1.732416 6.779530
v -0.105629 1.663832 6.779059
v -0.081412 1.664255 6.760230
v -0.038411 1.665103 6.756380
v -0.042137 1.664939 6.783080
v -0.050672 1.655447 6.760009
v -0.110336 1.663750 6.761859
v -0.113697 1.659926 6.769769
v -0.110336 1.663750 6.777679
v -0.112297 1.663715 6.775819
v -0.042300 1.674281 6.779530
v -0.035139 1.703421 6.779530
v -0.110209 1.656478 6.769769
v -0.081300 1.657803 6.762769
v -0.045394 1.664882 6.756450
v -0.050835 1.664787 6.756450
v -0.078261 1.655928 6.760930
v -0.081525 1.670706 6.762769
v -0.080249 1.654423 6.769769
v -0.108295 1.655501 6.769769
v -0.099382 1.663941 6.779059
v -0.110429 1.669083 6.775569
v -0.045394 1.664882 6.783080
v -0.090732 1.664092 6.779059
v -0.041915 1.652201 6.769769
v -0.084377 1.670463 6.776579
v -0.078553 1.672684 6.778609
v -0.081566 1.673051 6.769769
v -0.084377 1.670463 6.762959
v -0.113762 1.663690 6.765669
v -0.112226 1.659638 6.765329
v -0.105629 1.663832 6.760479
v -0.114481 1.662003 6.767950
v -0.039150 1.674966 6.759529
v -0.038411 1.665103 6.783159
v -0.084268 1.664205 6.760479
v -0.084159 1.657946 6.776579
v -0.081259 1.655457 6.769769
v -0.080547 1.671493 6.777500
v -0.025376 1.703592 6.756450
v -0.105738 1.670090 6.776579
v -0.081300 1.657803 6.776770
v -0.016120 1.732756 6.760009
v -0.090841 1.670350 6.776579
v -0.113714 1.660930 6.766769
v -0.084268 1.664205 6.779059
v -0.113811 1.666450 6.766769
v -0.108333 1.657710 6.763160
v -0.042360 1.677677 6.769769
v -0.112394 1.669277 6.769769
v -0.110463 1.671022 6.769769
v -0.081525 1.670706 6.776770
v -0.113811 1.666450 6.772769
v -0.108439 1.663783 6.778779
v -0.025883 1.732586 6.756450
v -0.099272 1.657682 6.762959
v -0.113828 1.667454 6.769769
v -0.032382 1.748883 6.763559
v -0.032382 1.748883 6.775979
v -0.032826 1.748875 6.769769
v -0.019957 1.749100 6.775979
v -0.026169 1.748992 6.776429
v -0.019957 1.749100 6.763559
v -0.026169 1.748992 6.763110
v -0.019513 1.749108 6.769769
v -0.105778 1.672367 6.769769
v -0.041974 1.655599 6.779530
v -0.108584 1.672065 6.769769
v -0.050613 1.652049 6.769769
v -0.038177 1.655665 6.779530
v -0.090583 1.655557 6.769769
v -0.038657 1.679712 6.769769
v -0.025376 1.703592 6.783080
v -0.078407 1.664306 6.781829
v -0.038689 1.703359 6.769769
v -0.038383 1.685819 6.769769
v -0.015614 1.703762 6.779530
v -0.050835 1.664787 6.783080
v -0.012064 1.703824 6.769769
v -0.016120 1.732756 6.779530
v -0.084119 1.655670 6.769769
v -0.012571 1.732818 6.769769
v -0.108545 1.669856 6.776379
v -0.011627 1.678783 6.769769
v -0.078407 1.664306 6.757710
v -0.108545 1.669856 6.763160
v -0.080547 1.671493 6.762039
v -0.011758 1.686284 6.769769
v -0.038118 1.652267 6.769769
v -0.080421 1.664272 6.759219
v -0.034833 1.685881 6.779530
v -0.113762 1.663690 6.773869
v -0.050998 1.674129 6.760009
v -0.045231 1.655542 6.760009
v -0.099531 1.672476 6.769769
v -0.035338 1.678963 6.780009
v -0.039150 1.674966 6.780009
v -0.015177 1.678721 6.779530
v -0.025040 1.678612 6.783159
v -0.099382 1.663941 6.760479
v -0.090623 1.657833 6.762959
v -0.114583 1.665869 6.769769
v -0.025070 1.686051 6.783080
v -0.090732 1.664092 6.760479
v -0.015308 1.686222 6.779530
v -0.090841 1.670350 6.762959
v -0.015308 1.686222 6.760009
v -0.042137 1.664939 6.756450
v -0.114544 1.663676 6.772159
v -0.078606 1.675730 6.769769
v -0.084159 1.657946 6.762959
v -0.015177 1.678721 6.760009
v -0.114540 1.665352 6.771589
v -0.035338 1.678963 6.759529
v -0.025040 1.678612 6.756380
v -0.090881 1.672626 6.769769
v -0.099272 1.657682 6.776579
v -0.025883 1.732586 6.783080
v -0.025070 1.686051 6.756450
v -0.041974 1.655599 6.760009
v -0.034833 1.685881 6.760009
v -0.040039 1.678129 6.769769
v -0.080592 1.674119 6.769769
v -0.099491 1.670199 6.762959
v -0.105480 1.655297 6.769769
v -0.112297 1.663715 6.763719
v -0.078261 1.655928 6.778609
v -0.045557 1.674224 6.760009
v -0.099233 1.655406 6.769769
v -0.095219 1.672550 6.769769
v -0.095180 1.670274 6.776579
v -0.095070 1.664016 6.779059
v -0.094961 1.657757 6.776579
v -0.094921 1.655481 6.769769
v -0.095180 1.670274 6.762959
v -0.094961 1.657757 6.762959
v -0.095070 1.664016 6.760479
v -0.087090 1.672692 6.769769
v -0.082648 1.672835 6.769769
v -0.086941 1.664158 6.779059
v -0.082608 1.670542 6.776629
v -0.082498 1.664236 6.779119
v -0.086792 1.655623 6.769769
v -0.082388 1.657929 6.776629
v -0.082348 1.655635 6.769769
v -0.086941 1.664158 6.760479
v -0.082608 1.670542 6.762909
v -0.082388 1.657929 6.762909
v -0.082498 1.664236 6.760419
v -0.047956 1.677579 6.769769
v -0.047897 1.674183 6.779530
v -0.047734 1.664841 6.783080
v -0.047571 1.655501 6.779530
v -0.047511 1.652103 6.769769
v -0.047897 1.674183 6.760009
v -0.047571 1.655501 6.760009
v -0.047734 1.664841 6.756450
v -0.114227 1.663682 6.766560
v -0.114181 1.661502 6.767399
v -0.114176 1.660732 6.769769
v -0.114181 1.661502 6.772139
v -0.114227 1.663682 6.772980
v -0.114257 1.665863 6.767399
v -0.114257 1.665863 6.772139
v -0.114279 1.666632 6.769769
v -0.113127 1.663701 6.764729
v -0.111343 1.663732 6.762730
v -0.113046 1.659067 6.769769
v -0.111260 1.658991 6.764609
v -0.111230 1.657267 6.769769
v -0.113127 1.663701 6.774809
v -0.111260 1.658991 6.774930
v -0.111343 1.663732 6.776809
v -0.111426 1.668473 6.764609
v -0.113207 1.668335 6.769769
v -0.111426 1.668473 6.774930
v -0.111456 1.670198 6.769769
v -0.103092 1.663876 6.760479
v -0.109344 1.663767 6.761169
v -0.107305 1.663803 6.760549
v -0.102943 1.655341 6.769769
v -0.109206 1.655864 6.769769
v -0.107197 1.657591 6.763009
v -0.107158 1.655331 6.769769
v -0.103092 1.663876 6.779059
v -0.109344 1.663767 6.778369
v -0.107197 1.657591 6.776529
v -0.107305 1.663803 6.778989
v -0.103241 1.672411 6.769769
v -0.107414 1.670015 6.763009
v -0.109482 1.671670 6.769769
v -0.107414 1.670015 6.776529
v -0.107453 1.672274 6.769769
v -0.080793 1.664265 6.759850
v -0.079793 1.664282 6.758470
v -0.080632 1.655074 6.769769
v -0.079657 1.656482 6.761479
v -0.079607 1.653646 6.769769
v -0.080793 1.664265 6.779689
v -0.079657 1.656482 6.778059
v -0.079793 1.664282 6.781069
v -0.079929 1.672083 6.761479
v -0.080953 1.673456 6.769769
v -0.079929 1.672083 6.778059
v -0.079978 1.674918 6.769769
v -0.043823 1.677652 6.769769
v -0.041131 1.677802 6.769769
v -0.043600 1.664914 6.783080
v -0.040864 1.674464 6.779649
v -0.040557 1.664992 6.783100
v -0.043378 1.652175 6.769769
v -0.040377 1.655626 6.779530
v -0.040317 1.652229 6.769769
v -0.043600 1.664914 6.756450
v -0.040864 1.674464 6.759890
v -0.040377 1.655626 6.760009
v -0.040557 1.664992 6.756430
v -0.025613 1.717134 6.783080
v -0.015850 1.717305 6.779530
v -0.012301 1.717367 6.769769
v -0.015850 1.717305 6.760009
v -0.025613 1.717134 6.756450
v -0.035375 1.716964 6.779530
v -0.035375 1.716964 6.760009
v -0.038926 1.716902 6.769769
v -0.054913 1.664716 6.756450
v -0.075760 1.664352 6.757079
v -0.065910 1.664524 6.756519
v -0.054691 1.651978 6.769769
v -0.075549 1.652271 6.769769
v -0.065748 1.655232 6.760049
v -0.065689 1.651852 6.769769
v -0.054913 1.664716 6.783080
v -0.075760 1.664352 6.782449
v -0.065748 1.655232 6.779489
v -0.065910 1.664524 6.783019
v -0.055136 1.677454 6.769769
v -0.066072 1.673818 6.760049
v -0.075971 1.676433 6.769769
v -0.066072 1.673818 6.779489
v -0.066131 1.677196 6.769769
v -0.035180 1.665219 6.783259
v -0.024830 1.665370 6.783060
v -0.114746 1.663673 6.768179
v -0.114721 1.662211 6.769769
v -0.114746 1.663673 6.771359
v -0.114772 1.665136 6.769769
v -0.114908 1.663671 6.769769
v -0.035180 1.665219 6.756279
v -0.024830 1.665370 6.756480
v -0.015265 1.665727 6.779220
v -0.015265 1.665727 6.760320
v -0.011817 1.665622 6.769769
v -0.024869 1.656198 6.779220
v -0.034851 1.652324 6.769769
v -0.024869 1.656198 6.760320
v -0.015421 1.656663 6.769769
v -0.024639 1.652905 6.769769
v -0.026169 1.748992 6.769769
v -0.038503 1.692680 6.769769
v -0.039182 1.678739 6.769769
v -0.038408 1.681817 6.769769
v -0.011878 1.693144 6.769769
v -0.011571 1.675526 6.769769
v -0.011682 1.681932 6.769769
v -0.025190 1.692912 6.783080
v -0.034916 1.681676 6.779649
v -0.025041 1.675386 6.783259
v -0.015232 1.681870 6.779530
v -0.025020 1.681715 6.783100
v -0.025190 1.692912 6.756450
v -0.015232 1.681870 6.760009
v -0.025041 1.675386 6.756279
v -0.034916 1.681676 6.759890
v -0.025020 1.681715 6.756430
v -0.026169 1.748992 6.756450
v -0.039482 1.748759 6.769769
v -0.026169 1.748992 6.783080
v -0.012857 1.749224 6.769769
v -0.103201 1.670134 6.776579
v -0.102983 1.657617 6.776579
v -0.103201 1.670134 6.762959
v -0.102983 1.657617 6.762959
v -0.087050 1.670416 6.776579
v -0.086831 1.657899 6.776579
v -0.087050 1.670416 6.762959
v -0.086831 1.657899 6.762959
v -0.055077 1.674058 6.779530
v -0.054750 1.655375 6.779530
v -0.055077 1.674058 6.760009
v -0.054750 1.655375 6.760009
v -0.114631 1.662384 6.768360
v -0.114631 1.662384 6.771180
v -0.114676 1.664966 6.771180
v -0.114676 1.664966 6.768360
v -0.113067 1.660303 6.766069
v -0.113067 1.660303 6.773469
v -0.113186 1.667099 6.773469
v -0.113186 1.667099 6.766069
v -0.109243 1.657972 6.763459
v -0.109243 1.657972 6.776080
v -0.109445 1.669563 6.776080
v -0.109445 1.669563 6.763459
v -0.080675 1.657524 6.762499
v -0.080675 1.657524 6.777040
v -0.080910 1.671005 6.777040
v -0.080910 1.671005 6.762499
v -0.043763 1.674255 6.779530
v -0.043437 1.655573 6.779530
v -0.043763 1.674255 6.760009
v -0.043437 1.655573 6.760009
v -0.015428 1.693083 6.779530
v -0.015428 1.693083 6.760009
v -0.034953 1.692742 6.760009
v -0.034953 1.692742 6.779530
v -0.075606 1.655493 6.760469
v -0.075606 1.655493 6.779069
v -0.075915 1.673212 6.779069
v -0.075915 1.673212 6.760469
v -0.034910 1.655722 6.779530
v -0.034910 1.655722 6.760009
v -0.017355 1.658451 6.762539
v -0.017355 1.658451 6.776999
v -0.015120 1.675464 6.779530
v -0.016406 1.749162 6.779530
v -0.035931 1.748821 6.779530
v -0.036477 1.676207 6.780930
v -0.036477 1.676207 6.758609
v -0.035931 1.748821 6.760009
v -0.016406 1.749162 6.760009
v -0.015120 1.675464 6.760009
v -0.625917 2.230779 0.096542
v -0.593889 2.231338 0.064508
v -0.550137 2.232102 0.052783
v -0.506386 2.232865 0.064508
v -0.474358 2.233424 0.096542
v -0.462634 2.233629 0.140300
v -0.474358 2.233424 0.184058
v -0.506386 2.232865 0.216091
v -0.550137 2.232102 0.227816
v -0.593889 2.231338 0.216091
v -0.550137 2.232102 0.140300
v -0.637640 2.230574 0.140300
v -0.625917 2.230779 0.184058
v -0.624247 2.135109 0.096542
v -0.592219 2.135668 0.064508
v -0.548467 2.136432 0.052783
v -0.504716 2.137196 0.064508
v -0.472688 2.137755 0.096542
v -0.460965 2.137959 0.140300
v -0.472688 2.137755 0.184058
v -0.504716 2.137196 0.216091
v -0.548467 2.136432 0.227816
v -0.592219 2.135668 0.216091
v -0.624247 2.135109 0.184058
v -0.635970 2.134905 0.140300
v -0.548467 2.136432 0.140300
v -0.625915 2.230779 -0.184015
v -0.593886 2.231338 -0.216048
v -0.550134 2.232102 -0.227773
v -0.506383 2.232865 -0.216048
v -0.474355 2.233424 -0.184015
v -0.462631 2.233629 -0.140257
v -0.474355 2.233424 -0.096499
v -0.506383 2.232865 -0.064466
v -0.550134 2.232102 -0.052741
v -0.593886 2.231338 -0.064466
v -0.550134 2.232102 -0.140257
v -0.637638 2.230574 -0.140257
v -0.625915 2.230779 -0.096499
v -0.624245 2.135109 -0.184015
v -0.592216 2.135668 -0.216048
v -0.548464 2.136432 -0.227773
v -0.504713 2.137196 -0.216048
v -0.472685 2.137755 -0.184015
v -0.460962 2.137959 -0.140257
v -0.472685 2.137755 -0.096499
v -0.504713 2.137196 -0.064466
v -0.548464 2.136432 -0.052741
v -0.592216 2.135668 -0.064466
v -0.624245 2.135109 -0.096499
v -0.635968 2.134905 -0.140257
v -0.548464 2.136432 -0.140257
v -0.115965 2.239680 -0.184015
v -0.083936 2.240239 -0.216049
v -0.040185 2.241003 -0.227774
v 0.003567 2.241767 -0.216049
v 0.035595 2.242326 -0.184016
v 0.047318 2.242530 -0.140257
v 0.035595 2.242326 -0.096500
v 0.003567 2.241767 -0.064466
v -0.040185 2.241003 -0.052741
v -0.083936 2.240239 -0.064466
v -0.040185 2.241003 -0.140257
v -0.127687 2.239475 -0.140257
v -0.115965 2.239680 -0.096500
v -0.114295 2.144011 -0.184015
v -0.082266 2.144570 -0.216049
v -0.038515 2.145333 -0.227774
v 0.005236 2.146097 -0.216049
v 0.037265 2.146656 -0.184016
v 0.048988 2.146861 -0.140257
v 0.037265 2.146656 -0.096500
v 0.005236 2.146097 -0.064466
v -0.038515 2.145333 -0.052741
v -0.082266 2.144570 -0.064466
v -0.114294 2.144011 -0.096500
v -0.126018 2.143806 -0.140257
v -0.038515 2.145333 -0.140257
v 1.320027 2.273441 -0.043758
v 1.352052 2.274000 -0.075792
v 1.395806 2.274764 -0.087517
v 1.439559 2.275527 -0.075792
v 1.471584 2.276086 -0.043759
v 1.483312 2.276291 -0.000000
v 1.471584 2.276086 0.043758
v 1.439559 2.275527 0.075791
v 1.395806 2.274764 0.087516
v 1.352052 2.274000 0.075791
v 1.395806 2.274764 -0.000000
v 1.308299 2.273236 -0.000000
v 1.320027 2.273441 0.043758
v 1.321697 2.177772 -0.043758
v 1.353722 2.178330 -0.075792
v 1.397476 2.179094 -0.087517
v 1.441229 2.179858 -0.075792
v 1.473254 2.180417 -0.043759
v 1.484982 2.180622 -0.000000
v 1.473254 2.180417 0.043758
v 1.441229 2.179858 0.075791
v 1.397476 2.179094 0.087516
v 1.353722 2.178330 0.075791
v 1.321697 2.177772 0.043758
v 1.309969 2.177567 -0.000000
v 1.397476 2.179094 -0.000000
v 0.730324 2.263148 -0.043758
v 0.762352 2.263706 -0.075792
v 0.806104 2.264470 -0.087517
v 0.849855 2.265234 -0.075792
v 0.881883 2.265793 -0.043758
v 0.893606 2.265998 -0.000000
v 0.881883 2.265793 0.043758
v 0.849855 2.265234 0.075791
v 0.806104 2.264470 0.087516
v 0.762352 2.263706 0.075791
v 0.806104 2.264470 -0.000000
v 0.718601 2.262943 -0.000000
v 0.730324 2.263148 0.043758
v 0.731994 2.167478 -0.043758
v 0.764022 2.168037 -0.075792
v 0.807773 2.168801 -0.087517
v 0.851525 2.169565 -0.075792
v 0.883553 2.170124 -0.043758
v 0.895276 2.170328 -0.000000
v 0.883553 2.170124 0.043758
v 0.851525 2.169565 0.075791
v 0.807773 2.168801 0.087516
v 0.764022 2.168037 0.075791
v 0.731994 2.167478 0.043758
v 0.720271 2.167274 -0.000000
v 0.807773 2.168801 -0.000000
v -5.376277 1.693302 -0.018042
v -5.376410 1.700926 -0.010417
v -5.376460 1.703716 0.000000
v -5.376410 1.700926 0.010417
v -5.376277 1.693302 0.018042
v -5.376096 1.682886 0.020833
v -5.375914 1.672471 0.018042
v -5.375781 1.664847 0.010417
v -5.375732 1.662057 0.000000
v -5.375781 1.664847 -0.010417
v -5.375914 1.672471 -0.018042
v -5.376096 1.682886 -0.020833
v -5.409222 1.671482 -0.006250
v -5.409193 1.669807 0.000000
v -5.409222 1.671482 0.006250
v -5.409301 1.676056 0.010825
v -5.409410 1.682305 0.012500
v -5.409520 1.688554 0.010825
v -5.409599 1.693129 0.006250
v -5.409629 1.694803 0.000000
v -5.409599 1.693129 -0.006250
v -5.409520 1.688554 -0.010825
v -5.409410 1.682305 -0.012500
v -5.409301 1.676056 -0.010825
v -5.146696 1.668847 -0.010417
v -5.146647 1.666055 0.000000
v -5.146696 1.668847 0.010417
v -5.146829 1.676471 0.018042
v -5.147011 1.686886 0.020833
v -5.147192 1.697301 0.018042
v -5.147326 1.704925 0.010417
v -5.147375 1.707716 0.000000
v -5.147326 1.704925 -0.010417
v -5.147192 1.697301 -0.018042
v -5.147011 1.686886 -0.020833
v -5.146829 1.676471 -0.018042
v -5.094818 1.657964 -0.017222
v -5.094738 1.653349 0.000000
v -5.094818 1.657964 0.017222
v -5.095038 1.670570 0.029830
v -5.095339 1.687789 0.034444
v -5.095639 1.705008 0.029830
v -5.095860 1.717615 0.017222
v -5.095940 1.722228 0.000000
v -5.095860 1.717615 -0.017222
v -5.095639 1.705008 -0.029830
v -5.095339 1.687789 -0.034444
v -5.095038 1.670570 -0.029830
v -4.946512 1.720221 -0.017222
v -5.573785 1.690262 -0.006250
v -5.581029 1.689312 -0.005774
v -5.591197 1.683916 0.000000
v -5.587158 1.688043 0.000000
v -5.581057 1.690859 0.000000
v -5.573814 1.691937 0.000000
v -4.946592 1.724836 0.000000
v -5.587137 1.686859 -0.004419
v -5.591186 1.683276 -0.002392
v -4.946292 1.707616 -0.029830
v -5.591186 1.683276 0.002392
v -5.587137 1.686859 0.004419
v -5.581029 1.689312 0.005774
v -5.573785 1.690262 0.006250
v -4.946512 1.720221 0.017222
v -5.573705 1.685688 -0.010825
v -5.580956 1.685085 -0.010001
v -5.587081 1.683623 -0.007655
v -5.591155 1.681525 0.004143
v -5.587081 1.683623 0.007655
v -5.580956 1.685085 0.010001
v -5.573705 1.685688 0.010825
v -4.946292 1.707616 0.029830
v -5.591155 1.681525 -0.004143
v -4.945991 1.690397 -0.034444
v -5.573596 1.679439 -0.012500
v -5.591113 1.679133 0.004784
v -5.587004 1.679205 0.008839
v -5.580855 1.679312 0.011549
v -5.573596 1.679439 0.012500
v -4.945991 1.690397 0.034444
v -5.580855 1.679312 -0.011548
v -5.587004 1.679205 -0.008839
v -5.591113 1.679133 -0.004783
v -5.591072 1.676742 0.004143
v -5.586926 1.674786 0.007655
v -5.580754 1.673539 0.010001
v -5.573487 1.673190 0.010825
v -4.945691 1.673177 0.029830
v -4.945691 1.673177 -0.029830
v -5.573487 1.673190 -0.010825
v -5.580754 1.673539 -0.010001
v -5.591041 1.674991 0.002392
v -5.586870 1.671551 0.004419
v -5.580680 1.669312 0.005774
v -5.573407 1.668616 0.006250
v -4.945470 1.660571 0.017222
v -5.586926 1.674786 -0.007655
v -5.591072 1.676742 -0.004143
v -4.945470 1.660571 -0.017222
v -5.592553 1.679108 0.000000
v -5.591030 1.674350 0.000000
v -5.586850 1.670367 0.000000
v -5.580653 1.667766 0.000000
v -5.573378 1.666941 0.000000
v -4.945390 1.655957 0.000000
v -5.573407 1.668616 -0.006250
v -5.580680 1.669312 -0.005774
v -5.586870 1.671551 -0.004419
v -5.591041 1.674991 -0.002392
v -1.169923 2.610997 -0.016046
v -1.169816 2.604856 -0.014825
v -1.169725 2.599652 -0.011346
v -1.169664 2.596174 -0.006141
v -1.169643 2.594953 -0.000000
v -1.169664 2.596174 0.006140
v -1.169725 2.599652 0.011346
v -1.169816 2.604856 0.014824
v -1.169923 2.610997 0.016045
v -1.170030 2.617136 0.014824
v -1.170121 2.622341 0.011346
v -1.170182 2.625818 0.006140
v -1.170203 2.627039 -0.000000
v -1.170182 2.625818 -0.006141
v -1.170121 2.622341 -0.011346
v -1.170030 2.617136 -0.014825
v -1.160119 2.597673 -0.005588
v -1.152512 2.603624 -0.003179
v -1.160174 2.600838 -0.010325
v -1.152543 2.605424 -0.005873
v -1.160257 2.605575 -0.013490
v -1.152590 2.608119 -0.007674
v -1.160354 2.611162 -0.014602
v -1.152646 2.611296 -0.008306
v -1.160452 2.616748 -0.013490
v -1.152701 2.614475 -0.007674
v -1.160535 2.621484 -0.010325
v -1.152748 2.617168 -0.005873
v -1.160590 2.624650 -0.005588
v -1.152780 2.618969 -0.003179
v -1.160609 2.625761 -0.000000
v -1.152791 2.619601 -0.000000
v -1.160590 2.624650 0.005588
v -1.152780 2.618969 0.003178
v -1.160535 2.621484 0.010325
v -1.152748 2.617168 0.005873
v -1.160452 2.616748 0.013490
v -1.152701 2.614475 0.007673
v -1.160354 2.611162 0.014601
v -1.152646 2.611296 0.008306
v -1.160257 2.605575 0.013490
v -1.152590 2.608119 0.007673
v -1.160174 2.600838 0.010325
v -1.152543 2.605424 0.005873
v -1.160119 2.597673 0.005588
v -1.152512 2.603624 0.003178
v -1.160100 2.596562 -0.000000
v -1.152501 2.602993 -0.000000
v -1.150016 2.611342 -0.000000
v -1.585918 2.581272 -0.022479
v -1.421123 2.584148 -0.022479
v -1.406708 2.585166 -0.021713
v -1.393310 2.587646 -0.019468
v -1.381834 2.591419 -0.015895
v -1.373057 2.596229 -0.011240
v -1.634316 2.588222 -0.006083
v -1.640087 2.599659 -0.007602
v -1.634466 2.596823 -0.014685
v -1.625564 2.594459 -0.020768
v -1.613992 2.592728 -0.025436
v -1.600533 2.591747 -0.028370
v -1.586098 2.591584 -0.029371
v -1.421303 2.594461 -0.029371
v -1.406882 2.595127 -0.028370
v -1.393466 2.596577 -0.025436
v -1.381961 2.598711 -0.020768
v -1.373147 2.601385 -0.014685
v -1.625352 2.582295 -0.008603
v -1.640142 2.602808 -0.008228
v -1.634573 2.602905 -0.015895
v -1.625714 2.603060 -0.022479
v -1.614176 2.603261 -0.027531
v -1.600738 2.603496 -0.030707
v -1.586310 2.603747 -0.031790
v -1.421515 2.606624 -0.031790
v -1.407087 2.606876 -0.030707
v -1.393649 2.607111 -0.027531
v -1.382111 2.607312 -0.022479
v -1.373253 2.607466 -0.015895
v -1.613732 2.577830 -0.010536
v -1.640197 2.605956 -0.007602
v -1.634679 2.608987 -0.014685
v -1.625864 2.611661 -0.020768
v -1.614360 2.613796 -0.025436
v -1.600943 2.615246 -0.028370
v -1.586522 2.615912 -0.029371
v -1.421728 2.618788 -0.029371
v -1.407292 2.618626 -0.028370
v -1.393833 2.617645 -0.025436
v -1.382261 2.615913 -0.020768
v -1.373359 2.613549 -0.014685
v -1.600243 2.575131 -0.011751
v -1.640243 2.608626 -0.005818
v -1.634769 2.614143 -0.011240
v -1.625991 2.618953 -0.015895
v -1.614516 2.622726 -0.019468
v -1.601117 2.625206 -0.021713
v -1.586702 2.626223 -0.022479
v -1.421908 2.629100 -0.022479
v -1.407466 2.628586 -0.021713
v -1.393989 2.626575 -0.019468
v -1.382389 2.623205 -0.015895
v -1.373449 2.618705 -0.011240
v -1.585797 2.574382 -0.012166
v -1.640275 2.610409 -0.003149
v -1.634829 2.617589 -0.006083
v -1.626076 2.623825 -0.008603
v -1.614620 2.628693 -0.010536
v -1.601233 2.631861 -0.011751
v -1.586823 2.633114 -0.012166
v -1.422028 2.635991 -0.012166
v -1.407582 2.635242 -0.011751
v -1.394093 2.632543 -0.010536
v -1.382474 2.628077 -0.008603
v -1.373509 2.622150 -0.006083
v -1.421003 2.577259 -0.012166
v -1.640285 2.611035 -0.000000
v -1.634850 2.618799 -0.000000
v -1.626106 2.625535 -0.000000
v -1.614656 2.630789 -0.000000
v -1.601274 2.634198 -0.000000
v -1.586865 2.635533 -0.000000
v -1.422070 2.638409 -0.000000
v -1.407623 2.637578 -0.000000
v -1.394130 2.634638 -0.000000
v -1.382504 2.629787 -0.000000
v -1.373530 2.623360 -0.000000
v -1.406592 2.578511 -0.011751
v -1.640275 2.610409 0.003148
v -1.634829 2.617589 0.006083
v -1.626076 2.623825 0.008602
v -1.614620 2.628693 0.010535
v -1.601233 2.631861 0.011751
v -1.586823 2.633114 0.012165
v -1.422028 2.635991 0.012165
v -1.407582 2.635242 0.011751
v -1.394093 2.632543 0.010535
v -1.382474 2.628077 0.008602
v -1.373509 2.622150 0.006083
v -1.393205 2.581679 -0.010536
v -1.640243 2.608626 0.005818
v -1.634769 2.614143 0.011239
v -1.625991 2.618953 0.015895
v -1.614516 2.622726 0.019467
v -1.601117 2.625206 0.021713
v -1.586702 2.626223 0.022479
v -1.421908 2.629100 0.022479
v -1.407466 2.628586 0.021713
v -1.393989 2.626575 0.019467
v -1.382389 2.623205 0.015895
v -1.373449 2.618705 0.011239
v -1.381749 2.586547 -0.008603
v -1.640197 2.605956 0.007601
v -1.634679 2.608987 0.014685
v -1.625864 2.611661 0.020768
v -1.614360 2.613796 0.025435
v -1.600943 2.615246 0.028369
v -1.586522 2.615912 0.029370
v -1.421728 2.618788 0.029370
v -1.407292 2.618626 0.028369
v -1.393833 2.617645 0.025435
v -1.382261 2.615913 0.020768
v -1.373359 2.613549 0.014685
v -1.372996 2.592784 -0.006083
v -1.640142 2.602808 0.008228
v -1.634573 2.602905 0.015895
v -1.625714 2.603060 0.022479
v -1.614176 2.603261 0.027531
v -1.600738 2.603496 0.030707
v -1.586310 2.603747 0.031790
v -1.421515 2.606624 0.031790
v -1.407087 2.606876 0.030707
v -1.393649 2.607111 0.027531
v -1.382111 2.607312 0.022479
v -1.373253 2.607466 0.015895
v -1.640009 2.595208 -0.003149
v -1.640087 2.599660 0.007601
v -1.634466 2.596823 0.014685
v -1.625564 2.594459 0.020768
v -1.613992 2.592728 0.025435
v -1.600533 2.591747 0.028369
v -1.586098 2.591584 0.029370
v -1.421303 2.594461 0.029370
v -1.406882 2.595127 0.028369
v -1.393466 2.596577 0.025435
v -1.381961 2.598711 0.020768
v -1.373147 2.601385 0.014685
v -1.640040 2.596991 -0.005818
v -1.640040 2.596991 0.005818
v -1.634377 2.591668 0.011239
v -1.625437 2.587167 0.015895
v -1.613836 2.583797 0.019467
v -1.600359 2.581786 0.021713
v -1.585918 2.581272 0.022479
v -1.421123 2.584148 0.022479
v -1.406708 2.585166 0.021713
v -1.393310 2.587646 0.019467
v -1.381834 2.591419 0.015895
v -1.373057 2.596229 0.011239
v -1.634377 2.591668 -0.011240
v -1.640009 2.595208 0.003148
v -1.634316 2.588222 0.006083
v -1.625352 2.582295 0.008602
v -1.613732 2.577830 0.010535
v -1.600243 2.575131 0.011751
v -1.585797 2.574382 0.012165
v -1.421003 2.577259 0.012165
v -1.406592 2.578511 0.011751
v -1.393205 2.581679 0.010535
v -1.381749 2.586547 0.008602
v -1.372996 2.592784 0.006083
v -1.625437 2.587167 -0.015895
v -1.642041 2.602775 -0.000000
v -1.639998 2.594582 -0.000000
v -1.634295 2.587013 -0.000000
v -1.625322 2.580584 -0.000000
v -1.613695 2.575734 -0.000000
v -1.600202 2.572793 -0.000000
v -1.585755 2.571962 -0.000000
v -1.420960 2.574839 -0.000000
v -1.406551 2.576174 -0.000000
v -1.393169 2.579584 -0.000000
v -1.381719 2.584836 -0.000000
v -1.372975 2.591574 -0.000000
v -1.613836 2.583797 -0.019468
v -1.600359 2.581786 -0.021713
v -1.621984 2.209458 0.012332
v -1.459028 2.586399 0.007444
v -1.540511 2.397928 0.009888
v -1.459028 2.586399 -0.007445
v -1.621984 2.209458 -0.012332
v -1.540511 2.397928 -0.009888
v -1.525048 2.585247 -0.010751
v -1.589774 2.397069 -0.013183
v -1.774621 2.206794 -0.017810
v -1.649834 2.396020 -0.014280
v -1.774621 2.206794 0.017809
v -1.589774 2.397069 0.013182
v -1.525048 2.585247 0.010751
v -1.649834 2.396020 0.014280
v -1.702736 2.395097 0.013652
v -1.573781 2.584397 0.008858
v -1.887284 2.204827 0.014674
v -1.730532 2.394613 0.011766
v -1.702736 2.395097 -0.013652
v -1.887284 2.204827 -0.014675
v -1.573781 2.584397 -0.008859
v -1.730532 2.394613 -0.011767
v -1.560733 2.210527 -0.000000
v -1.507606 2.398503 -0.005220
v -1.432542 2.586862 -0.000000
v -1.507606 2.398503 0.005220
v -1.496638 2.398694 -0.000000
v -1.908561 2.204456 -0.000000
v -1.741960 2.394413 0.007568
v -1.582979 2.584237 -0.000000
v -1.741960 2.394413 -0.007568
v -1.745770 2.394347 -0.000000
v -1.556993 2.584689 0.010278
v -1.848480 2.205504 0.017026
v -1.556993 2.584689 -0.010278
v -1.848480 2.205504 -0.017026
v -1.488783 2.585880 0.009924
v -1.690764 2.208257 0.016440
v -1.488783 2.585880 -0.009925
v -1.690764 2.208257 -0.016440
v -1.576051 2.210260 -0.006510
v -1.439161 2.586746 -0.003930
v -1.439161 2.586746 0.003930
v -1.576051 2.210260 0.006510
v -1.903242 2.204549 0.009438
v -1.580679 2.584277 0.005697
v -1.580679 2.584277 -0.005698
v -1.903242 2.204549 -0.009439
v -2.674557 1.111762 0.252758
v -2.644550 1.114497 0.253286
v -2.615211 1.117114 0.272067
v -2.644550 1.114497 0.290848
v -2.674557 1.111762 0.291376
v -2.704338 1.110431 0.291565
v -2.704338 1.110431 0.252569
v -2.733264 1.109335 0.272067
v -2.651087 0.999095 0.260873
v -2.634592 0.999503 0.261179
v -2.618446 0.999895 0.272066
v -2.634592 0.999503 0.282953
v -2.651087 0.999095 0.283259
v -2.667464 0.998769 0.283369
v -2.683351 0.998462 0.272066
v -2.667464 0.998769 0.260764
v -2.680656 0.992458 0.272066
v -2.665468 0.992723 0.282166
v -2.649821 0.992996 0.282068
v -2.618625 0.993551 0.272066
v -2.634053 0.993282 0.281794
v -2.665468 0.992723 0.261966
v -2.649821 0.992996 0.262064
v -2.634053 0.993282 0.262338
v -2.558320 1.373615 0.281318
v -2.558320 1.373615 0.262816
v -2.555709 1.373663 0.272067
v -2.589225 1.373079 0.242192
v -2.568658 1.373435 0.253034
v -2.649376 1.372039 0.229227
v -2.617111 1.372598 0.233265
v -2.712586 1.370938 0.235949
v -2.682411 1.371464 0.230111
v -2.746751 1.370345 0.258165
v -2.735503 1.370539 0.245660
v -2.746751 1.370345 0.285969
v -2.749451 1.370300 0.272067
v -2.712586 1.370938 0.308185
v -2.735503 1.370539 0.298474
v -2.649376 1.372039 0.314907
v -2.682411 1.371464 0.314023
v -2.568658 1.373435 0.291100
v -2.589225 1.373079 0.301942
v -2.617111 1.372598 0.310869
v -2.566978 1.341950 0.280401
v -2.571808 1.314991 0.279405
v -2.569467 1.315524 0.272067
v -2.566978 1.341950 0.263732
v -2.571808 1.314991 0.264729
v -2.580703 1.314606 0.256971
v -2.594824 1.341467 0.245153
v -2.598003 1.315587 0.248372
v -2.621441 1.317012 0.241291
v -2.649016 1.340530 0.233473
v -2.648722 1.317963 0.238088
v -2.676644 1.318404 0.238789
v -2.705967 1.339538 0.239528
v -2.702006 1.318299 0.243420
v -2.721279 1.318302 0.251122
v -2.736732 1.339004 0.259543
v -2.730954 1.319065 0.261041
v -2.733384 1.319636 0.272067
v -2.736732 1.339004 0.284591
v -2.730954 1.319065 0.283093
v -2.721279 1.318302 0.293012
v -2.705967 1.339538 0.304606
v -2.702006 1.318299 0.300714
v -2.676644 1.318404 0.305344
v -2.649016 1.340530 0.310661
v -2.648722 1.317963 0.306045
v -2.580703 1.314606 0.287163
v -2.594824 1.341467 0.298981
v -2.621441 1.317012 0.302843
v -2.598003 1.315587 0.295762
v -2.728512 1.302963 0.283285
v -2.732746 1.294538 0.286857
v -2.573500 1.293311 0.264246
v -2.568885 1.282193 0.260803
v -2.598869 1.294768 0.249000
v -2.576595 1.281549 0.251082
v -2.595102 1.284072 0.244446
v -2.648455 1.299784 0.303737
v -2.648240 1.290382 0.306045
v -2.535224 1.143774 0.257314
v -2.559764 1.137225 0.255939
v -2.586454 1.131283 0.254684
v -2.586522 1.135156 0.238025
v -2.586635 1.141610 0.222815
v -2.513083 1.150736 0.258747
v -2.493605 1.157912 0.260179
v -2.494346 1.160248 0.248824
v -2.495116 1.164284 0.238534
v -2.479377 1.170198 0.242457
v -2.466825 1.175903 0.245932
v -2.493242 1.157169 0.272067
v -2.493605 1.157912 0.283955
v -2.476770 1.165231 0.282623
v -2.462567 1.172621 0.281489
v -2.464428 1.173823 0.290379
v -2.466825 1.175903 0.298202
v -2.535136 1.142707 0.272067
v -2.513083 1.150736 0.285387
v -2.535224 1.143774 0.286820
v -2.535421 1.146998 0.300951
v -2.535655 1.152400 0.313838
v -2.560000 1.146771 0.317755
v -2.586635 1.141610 0.321319
v -2.536558 1.220196 0.201059
v -2.561226 1.220990 0.194191
v -2.588031 1.221642 0.188048
v -2.588291 1.236486 0.192394
v -2.588527 1.250040 0.199637
v -2.514280 1.219307 0.208435
v -2.494660 1.218374 0.216105
v -2.495537 1.228480 0.218740
v -2.496397 1.237636 0.223282
v -2.480498 1.234418 0.229609
v -2.467796 1.231542 0.235764
v -2.494125 1.207786 0.215264
v -2.494290 1.197187 0.216105
v -2.477354 1.198670 0.223986
v -2.463044 1.199930 0.231998
v -2.468206 1.179427 0.239745
v -2.464745 1.191977 0.233383
v -2.466983 1.184965 0.235764
v -2.536259 1.207051 0.199859
v -2.513865 1.195569 0.208435
v -2.536099 1.193903 0.201059
v -2.536020 1.181308 0.204680
v -2.535959 1.169822 0.210745
v -2.560334 1.165906 0.204906
v -2.586792 1.150645 0.209777
v -2.586995 1.162264 0.199637
v -2.537433 1.270324 0.286820
v -2.700467 1.301161 0.299709
v -2.724161 1.292623 0.298658
v -2.676742 1.291944 0.306285
v -2.703771 1.292224 0.304478
v -2.588888 1.270694 0.321319
v -2.515062 1.264140 0.285387
v -2.495346 1.257648 0.283955
v -2.496005 1.255287 0.295310
v -2.496634 1.251227 0.305600
v -2.480698 1.245867 0.301677
v -2.467954 1.240603 0.298202
v -2.495009 1.258404 0.272067
v -2.495346 1.257648 0.260179
v -2.478266 1.250921 0.261511
v -2.463813 1.244032 0.262644
v -2.469212 1.237032 0.239745
v -2.465631 1.242766 0.253755
v -2.467954 1.240603 0.245932
v -2.557141 1.276307 0.257469
v -2.537382 1.271394 0.272067
v -2.515062 1.264140 0.258747
v -2.537433 1.270324 0.257314
v -2.537517 1.267095 0.243183
v -2.537563 1.261688 0.230296
v -2.590504 1.277911 0.235465
v -2.562090 1.266465 0.226379
v -2.588730 1.261657 0.209777
v -2.588888 1.270694 0.222815
v -2.536099 1.193903 0.343075
v -2.560724 1.192248 0.349943
v -2.587491 1.190661 0.356086
v -2.586792 1.150645 0.334357
v -2.587232 1.175817 0.351740
v -2.586995 1.162264 0.344497
v -2.513865 1.195569 0.335699
v -2.494290 1.197187 0.328029
v -2.494814 1.187056 0.325394
v -2.495354 1.177874 0.320852
v -2.479577 1.181646 0.314525
v -2.468206 1.179427 0.304389
v -2.466983 1.184965 0.308370
v -2.494125 1.207786 0.328870
v -2.494660 1.218374 0.328029
v -2.477682 1.217482 0.320148
v -2.463337 1.216722 0.312136
v -2.469212 1.237032 0.304389
v -2.465315 1.224612 0.310751
v -2.467796 1.231542 0.308370
v -2.536259 1.207051 0.344275
v -2.514280 1.219307 0.335699
v -2.536558 1.220196 0.343075
v -2.536918 1.232785 0.339454
v -2.537259 1.244266 0.333389
v -2.561756 1.247330 0.339228
v -2.588730 1.261657 0.334357
v -2.588527 1.250040 0.344497
v -2.648455 1.299784 0.240397
v -2.620339 1.287703 0.240310
v -2.648240 1.290382 0.238089
v -2.728512 1.302963 0.260849
v -2.734089 1.295876 0.272067
v -2.732746 1.294538 0.257277
v -2.648067 1.284472 0.230607
v -2.617603 1.274190 0.219765
v -2.647903 1.276771 0.217393
v -2.744999 1.290042 0.253555
v -2.766627 1.285724 0.252914
v -2.765462 1.281436 0.234555
v -2.764247 1.274294 0.217781
v -2.787273 1.269840 0.220481
v -2.806333 1.263925 0.223506
v -2.744999 1.290042 0.290579
v -2.767192 1.287155 0.272067
v -2.766627 1.285724 0.291220
v -2.791377 1.280341 0.290375
v -2.813036 1.272643 0.289640
v -2.810106 1.269241 0.306174
v -2.806333 1.263925 0.320628
v -2.700467 1.301161 0.244424
v -2.676742 1.291944 0.237849
v -2.724161 1.292623 0.245476
v -2.703771 1.292224 0.239656
v -2.707969 1.286364 0.314394
v -2.709122 1.278456 0.328832
v -2.617603 1.274190 0.324369
v -2.648067 1.284472 0.313527
v -2.678753 1.278253 0.328281
v -2.647903 1.276771 0.326741
v -2.706756 1.117730 0.292100
v -2.676086 1.119126 0.291907
v -2.645202 1.122014 0.291364
v -2.645277 1.126312 0.309857
v -2.615211 1.137113 0.324369
v -2.645402 1.133477 0.326741
v -2.736277 1.118068 0.291890
v -2.763741 1.120386 0.291220
v -2.762727 1.124712 0.309579
v -2.761762 1.131891 0.326353
v -2.784929 1.135539 0.323653
v -2.804183 1.140785 0.320628
v -2.764256 1.118935 0.272067
v -2.763741 1.120386 0.252914
v -2.788664 1.124902 0.253759
v -2.810578 1.131839 0.254494
v -2.807769 1.135340 0.237960
v -2.804183 1.140785 0.223506
v -2.665518 0.992723 0.272066
v -2.736277 1.118068 0.252244
v -2.706756 1.117730 0.252034
v -2.706614 1.122204 0.232834
v -2.706524 1.129656 0.215302
v -2.615211 1.137113 0.219765
v -2.676182 1.130918 0.215853
v -2.645402 1.133477 0.217393
v -2.707951 1.186196 0.175198
v -2.677269 1.186905 0.176165
v -2.646352 1.187929 0.178799
v -2.645577 1.143507 0.202920
v -2.646065 1.171450 0.183623
v -2.615593 1.159045 0.195152
v -2.645802 1.156403 0.191664
v -2.737460 1.185869 0.176156
v -2.764886 1.185988 0.179294
v -2.763511 1.169647 0.184128
v -2.762160 1.154719 0.192163
v -2.785299 1.156722 0.196710
v -2.802279 1.148567 0.211666
v -2.804503 1.159083 0.202972
v -2.765724 1.203046 0.177678
v -2.765482 1.220121 0.179294
v -2.790305 1.218935 0.184850
v -2.812080 1.217900 0.193061
v -2.804158 1.256215 0.211665
v -2.809468 1.232684 0.196934
v -2.806014 1.245628 0.202972
v -2.708363 1.204047 0.173525
v -2.738077 1.221198 0.176156
v -2.708574 1.221900 0.175198
v -2.708653 1.239013 0.180216
v -2.708706 1.254640 0.188574
v -2.617220 1.252258 0.195152
v -2.678342 1.254678 0.189396
v -2.647728 1.266741 0.202920
v -2.647503 1.253844 0.191664
v -2.708574 1.221900 0.368936
v -2.677886 1.222263 0.367969
v -2.646953 1.222319 0.365335
v -2.647728 1.266741 0.341214
v -2.647240 1.238798 0.360511
v -2.617220 1.252258 0.348982
v -2.647503 1.253844 0.352470
v -2.738077 1.221198 0.367978
v -2.765482 1.220121 0.364840
v -2.764678 1.236501 0.360006
v -2.763849 1.251467 0.351970
v -2.786903 1.248658 0.347424
v -2.804158 1.256215 0.332469
v -2.806014 1.245628 0.341162
v -2.765724 1.203046 0.366456
v -2.764886 1.185988 0.364840
v -2.789736 1.186307 0.359285
v -2.811534 1.186582 0.351073
v -2.802279 1.148567 0.332469
v -2.808407 1.171899 0.347200
v -2.804503 1.159083 0.341162
v -2.708363 1.204047 0.370609
v -2.737460 1.185869 0.367978
v -2.707951 1.186196 0.368936
v -2.707432 1.169092 0.363918
v -2.706940 1.153473 0.355560
v -2.615593 1.159045 0.348982
v -2.676593 1.154494 0.354738
v -2.645577 1.143507 0.341214
v -2.645802 1.156403 0.352470
v -2.431919 1.215987 0.280049
v -2.435993 1.223038 0.280052
v -2.442676 1.230058 0.280214
v -2.458001 1.229623 0.302076
v -2.445860 1.229695 0.288066
v -2.458098 1.235164 0.295858
v -2.450834 1.229278 0.295331
v -2.430475 1.208897 0.280088
v -2.431671 1.201761 0.280049
v -2.435620 1.201690 0.288039
v -2.442176 1.201431 0.296045
v -2.457164 1.181681 0.295858
v -2.445244 1.194377 0.295701
v -2.457261 1.187224 0.302076
v -2.450110 1.187818 0.295331
v -2.430350 1.201750 0.272067
v -2.431671 1.201761 0.264085
v -2.435496 1.194573 0.264082
v -2.441930 1.187324 0.263920
v -2.457261 1.187224 0.242058
v -2.445125 1.187576 0.256068
v -2.457164 1.181681 0.248276
v -2.450110 1.187818 0.248803
v -2.430600 1.216044 0.272067
v -2.430475 1.208897 0.264046
v -2.431919 1.215987 0.264085
v -2.435869 1.215920 0.256095
v -2.442430 1.215950 0.248089
v -2.458098 1.235164 0.248276
v -2.445742 1.222892 0.248433
v -2.458001 1.229623 0.242058
v -2.450834 1.229278 0.248803
v -2.860924 1.218259 0.253135
v -2.855067 1.234539 0.253814
v -2.845127 1.249495 0.254494
v -2.821177 1.243942 0.211665
v -2.840133 1.247591 0.237960
v -2.821385 1.255914 0.225100
v -2.832339 1.245168 0.223506
v -2.862689 1.201353 0.252795
v -2.860335 1.184519 0.253135
v -2.854207 1.185231 0.234985
v -2.844019 1.186015 0.218401
v -2.819506 1.148267 0.225100
v -2.838802 1.171368 0.220636
v -2.819715 1.160239 0.211666
v -2.830829 1.158624 0.223506
v -2.862390 1.184180 0.272067
v -2.860335 1.184519 0.290999
v -2.853914 1.168452 0.290320
v -2.843458 1.153852 0.289640
v -2.819715 1.160239 0.332469
v -2.838533 1.155931 0.306174
v -2.819506 1.148267 0.319034
v -2.830829 1.158624 0.320628
v -2.862989 1.218526 0.272067
v -2.862689 1.201353 0.291339
v -2.860924 1.218259 0.290999
v -2.854774 1.217761 0.309149
v -2.844565 1.217333 0.325733
v -2.821385 1.255913 0.319034
v -2.839863 1.232153 0.323498
v -2.821177 1.243942 0.332469
v -2.832339 1.245168 0.320628
v -2.535421 1.146998 0.243183
v -2.560000 1.146771 0.226380
v -2.535858 1.160002 0.219276
v -2.513915 1.158303 0.234402
v -2.535655 1.152400 0.230296
v -2.476770 1.165231 0.261511
v -2.464428 1.173823 0.253755
v -2.450954 1.180009 0.263480
v -2.461760 1.172240 0.272067
v -2.462567 1.172621 0.262645
v -2.494346 1.160248 0.295310
v -2.479377 1.170198 0.301677
v -2.495568 1.170123 0.314291
v -2.513915 1.158303 0.309732
v -2.495116 1.164284 0.305600
v -2.559764 1.137225 0.288195
v -2.586522 1.135156 0.306109
v -2.615019 1.126147 0.290527
v -2.586432 1.129992 0.272067
v -2.586454 1.131283 0.289450
v -2.536918 1.232785 0.204680
v -2.561756 1.247330 0.204906
v -2.537500 1.254085 0.219276
v -2.515358 1.240989 0.216941
v -2.537259 1.244266 0.210745
v -2.477682 1.217482 0.223986
v -2.465315 1.224612 0.233383
v -2.451585 1.216182 0.240059
v -2.462390 1.208340 0.231555
v -2.463337 1.216722 0.231998
v -2.494814 1.187056 0.218740
v -2.479577 1.181646 0.229609
v -2.495568 1.170123 0.229843
v -2.514186 1.173863 0.216941
v -2.495354 1.177874 0.223282
v -2.560724 1.192248 0.194191
v -2.587232 1.175817 0.192394
v -2.616120 1.189202 0.182846
v -2.587761 1.206152 0.186600
v -2.587491 1.190661 0.188048
v -2.537517 1.267095 0.300951
v -2.562090 1.266465 0.317755
v -2.537500 1.254085 0.324858
v -2.515630 1.256547 0.309732
v -2.537563 1.261688 0.313838
v -2.478266 1.250921 0.282623
v -2.465631 1.242766 0.290379
v -2.451950 1.237053 0.280653
v -2.463020 1.244441 0.272067
v -2.463813 1.244032 0.281489
v -2.496005 1.255287 0.248824
v -2.480698 1.245867 0.242456
v -2.496882 1.245375 0.229843
v -2.515630 1.256547 0.234402
v -2.496634 1.251227 0.238534
v -2.573500 1.293311 0.279888
v -2.557141 1.276307 0.286665
v -2.567725 1.283306 0.272067
v -2.568885 1.282193 0.283331
v -2.536020 1.181308 0.339454
v -2.560334 1.165906 0.339228
v -2.535858 1.160002 0.324858
v -2.514186 1.173863 0.327193
v -2.535959 1.169822 0.333389
v -2.477354 1.198670 0.320148
v -2.464745 1.191977 0.310751
v -2.451318 1.200879 0.304075
v -2.462390 1.208340 0.312579
v -2.463044 1.199930 0.312136
v -2.495537 1.228480 0.325394
v -2.480498 1.234418 0.314525
v -2.496882 1.245375 0.314291
v -2.515358 1.240989 0.327193
v -2.496397 1.237636 0.320852
v -2.561226 1.220990 0.349943
v -2.588291 1.236486 0.351740
v -2.616694 1.222100 0.361288
v -2.587761 1.206152 0.357534
v -2.588031 1.221642 0.356086
v -2.707969 1.286364 0.229739
v -2.678753 1.278253 0.215853
v -2.708830 1.268035 0.200270
v -2.737964 1.277197 0.215892
v -2.709122 1.278456 0.215302
v -2.791377 1.280341 0.253759
v -2.810106 1.269241 0.237960
v -2.831110 1.262429 0.254834
v -2.814288 1.273865 0.272067
v -2.813036 1.272643 0.254494
v -2.765462 1.281436 0.309579
v -2.787273 1.269840 0.323653
v -2.763523 1.264303 0.340748
v -2.737964 1.277197 0.328241
v -2.764247 1.274294 0.326353
v -2.598869 1.294768 0.295134
v -2.620339 1.287703 0.303824
v -2.590504 1.277911 0.308668
v -2.576595 1.281549 0.293052
v -2.595102 1.284072 0.299688
v -2.706614 1.122204 0.311300
v -2.676182 1.130918 0.328281
v -2.706596 1.140081 0.343864
v -2.735393 1.129908 0.328241
v -2.706524 1.129656 0.328833
v -2.788664 1.124902 0.290375
v -2.807769 1.135340 0.306174
v -2.828998 1.141416 0.289300
v -2.811787 1.130574 0.272067
v -2.810578 1.131839 0.289640
v -2.762727 1.124712 0.234555
v -2.784929 1.135539 0.220481
v -2.761386 1.141901 0.203386
v -2.735393 1.129908 0.215893
v -2.761762 1.131891 0.217781
v -2.676086 1.119126 0.252227
v -2.645277 1.126312 0.234277
v -2.615019 1.126147 0.253608
v -2.634053 0.993272 0.272066
v -2.645202 1.122014 0.252770
v -2.707432 1.169092 0.180216
v -2.676593 1.154494 0.189396
v -2.706596 1.140081 0.200270
v -2.735805 1.153495 0.189422
v -2.706940 1.153473 0.188574
v -2.789736 1.186307 0.184850
v -2.808407 1.171899 0.196934
v -2.829786 1.186566 0.204165
v -2.813037 1.202220 0.191665
v -2.811534 1.186582 0.193061
v -2.764678 1.236501 0.184128
v -2.786903 1.248658 0.196710
v -2.763523 1.264303 0.203386
v -2.737552 1.253609 0.189422
v -2.763849 1.251467 0.192163
v -2.677886 1.222263 0.176165
v -2.647240 1.238798 0.183623
v -2.616694 1.222100 0.182846
v -2.646652 1.205124 0.177191
v -2.646953 1.222319 0.178799
v -2.708653 1.239013 0.363918
v -2.678342 1.254678 0.354738
v -2.708830 1.268035 0.343863
v -2.737552 1.253609 0.354712
v -2.708706 1.254640 0.355560
v -2.790305 1.218935 0.359285
v -2.809468 1.232684 0.347200
v -2.830322 1.217279 0.339969
v -2.813037 1.202220 0.352469
v -2.812080 1.217900 0.351073
v -2.763511 1.169647 0.360006
v -2.785299 1.156722 0.347424
v -2.761386 1.141901 0.340748
v -2.735805 1.153495 0.354712
v -2.762160 1.154719 0.351971
v -2.677269 1.186905 0.367969
v -2.646065 1.171450 0.360511
v -2.616120 1.189202 0.361288
v -2.646652 1.205124 0.366943
v -2.646352 1.187929 0.365335
v -2.435869 1.215920 0.288039
v -2.445742 1.222892 0.295701
v -2.451585 1.216182 0.304075
v -2.441154 1.208711 0.296211
v -2.442430 1.215950 0.296045
v -2.435496 1.194573 0.280052
v -2.445125 1.187575 0.288066
v -2.450954 1.180009 0.280654
v -2.440778 1.187196 0.272067
v -2.441930 1.187324 0.280214
v -2.435620 1.201690 0.256095
v -2.445244 1.194377 0.248433
v -2.451318 1.200879 0.240059
v -2.441154 1.208711 0.247923
v -2.442176 1.201431 0.248089
v -2.435993 1.223038 0.264082
v -2.445860 1.229695 0.256068
v -2.451950 1.237053 0.263480
v -2.441529 1.230226 0.272067
v -2.442676 1.230058 0.263920
v -2.854774 1.217761 0.234985
v -2.839863 1.232153 0.220636
v -2.830322 1.217279 0.204165
v -2.846082 1.201643 0.217442
v -2.844565 1.217333 0.218401
v -2.853914 1.168452 0.253814
v -2.838533 1.155931 0.237960
v -2.828998 1.141416 0.254834
v -2.845232 1.152967 0.272067
v -2.843458 1.153852 0.254494
v -2.854207 1.185231 0.309149
v -2.838802 1.171368 0.323498
v -2.829786 1.186566 0.339969
v -2.846082 1.201643 0.326692
v -2.844019 1.186015 0.325733
v -2.855067 1.234539 0.290320
v -2.840133 1.247591 0.306174
v -2.831110 1.262429 0.289300
v -2.846931 1.250319 0.272067
v -2.845127 1.249495 0.289640
v -2.571456 1.294235 0.272067
v -2.581882 1.292751 0.256524
v -2.621913 1.297674 0.243136
v -2.675600 1.300984 0.240815
v -2.719344 1.301444 0.251133
v -2.730671 1.304032 0.272067
v -2.719344 1.301444 0.293000
v -2.675600 1.300984 0.303319
v -2.621913 1.297674 0.300998
v -2.581882 1.292751 0.287610
v -2.576296 1.341787 0.289214
v -2.726604 1.339178 0.248277
v -2.678771 1.340013 0.234269
v -2.739172 1.338964 0.272067
v -2.726604 1.339178 0.295857
v -2.564629 1.341993 0.272067
v -2.576296 1.341787 0.254920
v -2.619940 1.341034 0.237110
v -2.678771 1.340013 0.309865
v -2.619940 1.341034 0.307024
v -2.559866 1.140802 0.240486
v -2.478002 1.167031 0.251470
v -2.513482 1.153547 0.246001
v -2.478002 1.167031 0.292664
v -2.476200 1.164674 0.272067
v -2.559866 1.140802 0.303649
v -2.559723 1.136034 0.272067
v -2.513482 1.153547 0.298133
v -2.561506 1.234761 0.198206
v -2.479038 1.226409 0.226029
v -2.514828 1.230660 0.211597
v -2.478397 1.189701 0.226029
v -2.480161 1.174985 0.234995
v -2.476958 1.208086 0.223349
v -2.560524 1.178476 0.198206
v -2.560956 1.206620 0.192855
v -2.514017 1.184205 0.211597
v -2.560167 1.155137 0.214295
v -2.563140 1.273914 0.302711
v -2.479434 1.249080 0.292664
v -2.515363 1.261316 0.298133
v -2.479434 1.249080 0.251470
v -2.481314 1.241054 0.234995
v -2.477715 1.251498 0.272067
v -2.563140 1.273914 0.241423
v -2.556851 1.277453 0.272067
v -2.515363 1.261316 0.246001
v -2.561964 1.258098 0.214295
v -2.560524 1.178476 0.345928
v -2.560167 1.155137 0.329839
v -2.478397 1.189701 0.318105
v -2.514017 1.184205 0.332537
v -2.480161 1.174985 0.309139
v -2.479038 1.226409 0.318105
v -2.481314 1.241054 0.309139
v -2.476958 1.208086 0.320785
v -2.561506 1.234761 0.345928
v -2.560956 1.206620 0.351279
v -2.514828 1.230660 0.332537
v -2.561964 1.258098 0.329839
v -2.678360 1.286097 0.229619
v -2.618364 1.281680 0.232592
v -2.789448 1.276368 0.236286
v -2.737761 1.286203 0.234142
v -2.789448 1.276368 0.307848
v -2.792281 1.281688 0.272067
v -2.678360 1.286097 0.314515
v -2.618364 1.281680 0.311541
v -2.680061 1.339998 0.272067
v -2.737761 1.286203 0.309991
v -2.676113 1.123548 0.310920
v -2.615091 1.130259 0.308217
v -2.786874 1.128940 0.307848
v -2.735804 1.122514 0.310889
v -2.786874 1.128940 0.236286
v -2.789520 1.123524 0.272067
v -2.676113 1.123548 0.233214
v -2.615091 1.130259 0.235917
v -2.649831 0.992996 0.272066
v -2.735804 1.122514 0.233245
v -2.676923 1.169963 0.181127
v -2.676342 1.141234 0.200972
v -2.615845 1.173439 0.187461
v -2.787604 1.170769 0.189344
v -2.736615 1.168949 0.181135
v -2.784000 1.144775 0.207053
v -2.788717 1.234538 0.189344
v -2.786022 1.260642 0.207053
v -2.790900 1.202606 0.183320
v -2.678132 1.239207 0.181127
v -2.616969 1.237865 0.187460
v -2.677608 1.204584 0.174510
v -2.737823 1.238137 0.181135
v -2.678553 1.267939 0.200972
v -2.678132 1.239207 0.363007
v -2.678553 1.267939 0.343162
v -2.616969 1.237865 0.356673
v -2.788717 1.234538 0.354790
v -2.737823 1.238137 0.362999
v -2.786022 1.260642 0.337081
v -2.787604 1.170770 0.354790
v -2.784000 1.144775 0.337081
v -2.790900 1.202606 0.360814
v -2.676923 1.169963 0.363007
v -2.615845 1.173439 0.356673
v -2.677608 1.204584 0.369624
v -2.736615 1.168949 0.362999
v -2.676342 1.141234 0.343162
v -2.439681 1.222900 0.287956
v -2.454251 1.223351 0.303296
v -2.454477 1.236315 0.288748
v -2.439187 1.194582 0.287956
v -2.453506 1.180659 0.288748
v -2.434484 1.208827 0.288129
v -2.453732 1.193622 0.303296
v -2.439187 1.194582 0.256178
v -2.453732 1.193622 0.240838
v -2.434235 1.194515 0.272067
v -2.453506 1.180659 0.255386
v -2.439681 1.222900 0.256178
v -2.454477 1.236315 0.255386
v -2.434734 1.223140 0.272067
v -2.434484 1.208827 0.256005
v -2.454251 1.223351 0.240838
v -2.849296 1.233385 0.236393
v -2.826622 1.231650 0.207248
v -2.827113 1.259752 0.238784
v -2.848186 1.169807 0.236393
v -2.825097 1.144232 0.238784
v -2.856451 1.201462 0.234321
v -2.825587 1.172333 0.207248
v -2.848186 1.169807 0.307741
v -2.825587 1.172333 0.336886
v -2.855863 1.167826 0.272067
v -2.825097 1.144232 0.305350
v -2.849296 1.233385 0.307741
v -2.827113 1.259752 0.305350
v -2.857038 1.235097 0.272067
v -2.856451 1.201462 0.309813
v -2.826622 1.231650 0.336886
v -2.512887 1.149817 0.272067
v -2.514203 1.165057 0.224524
v -2.513892 1.207441 0.207400
v -2.515682 1.249788 0.224524
v -2.514898 1.265066 0.272067
v -2.514203 1.165057 0.319610
v -2.515682 1.249788 0.319610
v -2.513892 1.207441 0.336734
v -2.617971 1.341074 0.272067
v -2.745605 1.291480 0.272067
v -2.614995 1.124776 0.272067
v -2.736520 1.116582 0.272067
v -2.616407 1.205652 0.181307
v -2.735303 1.140239 0.201010
v -2.737514 1.266876 0.201010
v -2.738038 1.203529 0.174494
v -2.616407 1.205652 0.362827
v -2.737514 1.266876 0.343124
v -2.735303 1.140239 0.343124
v -2.738038 1.203529 0.369640
v -2.450954 1.237319 0.272067
v -2.450452 1.208549 0.304354
v -2.449950 1.179777 0.272067
v -2.450452 1.208549 0.239780
v -2.429135 1.208921 0.272067
v -2.832679 1.263478 0.272067
v -2.831604 1.201896 0.202958
v -2.830529 1.140312 0.272067
v -2.831604 1.201896 0.341176
v -2.864769 1.201317 0.272067
v -2.615378 1.146709 0.205920
v -2.617435 1.264595 0.205920
v -2.615378 1.146709 0.338214
v -2.617435 1.264595 0.338214
v -2.461627 1.233984 0.300821
v -2.460733 1.182739 0.300821
v -2.460733 1.182739 0.243313
v -2.461627 1.233984 0.243313
v -2.815789 1.252173 0.215971
v -2.814044 1.152200 0.215971
v -2.814044 1.152200 0.328163
v -2.815789 1.252173 0.328163
v -1.981318 2.185920 -0.009252
v -1.981318 2.185920 0.009251
v -1.978708 2.185964 -0.000000
v -2.012233 2.185377 0.029875
v -1.991666 2.185740 0.019033
v -2.072384 2.184319 0.042840
v -2.040109 2.184886 0.038802
v -2.135594 2.183212 0.036118
v -2.105419 2.183739 0.041956
v -2.169749 2.182613 0.013902
v -2.158511 2.182812 0.026407
v -2.169749 2.182613 -0.013902
v -2.172459 2.182564 -0.000000
v -2.135594 2.183212 -0.036118
v -2.158511 2.182812 -0.026407
v -2.072384 2.184319 -0.042840
v -2.105419 2.183739 -0.041956
v -1.991666 2.185740 -0.019033
v -2.012233 2.185377 -0.029875
v -2.040109 2.184886 -0.038802
v -1.991087 2.217263 -0.008335
v -1.996855 2.244039 -0.007338
v -1.994486 2.243587 -0.000000
v -1.991087 2.217263 0.008334
v -1.996855 2.244039 0.007338
v -2.005757 2.244113 0.015096
v -2.018932 2.216775 0.026914
v -2.023013 2.242529 0.023695
v -2.046377 2.240287 0.030776
v -2.073114 2.215821 0.038594
v -2.073608 2.238384 0.033978
v -2.101497 2.236969 0.033277
v -2.130065 2.214824 0.032539
v -2.126858 2.236189 0.028647
v -2.146119 2.235512 0.020945
v -2.160841 2.214284 0.012524
v -2.155761 2.234413 0.011026
v -2.158170 2.233758 -0.000000
v -2.160841 2.214284 -0.012524
v -2.155761 2.234413 -0.011026
v -2.146119 2.235512 -0.020945
v -2.130065 2.214824 -0.032539
v -2.126858 2.236189 -0.028647
v -2.101497 2.236969 -0.033278
v -2.073114 2.215821 -0.038595
v -2.073608 2.238384 -0.033979
v -2.005757 2.244113 -0.015096
v -2.018932 2.216775 -0.026914
v -2.046377 2.240287 -0.030776
v -2.023013 2.242529 -0.023695
v -2.153883 2.250590 -0.011219
v -2.158408 2.258862 -0.014791
v -1.999292 2.265646 0.007821
v -1.995078 2.276919 0.011264
v -2.024605 2.263305 0.023067
v -2.002806 2.277293 0.020985
v -2.021214 2.274126 0.027621
v -2.073975 2.256562 -0.031671
v -2.074089 2.265965 -0.033978
v -1.966259 2.416428 0.014753
v -1.991022 2.422118 0.016128
v -2.017893 2.427125 0.017383
v -2.017826 2.423252 0.034042
v -2.017713 2.416798 0.049252
v -1.943887 2.410244 0.013320
v -1.924171 2.403752 0.011888
v -1.924830 2.401391 0.023243
v -1.925460 2.397331 0.033533
v -1.909533 2.391970 0.029610
v -1.896790 2.386707 0.026134
v -1.923834 2.404508 -0.000000
v -1.924171 2.403752 -0.011888
v -1.907101 2.397024 -0.010556
v -1.892639 2.390136 -0.009423
v -1.894457 2.388870 -0.018312
v -1.896790 2.386707 -0.026135
v -1.966208 2.417498 -0.000000
v -1.943887 2.410244 -0.013320
v -1.966259 2.416428 -0.014753
v -1.966342 2.413199 -0.028884
v -1.966388 2.407792 -0.041771
v -1.990925 2.412569 -0.045688
v -2.017713 2.416798 -0.049252
v -1.964925 2.340007 0.071008
v -1.989560 2.338351 0.077875
v -2.016316 2.336765 0.084018
v -2.016057 2.321920 0.079673
v -2.015821 2.308367 0.072430
v -1.942690 2.341672 0.063631
v -1.923116 2.343291 0.055962
v -1.923639 2.333160 0.053327
v -1.924179 2.323978 0.048785
v -1.908412 2.327750 0.042458
v -1.895818 2.331067 0.036303
v -1.922951 2.353890 0.056803
v -1.923486 2.364478 0.055962
v -1.906517 2.363585 0.048081
v -1.892162 2.362826 0.040069
v -1.898037 2.383136 0.032321
v -1.894140 2.370716 0.038684
v -1.896631 2.377645 0.036303
v -1.965084 2.353155 0.072207
v -1.943105 2.365411 0.063631
v -1.965384 2.366300 0.071008
v -1.965743 2.378889 0.067387
v -1.966084 2.390370 0.061322
v -1.990591 2.393434 0.067161
v -2.017555 2.407761 0.062289
v -2.017353 2.396144 0.072430
v -1.964050 2.289878 -0.014753
v -2.125917 2.253370 -0.027643
v -2.149896 2.261076 -0.026591
v -2.102519 2.263409 -0.034218
v -2.129532 2.262186 -0.032411
v -2.015460 2.287714 -0.049252
v -1.941908 2.296840 -0.013320
v -1.922430 2.304016 -0.011888
v -1.923171 2.306352 -0.023243
v -1.923942 2.310387 -0.033533
v -1.908213 2.316302 -0.029611
v -1.895660 2.322007 -0.026135
v -1.922067 2.303272 -0.000000
v -1.922430 2.304016 0.011888
v -1.905605 2.311335 0.010556
v -1.891392 2.318725 0.009422
v -1.897032 2.325532 0.032321
v -1.893253 2.319927 0.018312
v -1.895660 2.322007 0.026134
v -1.983546 2.283211 0.014598
v -1.963961 2.288811 -0.000000
v -1.941908 2.296840 0.013320
v -1.964050 2.289878 0.014753
v -1.964246 2.293102 0.028884
v -1.964481 2.298504 0.041771
v -2.016833 2.280444 0.036601
v -1.988836 2.292874 0.045687
v -2.015617 2.296749 0.062289
v -2.015460 2.287714 0.049252
v -1.965384 2.366300 -0.071008
v -1.990061 2.367094 -0.077876
v -2.016857 2.367746 -0.084019
v -2.017555 2.407761 -0.062290
v -2.017116 2.382590 -0.079673
v -2.017353 2.396144 -0.072430
v -1.943105 2.365411 -0.063632
v -1.923486 2.364478 -0.055962
v -1.924362 2.374584 -0.053327
v -1.925222 2.383740 -0.048785
v -1.909334 2.380522 -0.042458
v -1.898037 2.383136 -0.032322
v -1.896631 2.377645 -0.036304
v -1.922951 2.353890 -0.056803
v -1.923116 2.343291 -0.055962
v -1.906189 2.344774 -0.048081
v -1.891869 2.346034 -0.040069
v -1.897032 2.325532 -0.032322
v -1.893570 2.338081 -0.038685
v -1.895818 2.331067 -0.036304
v -1.965084 2.353155 -0.072208
v -1.942690 2.341672 -0.063632
v -1.964925 2.340007 -0.071008
v -1.964845 2.327412 -0.067387
v -1.964785 2.315926 -0.061322
v -1.989170 2.312009 -0.067161
v -2.015617 2.296749 -0.062290
v -2.015821 2.308367 -0.072430
v -2.073975 2.256562 0.031670
v -2.046309 2.269617 0.031757
v -2.074089 2.265965 0.033978
v -2.153873 2.250590 0.011218
v -2.159694 2.257479 -0.000000
v -2.158408 2.258862 0.014790
v -2.074122 2.271878 0.041460
v -2.044046 2.283216 0.052302
v -2.074237 2.279580 0.054674
v -2.170811 2.262929 0.018512
v -2.192566 2.266489 0.019152
v -2.191552 2.270815 0.037512
v -2.190587 2.277995 0.054286
v -2.213754 2.281643 0.051586
v -2.233018 2.286889 0.048561
v -2.170811 2.262929 -0.018512
v -2.193091 2.265038 -0.000000
v -2.192566 2.266489 -0.019153
v -2.217499 2.271005 -0.018308
v -2.239404 2.277943 -0.017573
v -2.236604 2.281444 -0.034107
v -2.233018 2.286889 -0.048561
v -2.125917 2.253370 0.027642
v -2.102519 2.263409 0.034218
v -2.149896 2.261076 0.026591
v -2.129532 2.262186 0.032411
v -2.133932 2.267896 -0.042328
v -2.135359 2.275759 -0.056766
v -2.044046 2.283216 -0.052302
v -2.074122 2.271878 -0.041460
v -2.105017 2.277022 -0.056214
v -2.074237 2.279580 -0.054674
v -2.138595 2.436471 -0.020034
v -2.107904 2.436146 -0.019840
v -2.076938 2.434338 -0.019297
v -2.076863 2.430040 -0.037790
v -2.046439 2.420294 -0.052302
v -2.076738 2.422875 -0.054674
v -2.168086 2.435103 -0.019823
v -2.195452 2.431828 -0.019153
v -2.194288 2.427540 -0.037512
v -2.193073 2.420398 -0.054286
v -2.216098 2.415944 -0.051586
v -2.235168 2.410029 -0.048561
v -2.196027 2.433259 -0.000000
v -2.195452 2.431828 0.019152
v -2.220212 2.426445 0.018308
v -2.241861 2.418747 0.017573
v -2.238941 2.415345 0.034106
v -2.235168 2.410029 0.048561
v -2.138731 2.437961 -0.000000
v -2.168086 2.435103 0.019823
v -2.138595 2.436471 0.020033
v -2.138297 2.432004 0.039233
v -2.137957 2.424560 0.056765
v -2.046439 2.420294 0.052302
v -2.107589 2.424357 0.056214
v -2.076738 2.422875 0.054674
v -2.137400 2.368004 0.096868
v -2.106721 2.368366 0.095902
v -2.075788 2.368422 0.093268
v -2.076563 2.412844 0.069147
v -2.076075 2.384902 0.088444
v -2.046056 2.398362 0.076915
v -2.076338 2.399947 0.080403
v -2.166902 2.367301 0.095911
v -2.194307 2.366225 0.092773
v -2.193503 2.382605 0.087939
v -2.192674 2.397571 0.079903
v -2.215729 2.394762 0.075357
v -2.232983 2.402318 0.060401
v -2.234848 2.391731 0.069095
v -2.194559 2.349149 0.094389
v -2.193711 2.332092 0.092773
v -2.218571 2.332411 0.087217
v -2.240359 2.332685 0.079006
v -2.231104 2.294671 0.060401
v -2.237242 2.318003 0.075133
v -2.233338 2.305187 0.069095
v -2.137198 2.350151 0.098542
v -2.166286 2.331973 0.095911
v -2.136776 2.332300 0.096868
v -2.136258 2.315196 0.091851
v -2.135775 2.299576 0.083493
v -2.044429 2.305149 0.076915
v -2.105429 2.300597 0.082671
v -2.074412 2.289611 0.069147
v -2.074637 2.302507 0.080403
v -2.136776 2.332300 -0.096869
v -2.106104 2.333009 -0.095902
v -2.075187 2.334032 -0.093268
v -2.074412 2.289611 -0.069147
v -2.074900 2.317553 -0.088444
v -2.044429 2.305149 -0.076915
v -2.074637 2.302507 -0.080404
v -2.166286 2.331973 -0.095911
v -2.193711 2.332092 -0.092773
v -2.192337 2.315751 -0.087940
v -2.190986 2.300822 -0.079904
v -2.214124 2.302825 -0.075357
v -2.231104 2.294671 -0.060402
v -2.233338 2.305187 -0.069095
v -2.194559 2.349149 -0.094389
v -2.194307 2.366225 -0.092773
v -2.219141 2.365039 -0.087218
v -2.240906 2.364004 -0.079006
v -2.232983 2.402318 -0.060402
v -2.238303 2.378786 -0.075133
v -2.234848 2.391731 -0.069095
v -2.137198 2.350151 -0.098542
v -2.166902 2.367301 -0.095911
v -2.137400 2.368004 -0.096869
v -2.137478 2.385116 -0.091851
v -2.137541 2.400743 -0.083493
v -2.046056 2.398362 -0.076915
v -2.107177 2.400781 -0.082671
v -2.076563 2.412844 -0.069147
v -2.076338 2.399947 -0.080404
v -1.860506 2.347865 -0.007982
v -1.864321 2.340677 -0.007985
v -1.870756 2.333427 -0.008147
v -1.886096 2.333327 -0.030010
v -1.873950 2.333678 -0.016000
v -1.885999 2.327785 -0.023791
v -1.878935 2.333921 -0.023264
v -1.859310 2.355001 -0.008021
v -1.860755 2.362091 -0.007982
v -1.864694 2.362024 -0.015972
v -1.871256 2.362054 -0.023978
v -1.886933 2.381268 -0.023791
v -1.874567 2.368996 -0.023634
v -1.886836 2.375727 -0.030010
v -1.879659 2.375382 -0.023264
v -1.859435 2.362148 -0.000000
v -1.860755 2.362091 0.007982
v -1.864818 2.369142 0.007985
v -1.871502 2.376162 0.008147
v -1.886836 2.375727 0.030009
v -1.874686 2.375799 0.015999
v -1.886933 2.381268 0.023790
v -1.879659 2.375382 0.023264
v -1.859186 2.347853 -0.000000
v -1.859310 2.355001 0.008021
v -1.860506 2.347865 0.007982
v -1.864445 2.347793 0.015972
v -1.871002 2.347535 0.023978
v -1.885999 2.327785 0.023790
v -1.874069 2.340481 0.023634
v -1.886096 2.333327 0.030009
v -1.878935 2.333921 0.023264
v -2.289170 2.330621 0.018932
v -2.282749 2.314556 0.018252
v -2.272293 2.299956 0.017573
v -2.248540 2.306342 0.060401
v -2.267358 2.302034 0.034106
v -2.248332 2.294371 0.046967
v -2.259664 2.304727 0.048561
v -2.291515 2.347457 0.019272
v -2.289759 2.364363 0.018932
v -2.283610 2.363864 0.037082
v -2.273401 2.363436 0.053666
v -2.250211 2.402017 0.046967
v -2.268689 2.378256 0.051431
v -2.250001 2.390046 0.060401
v -2.261175 2.391271 0.048561
v -2.291814 2.364629 -0.000000
v -2.289759 2.364363 -0.018933
v -2.283903 2.380643 -0.018253
v -2.273962 2.395599 -0.017573
v -2.250001 2.390046 -0.060402
v -2.268958 2.393694 -0.034107
v -2.250211 2.402017 -0.046967
v -2.261175 2.391271 -0.048561
v -2.291215 2.330283 -0.000000
v -2.291515 2.347457 -0.019272
v -2.289170 2.330621 -0.018933
v -2.283042 2.331334 -0.037082
v -2.272854 2.332118 -0.053666
v -2.248332 2.294371 -0.046967
v -2.267628 2.317472 -0.051431
v -2.248540 2.306342 -0.060402
v -2.259664 2.304727 -0.048561
v -1.966342 2.413199 0.028884
v -1.990925 2.412569 0.045687
v -1.966325 2.400189 0.052791
v -1.944455 2.402651 0.037665
v -1.966388 2.407792 0.041771
v -1.907101 2.397024 0.010556
v -1.894457 2.388870 0.018312
v -1.880785 2.383157 0.008586
v -1.891856 2.390545 -0.000000
v -1.892639 2.390136 0.009422
v -1.924830 2.401391 -0.023243
v -1.909533 2.391970 -0.029611
v -1.925717 2.391479 -0.042224
v -1.944455 2.402651 -0.037665
v -1.925460 2.397331 -0.033533
v -1.991022 2.422118 -0.016128
v -2.017826 2.423252 -0.034042
v -2.046630 2.431261 -0.018460
v -2.017916 2.428415 -0.000000
v -2.017893 2.427125 -0.017383
v -1.964845 2.327412 0.067387
v -1.989170 2.312009 0.067161
v -1.964683 2.306105 0.052791
v -1.943012 2.319966 0.055125
v -1.964785 2.315926 0.061322
v -1.906189 2.344774 0.048081
v -1.893570 2.338081 0.038684
v -1.880154 2.346983 0.032008
v -1.891225 2.354444 0.040512
v -1.891869 2.346034 0.040069
v -1.924362 2.374584 0.053327
v -1.909334 2.380522 0.042458
v -1.925717 2.391479 0.042224
v -1.944183 2.387093 0.055125
v -1.925222 2.383740 0.048785
v -1.990061 2.367094 0.077875
v -2.017116 2.382590 0.079673
v -2.045529 2.368204 0.089221
v -2.016586 2.352256 0.085467
v -2.016857 2.367746 0.084018
v -1.964246 2.293102 -0.028884
v -1.988836 2.292874 -0.045688
v -1.964683 2.306105 -0.052791
v -1.942740 2.304407 -0.037665
v -1.964481 2.298504 -0.041771
v -1.905605 2.311335 -0.010556
v -1.893253 2.319927 -0.018312
v -1.879789 2.326112 -0.008587
v -1.890595 2.318343 -0.000000
v -1.891392 2.318725 -0.009423
v -1.923171 2.306352 0.023243
v -1.908213 2.316302 0.029610
v -1.924404 2.316227 0.042224
v -1.942740 2.304407 0.037665
v -1.923942 2.310387 0.033533
v -1.999292 2.265646 -0.007821
v -1.983546 2.283211 -0.014598
v -1.993879 2.275846 -0.000000
v -1.995078 2.276919 -0.011264
v -1.965743 2.378889 -0.067387
v -1.990591 2.393434 -0.067161
v -1.966325 2.400189 -0.052791
v -1.944183 2.387093 -0.055126
v -1.966084 2.390370 -0.061322
v -1.906517 2.363585 -0.048081
v -1.894140 2.370716 -0.038685
v -1.880421 2.362286 -0.032008
v -1.891225 2.354444 -0.040513
v -1.892162 2.362826 -0.040069
v -1.923639 2.333160 -0.053327
v -1.908412 2.327750 -0.042458
v -1.924404 2.316227 -0.042224
v -1.943012 2.319966 -0.055126
v -1.924179 2.323978 -0.048785
v -1.989560 2.338351 -0.077876
v -2.016057 2.321920 -0.079673
v -2.044955 2.335306 -0.089222
v -2.016586 2.352256 -0.085467
v -2.016316 2.336765 -0.084019
v -2.133932 2.267896 0.042327
v -2.105017 2.277022 0.056214
v -2.135432 2.286184 0.071796
v -2.164218 2.276011 0.056174
v -2.135359 2.275759 0.056765
v -2.217499 2.271005 0.018308
v -2.236604 2.281444 0.034106
v -2.257833 2.287519 0.017233
v -2.240612 2.276678 -0.000000
v -2.239404 2.277943 0.017573
v -2.191552 2.270815 -0.037512
v -2.213754 2.281643 -0.051586
v -2.190221 2.288005 -0.068681
v -2.164218 2.276011 -0.056175
v -2.190587 2.277995 -0.054286
v -2.024605 2.263305 -0.023067
v -2.046309 2.269617 -0.031757
v -2.016833 2.280444 -0.036602
v -2.002806 2.277293 -0.020986
v -2.021214 2.274126 -0.027622
v -2.138297 2.432004 -0.039233
v -2.107589 2.424357 -0.056214
v -2.137665 2.414139 -0.071797
v -2.166789 2.423301 -0.056175
v -2.137957 2.424560 -0.056766
v -2.220212 2.426445 -0.018308
v -2.238941 2.415345 -0.034107
v -2.259946 2.408533 -0.017233
v -2.243113 2.419969 -0.000000
v -2.241861 2.418747 -0.017573
v -2.194288 2.427540 0.037512
v -2.216098 2.415944 0.051586
v -2.192358 2.410407 0.068680
v -2.166789 2.423301 0.056174
v -2.193073 2.420398 0.054286
v -2.107904 2.436146 0.019840
v -2.076863 2.430040 0.037789
v -2.046630 2.431261 0.018459
v -2.076963 2.435771 -0.000000
v -2.076938 2.434338 0.019297
v -2.137478 2.385116 0.091851
v -2.107177 2.400781 0.082671
v -2.137665 2.414139 0.071796
v -2.166378 2.399713 0.082645
v -2.137541 2.400743 0.083493
v -2.219141 2.365039 0.087217
v -2.238303 2.378786 0.075133
v -2.259158 2.363382 0.067901
v -2.241862 2.348324 0.080402
v -2.240906 2.364004 0.079006
v -2.192337 2.315751 0.087939
v -2.214124 2.302825 0.075357
v -2.190221 2.288005 0.068680
v -2.164630 2.299599 0.082645
v -2.190986 2.300822 0.079903
v -2.106104 2.333009 0.095902
v -2.074900 2.317553 0.088444
v -2.044955 2.335306 0.089221
v -2.075488 2.351228 0.094876
v -2.075187 2.334032 0.093268
v -2.136258 2.315196 -0.091851
v -2.105429 2.300597 -0.082671
v -2.135432 2.286184 -0.071797
v -2.164630 2.299599 -0.082645
v -2.135775 2.299576 -0.083493
v -2.218571 2.332411 -0.087218
v -2.237242 2.318002 -0.075133
v -2.258622 2.332670 -0.067902
v -2.241862 2.348324 -0.080402
v -2.240359 2.332685 -0.079006
v -2.193503 2.382605 -0.087940
v -2.215729 2.394762 -0.075357
v -2.192358 2.410407 -0.068681
v -2.166378 2.399713 -0.082645
v -2.192674 2.397571 -0.079904
v -2.106721 2.368366 -0.095902
v -2.076075 2.384902 -0.088444
v -2.045529 2.368204 -0.089222
v -2.075488 2.351228 -0.094876
v -2.075788 2.368422 -0.093268
v -1.864445 2.347793 -0.015972
v -1.874069 2.340481 -0.023634
v -1.880154 2.346983 -0.032008
v -1.869979 2.354815 -0.024144
v -1.871002 2.347535 -0.023978
v -1.864818 2.369142 -0.007985
v -1.874686 2.375799 -0.016000
v -1.880785 2.383157 -0.008587
v -1.870354 2.376330 -0.000000
v -1.871502 2.376162 -0.008147
v -1.864694 2.362024 0.015972
v -1.874567 2.368996 0.023634
v -1.880421 2.362286 0.032008
v -1.869979 2.354815 0.024144
v -1.871256 2.362054 0.023978
v -1.864321 2.340677 0.007985
v -1.873950 2.333678 0.015999
v -1.879789 2.326112 0.008586
v -1.869603 2.333300 -0.000000
v -1.870756 2.333427 0.008147
v -2.283042 2.331334 0.037082
v -2.267628 2.317471 0.051431
v -2.258622 2.332670 0.067901
v -2.274917 2.347747 0.054625
v -2.272854 2.332118 0.053666
v -2.283903 2.380643 0.018252
v -2.268958 2.393694 0.034106
v -2.259946 2.408533 0.017233
v -2.275767 2.396422 -0.000000
v -2.273962 2.395599 0.017573
v -2.283610 2.363864 -0.037082
v -2.268689 2.378256 -0.051431
v -2.259158 2.363382 -0.067902
v -2.274917 2.347747 -0.054625
v -2.273401 2.363436 -0.053666
v -2.282749 2.314556 -0.018253
v -2.267358 2.302034 -0.034107
v -2.257833 2.287519 -0.017233
v -2.274067 2.299070 -0.000000
v -2.272293 2.299955 -0.017573
v -1.997217 2.264795 -0.000000
v -2.007698 2.265914 0.015543
v -2.047524 2.259597 0.028930
v -2.101072 2.254415 0.031252
v -2.144764 2.252429 0.020933
v -2.155993 2.249447 -0.000000
v -2.144764 2.252429 -0.020934
v -2.101072 2.254415 -0.031252
v -2.047524 2.259597 -0.028931
v -2.007698 2.265914 -0.015543
v -2.000395 2.217102 -0.017147
v -2.150712 2.214463 0.023790
v -2.102880 2.215299 0.037798
v -2.163280 2.214240 -0.000000
v -2.150712 2.214463 -0.023790
v -1.988727 2.217304 -0.000000
v -2.000395 2.217102 0.017147
v -2.044048 2.216332 0.034957
v -2.102880 2.215299 -0.037798
v -2.044048 2.216332 -0.034957
v -1.990989 2.418540 0.031581
v -1.908259 2.395183 0.020597
v -1.944188 2.407420 0.026066
v -1.908259 2.395183 -0.020598
v -1.906541 2.397602 -0.000000
v -1.990989 2.418540 -0.031582
v -1.991023 2.423309 -0.000000
v -1.944188 2.407420 -0.026066
v -1.989349 2.324580 0.073860
v -1.907223 2.335804 0.046038
v -1.942842 2.330308 0.060470
v -1.907863 2.372514 0.046038
v -1.910149 2.387158 0.037072
v -1.905783 2.354190 0.048718
v -1.990332 2.380864 0.073860
v -1.989791 2.352724 0.079212
v -1.943653 2.376763 0.060470
v -1.990799 2.404202 0.057772
v -1.989616 2.285393 -0.030644
v -1.906827 2.313134 -0.020598
v -1.942307 2.299651 -0.026066
v -1.906827 2.313134 0.020597
v -1.908996 2.321089 0.037072
v -1.905026 2.310776 -0.000000
v -1.989616 2.285393 0.030644
v -1.983216 2.282074 -0.000000
v -1.942307 2.299651 0.026066
v -1.989002 2.301240 0.057772
v -1.990332 2.380864 -0.073861
v -1.990799 2.404202 -0.057772
v -1.907863 2.372514 -0.046038
v -1.943653 2.376763 -0.060470
v -1.910149 2.387158 -0.037072
v -1.907223 2.335804 -0.046038
v -1.908996 2.321089 -0.037072
v -1.905783 2.354190 -0.048718
v -1.989349 2.324580 -0.073861
v -1.989791 2.352724 -0.079212
v -1.942842 2.330308 -0.060470
v -1.989002 2.301240 -0.057772
v -2.104340 2.269197 0.042448
v -2.044535 2.275704 0.039474
v -2.215709 2.275043 0.035781
v -2.163712 2.267017 0.037924
v -2.215709 2.275043 -0.035781
v -2.218345 2.269627 -0.000000
v -2.104340 2.269197 -0.042448
v -2.044535 2.275704 -0.039475
v -2.104169 2.215270 -0.000000
v -2.163712 2.267017 -0.037925
v -2.107768 2.431725 -0.038853
v -2.046558 2.427148 -0.036150
v -2.218283 2.422472 -0.035781
v -2.167468 2.430677 -0.038822
v -2.218283 2.422472 0.035781
v -2.221106 2.427792 -0.000000
v -2.107768 2.431725 0.038853
v -2.046558 2.427148 0.036150
v -2.107960 2.437619 -0.000000
v -2.167468 2.430677 0.038822
v -2.106957 2.385311 0.090940
v -2.107378 2.414043 0.071095
v -2.045805 2.383969 0.084606
v -2.217552 2.380642 0.082722
v -2.166657 2.384241 0.090932
v -2.214858 2.406746 0.065014
v -2.216439 2.316873 0.082722
v -2.212835 2.290879 0.065014
v -2.219726 2.348710 0.088747
v -2.105749 2.316066 0.090940
v -2.044680 2.319542 0.084606
v -2.106442 2.350688 0.097556
v -2.165450 2.315052 0.090932
v -2.105167 2.287337 0.071095
v -2.105749 2.316066 -0.090940
v -2.105167 2.287337 -0.071095
v -2.044680 2.319542 -0.084607
v -2.216439 2.316873 -0.082723
v -2.165450 2.315052 -0.090933
v -2.212835 2.290879 -0.065014
v -2.217552 2.380642 -0.082723
v -2.214858 2.406746 -0.065014
v -2.219726 2.348710 -0.088747
v -2.106957 2.385311 -0.090940
v -2.045805 2.383969 -0.084607
v -2.106442 2.350688 -0.097557
v -2.166657 2.384241 -0.090933
v -2.107378 2.414043 -0.071095
v -1.868022 2.340686 -0.015890
v -1.882567 2.339726 -0.031229
v -1.882341 2.326762 -0.016681
v -1.868516 2.369004 -0.015890
v -1.883312 2.382418 -0.016681
v -1.863320 2.354931 -0.016062
v -1.883086 2.369454 -0.031229
v -1.868516 2.369004 0.015889
v -1.883086 2.369454 0.031228
v -1.863570 2.369244 -0.000000
v -1.883312 2.382418 0.016681
v -1.868022 2.340686 0.015889
v -1.882341 2.326762 0.016681
v -1.863070 2.340618 -0.000000
v -1.863320 2.354931 0.016062
v -1.882567 2.339726 0.031228
v -2.277022 2.315911 0.035674
v -2.254423 2.318436 0.064819
v -2.253932 2.290334 0.033283
v -2.278131 2.379488 0.035674
v -2.255949 2.405855 0.033283
v -2.285275 2.347566 0.037746
v -2.255458 2.377754 0.064819
v -2.278131 2.379488 -0.035674
v -2.255458 2.377754 -0.064819
v -2.285862 2.381201 -0.000000
v -2.255949 2.405855 -0.033283
v -2.277022 2.315911 -0.035674
v -2.253932 2.290334 -0.033283
v -2.284688 2.313930 -0.000000
v -2.285275 2.347566 -0.037747
v -2.254423 2.318436 -0.064819
v -1.943734 2.411169 -0.000000
v -1.944517 2.395891 0.047543
v -1.942728 2.353545 0.064667
v -1.943038 2.311161 0.047543
v -1.941722 2.295920 -0.000000
v -1.944517 2.395891 -0.047543
v -1.943038 2.311161 -0.047543
v -1.942728 2.353545 -0.064667
v -2.042068 2.216361 -0.000000
v -2.171356 2.261470 -0.000000
v -2.046654 2.432631 -0.000000
v -2.168391 2.436579 -0.000000
v -2.045242 2.351756 0.090760
v -2.166339 2.412980 0.071056
v -2.164128 2.286342 0.071056
v -2.166873 2.349633 0.097573
v -2.045242 2.351756 -0.090760
v -2.164128 2.286342 -0.071057
v -2.166339 2.412980 -0.071057
v -2.166873 2.349633 -0.097573
v -1.878785 2.325881 -0.000000
v -1.879287 2.354652 -0.032287
v -1.879789 2.383423 -0.000000
v -1.879287 2.354652 0.032287
v -1.857971 2.355025 -0.000000
v -2.259364 2.286416 -0.000000
v -2.260439 2.347999 0.069109
v -2.261514 2.409582 -0.000000
v -2.260439 2.347999 -0.069109
v -2.293604 2.347420 -0.000000
v -2.046271 2.410699 0.066147
v -2.044213 2.292812 0.066147
v -2.046271 2.410699 -0.066147
v -2.044213 2.292812 -0.066147
v -1.889568 2.328842 -0.028754
v -1.890463 2.380087 -0.028754
v -1.890463 2.380087 0.028754
v -1.889568 2.328842 0.028754
v -2.242879 2.298303 0.056096
v -2.244625 2.398277 0.056096
v -2.244625 2.398277 -0.056096
v -2.242879 2.298303 -0.056096

vt 0.279864 0.247668
vt 0.279173 0.246665
vt 0.279054 0.246722
vt 0.279734 0.247707
vt 0.278208 0.245804
vt 0.278104 0.245876
vt 0.277841 0.246059
vt 0.278722 0.246854
vt 0.279350 0.247791
vt 0.279864 0.249910
vt 0.279173 0.249910
vt 0.279054 0.250954
vt 0.279734 0.250995
vt 0.278208 0.249910
vt 0.278104 0.250934
vt 0.277841 0.251888
vt 0.278722 0.251937
vt 0.279350 0.252030
vt 0.279864 0.252153
vt 0.279173 0.253156
vt 0.279054 0.253099
vt 0.279734 0.252113
vt 0.278208 0.254016
vt 0.278104 0.253945
vt 0.277841 0.253762
vt 0.278722 0.252966
vt 0.279054 0.248866
vt 0.279734 0.248826
vt 0.278104 0.248886
vt 0.277841 0.247933
vt 0.278722 0.247884
vt 0.251729 0.248956
vt 0.252173 0.248476
vt 0.252250 0.248486
vt 0.251812 0.248961
vt 0.252794 0.247992
vt 0.252860 0.248008
vt 0.253030 0.248055
vt 0.252462 0.248506
vt 0.252059 0.248966
vt 0.251729 0.249910
vt 0.252173 0.249910
vt 0.252250 0.250394
vt 0.251812 0.250385
vt 0.252794 0.249910
vt 0.252860 0.250420
vt 0.253030 0.250901
vt 0.252462 0.250861
vt 0.252059 0.250854
vt 0.251729 0.250865
vt 0.252173 0.251345
vt 0.252250 0.251335
vt 0.251812 0.250859
vt 0.252794 0.251829
vt 0.252860 0.251812
vt 0.253030 0.251766
vt 0.252462 0.251315
vt 0.252250 0.249426
vt 0.251812 0.249436
vt 0.252860 0.249400
vt 0.253030 0.248919
vt 0.252462 0.248960
vt 0.267940 0.249910
vt 0.265876 0.249910
vt 0.265876 0.251057
vt 0.267938 0.251089
vt 0.263859 0.249910
vt 0.263859 0.251007
vt 0.263859 0.252058
vt 0.265876 0.252156
vt 0.267934 0.252219
vt 0.271914 0.252217
vt 0.271878 0.253248
vt 0.273633 0.253136
vt 0.273706 0.252139
vt 0.271860 0.254132
vt 0.273597 0.253991
vt 0.275101 0.253773
vt 0.275173 0.252975
vt 0.275311 0.252036
vt 0.275493 0.249910
vt 0.276969 0.249910
vt 0.276887 0.248866
vt 0.275435 0.248822
vt 0.276696 0.247884
vt 0.275311 0.247784
vt 0.271914 0.247604
vt 0.271878 0.246573
vt 0.269954 0.246537
vt 0.269968 0.247579
vt 0.271860 0.245688
vt 0.269947 0.245644
vt 0.267928 0.245686
vt 0.267930 0.246570
vt 0.267934 0.247602
vt 0.265876 0.248764
vt 0.267938 0.248731
vt 0.263859 0.248814
vt 0.263859 0.247762
vt 0.265876 0.247665
vt 0.273633 0.246685
vt 0.273706 0.247681
vt 0.273597 0.245830
vt 0.275101 0.246047
vt 0.275173 0.246845
vt 0.276887 0.250954
vt 0.275435 0.250998
vt 0.276696 0.251937
vt 0.269954 0.253283
vt 0.269968 0.252241
vt 0.269947 0.254176
vt 0.267928 0.254134
vt 0.267930 0.253250
vt 0.267940 0.255707
vt 0.265876 0.255547
vt 0.265876 0.255452
vt 0.267938 0.255608
vt 0.263859 0.255303
vt 0.263859 0.255211
vt 0.263859 0.254937
vt 0.265876 0.255165
vt 0.267934 0.255314
vt 0.271914 0.255313
vt 0.271878 0.254821
vt 0.273633 0.254658
vt 0.273706 0.255135
vt 0.275173 0.254388
vt 0.275311 0.254825
vt 0.275493 0.255183
vt 0.276969 0.254687
vt 0.276887 0.254604
vt 0.275435 0.255092
vt 0.276696 0.254374
vt 0.269954 0.254871
vt 0.269968 0.255368
vt 0.267930 0.254822
vt 0.261456 0.244145
vt 0.261117 0.244897
vt 0.262348 0.244708
vt 0.262586 0.243990
vt 0.260228 0.245422
vt 0.262048 0.245124
vt 0.263900 0.244840
vt 0.264026 0.244436
vt 0.264118 0.243770
vt 0.271854 0.244400
vt 0.271878 0.245000
vt 0.273633 0.245163
vt 0.273706 0.244685
vt 0.275173 0.245433
vt 0.275311 0.244995
vt 0.275493 0.244637
vt 0.276969 0.245133
vt 0.276887 0.245216
vt 0.275435 0.244728
vt 0.276696 0.245446
vt 0.269954 0.244949
vt 0.269868 0.244424
vt 0.267930 0.244998
vt 0.267894 0.244476
vt 0.260162 0.249910
vt 0.261948 0.249910
vt 0.261948 0.248877
vt 0.260163 0.248952
vt 0.261948 0.247888
vt 0.260165 0.248034
vt 0.257058 0.248362
vt 0.257082 0.247672
vt 0.255822 0.247918
vt 0.255775 0.248529
vt 0.257094 0.247085
vt 0.255846 0.247401
vt 0.254813 0.247708
vt 0.254766 0.248151
vt 0.254678 0.248686
vt 0.254560 0.249910
vt 0.253590 0.249910
vt 0.253642 0.250470
vt 0.254598 0.250537
vt 0.253765 0.250998
vt 0.254678 0.251134
vt 0.257058 0.251459
vt 0.257082 0.252148
vt 0.258538 0.252392
vt 0.258528 0.251626
vt 0.257094 0.252735
vt 0.258542 0.253047
vt 0.260169 0.253343
vt 0.260168 0.252625
vt 0.260165 0.251787
vt 0.260759 0.244058
vt 0.260524 0.244791
vt 0.260602 0.244864
vt 0.260896 0.244117
vt 0.259806 0.245193
vt 0.259826 0.245270
vt 0.257058 0.246317
vt 0.257082 0.246635
vt 0.255822 0.247012
vt 0.255775 0.246742
vt 0.254766 0.247388
vt 0.254678 0.247175
vt 0.254560 0.247016
vt 0.253590 0.247503
vt 0.253642 0.247530
vt 0.254598 0.247054
vt 0.253765 0.247612
vt 0.258538 0.246267
vt 0.258528 0.245906
vt 0.258542 0.246774
vt 0.260169 0.246478
vt 0.260168 0.245920
vt 0.261948 0.250943
vt 0.260163 0.250868
vt 0.261948 0.251933
vt 0.255822 0.251903
vt 0.255775 0.251291
vt 0.255846 0.252419
vt 0.254813 0.252113
vt 0.254766 0.251670
vt 0.253642 0.249350
vt 0.254598 0.249283
vt 0.253765 0.248822
vt 0.258538 0.247428
vt 0.258528 0.248194
vt 0.260168 0.247196
vt 0.260162 0.254617
vt 0.261948 0.254988
vt 0.261948 0.254902
vt 0.260163 0.254537
vt 0.261948 0.254644
vt 0.260165 0.254299
vt 0.257058 0.253503
vt 0.257082 0.253186
vt 0.255822 0.252809
vt 0.255775 0.253079
vt 0.254766 0.252433
vt 0.254678 0.252646
vt 0.254560 0.252805
vt 0.253590 0.252317
vt 0.253642 0.252291
vt 0.254598 0.252767
vt 0.253765 0.252209
vt 0.258538 0.253554
vt 0.258528 0.253914
vt 0.260168 0.253901
vt 0.277095 0.246577
vt 0.277463 0.247120
vt 0.278206 0.247025
vt 0.277463 0.246321
vt 0.280280 0.249910
vt 0.280143 0.248785
vt 0.280419 0.249910
vt 0.280280 0.248765
vt 0.277095 0.253243
vt 0.277463 0.253499
vt 0.278206 0.252795
vt 0.277463 0.252701
vt 0.280280 0.251055
vt 0.280143 0.251035
vt 0.253509 0.248202
vt 0.253272 0.248497
vt 0.252794 0.248528
vt 0.253272 0.248127
vt 0.251462 0.249910
vt 0.251550 0.249436
vt 0.251372 0.249910
vt 0.251462 0.249434
vt 0.253509 0.251619
vt 0.253272 0.251693
vt 0.252794 0.251292
vt 0.253272 0.251324
vt 0.251462 0.250387
vt 0.251550 0.250385
vt 0.263859 0.253840
vt 0.265876 0.254019
vt 0.265876 0.253159
vt 0.263859 0.253018
vt 0.271950 0.251088
vt 0.269983 0.251101
vt 0.271969 0.249910
vt 0.269990 0.249910
vt 0.276451 0.252795
vt 0.276314 0.253499
vt 0.273815 0.249910
vt 0.273778 0.251048
vt 0.276314 0.246321
vt 0.276451 0.247025
vt 0.271950 0.248732
vt 0.273778 0.248772
vt 0.263859 0.245980
vt 0.263859 0.246803
vt 0.265876 0.246662
vt 0.265876 0.245802
vt 0.269983 0.248720
vt 0.265876 0.254687
vt 0.263859 0.254480
vt 0.271950 0.255609
vt 0.269983 0.255666
vt 0.271969 0.255708
vt 0.269990 0.255765
vt 0.276451 0.254016
vt 0.273815 0.255518
vt 0.273778 0.255422
vt 0.265876 0.245133
vt 0.263859 0.245340
vt 0.265877 0.244619
vt 0.270608 0.243405
vt 0.270940 0.243988
vt 0.269582 0.244038
vt 0.269351 0.243446
vt 0.267780 0.244088
vt 0.267694 0.243487
vt 0.276451 0.245805
vt 0.273815 0.244302
vt 0.273778 0.244398
vt 0.272370 0.244039
vt 0.272332 0.244135
vt 0.271360 0.243220
vt 0.271598 0.243759
vt 0.271510 0.243850
vt 0.271218 0.243293
vt 0.265882 0.244225
vt 0.265885 0.243598
vt 0.261948 0.246209
vt 0.261948 0.246984
vt 0.257035 0.249119
vt 0.258519 0.249034
vt 0.257024 0.249910
vt 0.258514 0.249910
vt 0.253923 0.248357
vt 0.254010 0.247990
vt 0.255705 0.249910
vt 0.255728 0.249204
vt 0.254010 0.251831
vt 0.253923 0.251463
vt 0.257035 0.250702
vt 0.255728 0.250617
vt 0.261948 0.252837
vt 0.261948 0.253611
vt 0.258519 0.250787
vt 0.261948 0.245607
vt 0.257035 0.246130
vt 0.258519 0.245691
vt 0.257024 0.246068
vt 0.258514 0.245620
vt 0.253923 0.247753
vt 0.255705 0.246535
vt 0.255728 0.246585
vt 0.261948 0.254214
vt 0.257035 0.253691
vt 0.258519 0.254129
vt 0.257024 0.253752
vt 0.258514 0.254200
vt 0.253923 0.252067
vt 0.255705 0.253285
vt 0.255728 0.253235
vt 0.262504 0.242604
vt 0.261352 0.242689
vt 0.264064 0.242481
vt 0.263937 0.240882
vt 0.262262 0.240882
vt 0.261026 0.240883
vt 0.267860 0.240882
vt 0.265875 0.240882
vt 0.265882 0.242386
vt 0.267742 0.242324
vt 0.271049 0.240882
vt 0.269672 0.240882
vt 0.269434 0.242302
vt 0.270718 0.242279
vt 0.271887 0.240881
vt 0.271724 0.240881
vt 0.271362 0.242217
vt 0.271524 0.242176
vt 0.260248 0.240882
vt 0.260406 0.240883
vt 0.260759 0.242674
vt 0.260602 0.242641
vt 0.263711 0.238781
vt 0.261852 0.238782
vt 0.260481 0.238782
vt 0.268066 0.238781
vt 0.265863 0.238781
vt 0.271606 0.238781
vt 0.270078 0.238781
vt 0.272536 0.238781
vt 0.272355 0.238781
vt 0.259617 0.238782
vt 0.259791 0.238782
vt 0.260030 0.213447
vt 0.259339 0.214450
vt 0.259219 0.214393
vt 0.259899 0.213408
vt 0.258373 0.215311
vt 0.258270 0.215239
vt 0.258007 0.215056
vt 0.258889 0.214260
vt 0.259516 0.213324
vt 0.260030 0.211204
vt 0.259339 0.211204
vt 0.259219 0.210160
vt 0.259899 0.210120
vt 0.258373 0.211204
vt 0.258270 0.210180
vt 0.258007 0.209227
vt 0.258889 0.209178
vt 0.259516 0.209085
vt 0.260030 0.208962
vt 0.259339 0.207959
vt 0.259219 0.208016
vt 0.259899 0.209001
vt 0.258373 0.207098
vt 0.258270 0.207170
vt 0.258007 0.207353
vt 0.258889 0.208149
vt 0.259219 0.212248
vt 0.259899 0.212289
vt 0.258270 0.212228
vt 0.258007 0.213182
vt 0.258889 0.213231
vt 0.231895 0.212159
vt 0.232339 0.212639
vt 0.232416 0.212629
vt 0.231979 0.212153
vt 0.232959 0.213123
vt 0.233026 0.213106
vt 0.233195 0.213060
vt 0.232629 0.212609
vt 0.232225 0.212148
vt 0.231895 0.211204
vt 0.232339 0.211204
vt 0.232416 0.210720
vt 0.231979 0.210730
vt 0.232959 0.211204
vt 0.233026 0.210694
vt 0.233195 0.210213
vt 0.232629 0.210254
vt 0.232225 0.210260
vt 0.231895 0.210250
vt 0.232339 0.209770
vt 0.232416 0.209780
vt 0.231979 0.210255
vt 0.232959 0.209286
vt 0.233026 0.209302
vt 0.233195 0.209349
vt 0.232629 0.209800
vt 0.232416 0.211688
vt 0.231979 0.211679
vt 0.233026 0.211715
vt 0.233195 0.212195
vt 0.232629 0.212155
vt 0.248105 0.211204
vt 0.246041 0.211204
vt 0.246041 0.210058
vt 0.248103 0.210026
vt 0.244025 0.211204
vt 0.244025 0.210108
vt 0.244025 0.209056
vt 0.246041 0.208959
vt 0.248100 0.208896
vt 0.252080 0.208898
vt 0.252044 0.207867
vt 0.253799 0.207979
vt 0.253872 0.208975
vt 0.252026 0.206982
vt 0.253763 0.207124
vt 0.255267 0.207341
vt 0.255339 0.208139
vt 0.255477 0.209078
vt 0.255659 0.211204
vt 0.257135 0.211204
vt 0.257053 0.212248
vt 0.255601 0.212292
vt 0.256862 0.213231
vt 0.255477 0.213330
vt 0.252080 0.213511
vt 0.252044 0.214542
vt 0.250120 0.214577
vt 0.250135 0.213535
vt 0.252026 0.215426
vt 0.250113 0.215470
vt 0.248095 0.215428
vt 0.248096 0.214544
vt 0.248100 0.213513
vt 0.246041 0.212351
vt 0.248103 0.212383
vt 0.244025 0.212301
vt 0.244025 0.213352
vt 0.246041 0.213450
vt 0.253799 0.214430
vt 0.253872 0.213433
vt 0.253763 0.215285
vt 0.255267 0.215067
vt 0.255339 0.214269
vt 0.257053 0.210160
vt 0.255601 0.210117
vt 0.256862 0.209178
vt 0.250120 0.207832
vt 0.250135 0.208873
vt 0.250113 0.206939
vt 0.248095 0.206980
vt 0.248096 0.207864
vt 0.246500 0.197068
vt 0.245448 0.197068
vt 0.244025 0.205812
vt 0.244025 0.205903
vt 0.246041 0.205663
vt 0.244025 0.206177
vt 0.246041 0.205949
vt 0.248100 0.205801
vt 0.248103 0.205506
vt 0.252080 0.205802
vt 0.252044 0.206294
vt 0.253799 0.206457
vt 0.253872 0.205979
vt 0.255339 0.206727
vt 0.255477 0.206289
vt 0.255659 0.205931
vt 0.257135 0.206427
vt 0.257053 0.206510
vt 0.255601 0.206022
vt 0.256862 0.206740
vt 0.250120 0.206244
vt 0.250135 0.205747
vt 0.248096 0.206292
vt 0.241622 0.216970
vt 0.241283 0.216217
vt 0.242513 0.216407
vt 0.242752 0.217124
vt 0.240395 0.215693
vt 0.242214 0.215991
vt 0.244067 0.216274
vt 0.244191 0.216678
vt 0.244285 0.217345
vt 0.252020 0.216715
vt 0.252044 0.216115
vt 0.253799 0.215952
vt 0.253872 0.216429
vt 0.255339 0.215682
vt 0.255477 0.216119
vt 0.255659 0.216477
vt 0.257135 0.215981
vt 0.257053 0.215899
vt 0.255601 0.216386
vt 0.256862 0.215668
vt 0.250120 0.216165
vt 0.250034 0.216691
vt 0.248096 0.216116
vt 0.248061 0.216639
vt 0.240327 0.211204
vt 0.242115 0.211204
vt 0.242115 0.212237
vt 0.240329 0.212163
vt 0.242115 0.213227
vt 0.240331 0.213081
vt 0.237225 0.212753
vt 0.237248 0.213442
vt 0.235988 0.213197
vt 0.235941 0.212585
vt 0.237259 0.214029
vt 0.236011 0.213713
vt 0.234979 0.213407
vt 0.234932 0.212964
vt 0.234844 0.212428
vt 0.234727 0.211204
vt 0.233755 0.211204
vt 0.233809 0.210644
vt 0.234764 0.210577
vt 0.233931 0.210116
vt 0.234844 0.209981
vt 0.237225 0.209656
vt 0.237248 0.208966
vt 0.238704 0.208722
vt 0.238695 0.209488
vt 0.237259 0.208380
vt 0.238709 0.208068
vt 0.240335 0.207772
vt 0.240333 0.208490
vt 0.240331 0.209328
vt 0.240925 0.217057
vt 0.240689 0.216324
vt 0.240768 0.216251
vt 0.241063 0.216998
vt 0.239971 0.215921
vt 0.239992 0.215845
vt 0.237225 0.214797
vt 0.237248 0.214480
vt 0.235988 0.214103
vt 0.235941 0.214373
vt 0.234932 0.213727
vt 0.234844 0.213940
vt 0.234727 0.214099
vt 0.233755 0.213611
vt 0.233809 0.213585
vt 0.234764 0.214061
vt 0.233931 0.213503
vt 0.238704 0.214848
vt 0.238695 0.215208
vt 0.238709 0.214341
vt 0.240335 0.214637
vt 0.240333 0.215195
vt 0.242115 0.210171
vt 0.240329 0.210246
vt 0.242115 0.209182
vt 0.235988 0.209212
vt 0.235941 0.209823
vt 0.236011 0.208695
vt 0.234979 0.209002
vt 0.234932 0.209445
vt 0.233809 0.211764
vt 0.234764 0.211832
vt 0.233931 0.212292
vt 0.238704 0.213686
vt 0.238695 0.212920
vt 0.240333 0.213919
vt 0.240327 0.206498
vt 0.242115 0.206126
vt 0.242115 0.206212
vt 0.240329 0.206577
vt 0.242115 0.206471
vt 0.240331 0.206816
vt 0.237225 0.207612
vt 0.237248 0.207929
vt 0.235988 0.208306
vt 0.235941 0.208036
vt 0.234932 0.208682
vt 0.234844 0.208469
vt 0.234727 0.208310
vt 0.233755 0.208797
vt 0.233809 0.208824
vt 0.234764 0.208347
vt 0.233931 0.208906
vt 0.238704 0.207561
vt 0.238695 0.207200
vt 0.240333 0.207214
vt 0.257261 0.214537
vt 0.257629 0.213995
vt 0.258372 0.214090
vt 0.257629 0.214793
vt 0.260446 0.211204
vt 0.260309 0.212329
vt 0.260585 0.211204
vt 0.260446 0.212349
vt 0.257261 0.207871
vt 0.257629 0.207616
vt 0.258372 0.208319
vt 0.257629 0.208414
vt 0.260446 0.210059
vt 0.260309 0.210079
vt 0.233675 0.212913
vt 0.233438 0.212618
vt 0.232961 0.212587
vt 0.233438 0.212987
vt 0.231627 0.211204
vt 0.231715 0.211679
vt 0.231538 0.211204
vt 0.231627 0.211681
vt 0.233675 0.209496
vt 0.233438 0.209421
vt 0.232961 0.209822
vt 0.233438 0.209791
vt 0.231627 0.210728
vt 0.231715 0.210730
vt 0.244025 0.207274
vt 0.246041 0.207096
vt 0.246041 0.207956
vt 0.244025 0.208097
vt 0.252117 0.210027
vt 0.250149 0.210014
vt 0.252135 0.211204
vt 0.250156 0.211204
vt 0.256617 0.208319
vt 0.256481 0.207616
vt 0.253981 0.211204
vt 0.253945 0.210066
vt 0.256481 0.214793
vt 0.256617 0.214090
vt 0.252117 0.212382
vt 0.253945 0.212342
vt 0.244025 0.215135
vt 0.244025 0.214312
vt 0.246041 0.214453
vt 0.246041 0.215313
vt 0.250149 0.212395
vt 0.246041 0.206427
vt 0.244025 0.206634
vt 0.252117 0.205506
vt 0.250149 0.205449
vt 0.252135 0.205407
vt 0.247543 0.197068
vt 0.256617 0.207099
vt 0.253981 0.205596
vt 0.253945 0.205692
vt 0.244419 0.197069
vt 0.246041 0.215982
vt 0.244025 0.215774
vt 0.246043 0.216495
vt 0.250775 0.217709
vt 0.251106 0.217127
vt 0.249747 0.217077
vt 0.249517 0.217668
vt 0.247946 0.217027
vt 0.247859 0.217628
vt 0.256617 0.215310
vt 0.253981 0.216812
vt 0.253945 0.216716
vt 0.252537 0.217076
vt 0.252498 0.216979
vt 0.251527 0.217895
vt 0.251764 0.217355
vt 0.251676 0.217265
vt 0.251384 0.217821
vt 0.246048 0.216889
vt 0.246051 0.217516
vt 0.242115 0.214905
vt 0.242115 0.214131
vt 0.237201 0.211996
vt 0.238685 0.212081
vt 0.237189 0.211204
vt 0.238681 0.211204
vt 0.234089 0.212757
vt 0.234177 0.213125
vt 0.235871 0.211204
vt 0.235895 0.211911
vt 0.234177 0.209284
vt 0.234089 0.209652
vt 0.237201 0.210413
vt 0.235895 0.210498
vt 0.242115 0.208278
vt 0.242115 0.207503
vt 0.238685 0.210328
vt 0.242115 0.215508
vt 0.237201 0.214985
vt 0.238685 0.215423
vt 0.237189 0.215047
vt 0.238681 0.215495
vt 0.234089 0.213361
vt 0.235871 0.214579
vt 0.235895 0.214529
vt 0.242115 0.206901
vt 0.237201 0.207424
vt 0.238685 0.206985
vt 0.237189 0.207362
vt 0.238681 0.206914
vt 0.234089 0.209047
vt 0.235871 0.207829
vt 0.235895 0.207879
vt 0.242670 0.218511
vt 0.241518 0.218425
vt 0.244231 0.218633
vt 0.244103 0.220233
vt 0.242428 0.220232
vt 0.241193 0.220232
vt 0.248025 0.220233
vt 0.246041 0.220233
vt 0.246048 0.218728
vt 0.247909 0.218790
vt 0.251215 0.220233
vt 0.249839 0.220233
vt 0.249599 0.218813
vt 0.250884 0.218835
vt 0.252053 0.220233
vt 0.251890 0.220233
vt 0.251528 0.218897
vt 0.251689 0.218938
vt 0.240415 0.220232
vt 0.240571 0.220232
vt 0.240925 0.218441
vt 0.240768 0.218473
vt 0.243877 0.222333
vt 0.242018 0.222333
vt 0.240647 0.222333
vt 0.248231 0.222334
vt 0.246029 0.222333
vt 0.251771 0.222334
vt 0.250243 0.222334
vt 0.252701 0.222334
vt 0.252521 0.222334
vt 0.239783 0.222333
vt 0.239957 0.222333
vt 0.248555 0.197068
vt 0.246007 0.205161
vt 0.248010 0.205014
vt 0.249997 0.204960
vt 0.244048 0.205301
vt 0.251926 0.204920
vt 0.248728 0.197472
vt 0.247669 0.197474
vt 0.246577 0.197476
vt 0.245477 0.197484
vt 0.244400 0.197492
vt 0.254565 0.239933
vt 0.243594 0.252401
vt 0.243848 0.252401
vt 0.254920 0.239933
vt 0.232623 0.264869
vt 0.232776 0.264869
vt 0.232749 0.239933
vt 0.227968 0.252401
vt 0.227236 0.252401
vt 0.231728 0.239933
vt 0.223186 0.264869
vt 0.222745 0.264869
vt 0.231043 0.264869
vt 0.232162 0.264869
vt 0.242832 0.252401
vt 0.240978 0.252401
vt 0.253501 0.239933
vt 0.250914 0.239933
vt 0.228913 0.264869
vt 0.237451 0.252401
vt 0.226495 0.264869
vt 0.233446 0.252401
vt 0.240398 0.239933
vt 0.245989 0.239933
vt 0.235812 0.239933
vt 0.230162 0.252401
vt 0.224511 0.264869
vt 0.232975 0.265362
vt 0.233937 0.265390
vt 0.233937 0.264726
vt 0.232975 0.264675
vt 0.234833 0.265471
vt 0.234833 0.264875
vt 0.218769 0.265114
vt 0.219360 0.264675
vt 0.219360 0.264789
vt 0.218769 0.265194
vt 0.220129 0.264338
vt 0.220129 0.264478
vt 0.221025 0.264126
vt 0.221025 0.264282
vt 0.221987 0.264054
vt 0.221987 0.264215
vt 0.232975 0.264054
vt 0.232975 0.264215
vt 0.233937 0.264126
vt 0.233937 0.264282
vt 0.234833 0.264338
vt 0.234833 0.264478
vt 0.235602 0.264675
vt 0.235602 0.264789
vt 0.236193 0.265114
vt 0.236193 0.265194
vt 0.236564 0.265625
vt 0.236564 0.265666
vt 0.236691 0.266173
vt 0.235602 0.265600
vt 0.235602 0.265114
vt 0.236193 0.265768
vt 0.236193 0.265424
vt 0.219360 0.265114
vt 0.218769 0.265424
vt 0.220129 0.264875
vt 0.221025 0.264726
vt 0.221987 0.264675
vt 0.236564 0.265785
vt 0.236564 0.265963
vt 0.219360 0.265600
vt 0.218769 0.265768
vt 0.220129 0.265471
vt 0.221025 0.265390
vt 0.221987 0.265362
vt 0.219360 0.266173
vt 0.218769 0.266173
vt 0.220129 0.266173
vt 0.221025 0.266173
vt 0.221987 0.266173
vt 0.232975 0.266173
vt 0.233937 0.266173
vt 0.234833 0.266173
vt 0.235602 0.266173
vt 0.236193 0.266173
vt 0.236564 0.266173
vt 0.219360 0.266747
vt 0.218769 0.266579
vt 0.220129 0.266876
vt 0.221025 0.266957
vt 0.221987 0.266984
vt 0.232975 0.266984
vt 0.233937 0.266957
vt 0.234833 0.266876
vt 0.235602 0.266747
vt 0.236193 0.266579
vt 0.236564 0.266383
vt 0.219360 0.267233
vt 0.218769 0.266923
vt 0.220129 0.267471
vt 0.221025 0.267621
vt 0.221987 0.267672
vt 0.232975 0.267672
vt 0.233937 0.267621
vt 0.234833 0.267471
vt 0.235602 0.267233
vt 0.236193 0.266923
vt 0.236564 0.266561
vt 0.219360 0.267558
vt 0.218769 0.267152
vt 0.220129 0.267869
vt 0.221025 0.268065
vt 0.221987 0.268131
vt 0.232975 0.268131
vt 0.233937 0.268065
vt 0.234833 0.267869
vt 0.235602 0.267558
vt 0.236193 0.267152
vt 0.236564 0.266680
vt 0.219360 0.267672
vt 0.218769 0.267233
vt 0.220129 0.268009
vt 0.221025 0.268220
vt 0.221987 0.268293
vt 0.232975 0.268293
vt 0.233937 0.268220
vt 0.234833 0.268009
vt 0.235602 0.267672
vt 0.236193 0.267233
vt 0.236564 0.266722
vt 0.203884 0.266172
vt 0.204060 0.265618
vt 0.204060 0.265660
vt 0.204574 0.265198
vt 0.204574 0.265272
vt 0.204060 0.265780
vt 0.204574 0.265483
vt 0.204060 0.265960
vt 0.204574 0.265799
vt 0.204060 0.266172
vt 0.204574 0.266172
vt 0.204060 0.266384
vt 0.204574 0.266544
vt 0.204060 0.266563
vt 0.204574 0.266860
vt 0.204060 0.266683
vt 0.204574 0.267071
vt 0.204060 0.266726
vt 0.204574 0.267145
vt 0.205212 0.266172
vt 0.205212 0.265763
vt 0.205212 0.265416
vt 0.205212 0.265184
vt 0.205212 0.265102
vt 0.205212 0.266581
vt 0.205212 0.266928
vt 0.205212 0.267160
vt 0.205212 0.267242
vt 0.362225 0.224868
vt 0.362635 0.224687
vt 0.362635 0.224608
vt 0.362225 0.224765
vt 0.362909 0.224417
vt 0.362909 0.224374
vt 0.363005 0.224098
vt 0.362635 0.224098
vt 0.362909 0.224098
vt 0.362909 0.223939
vt 0.362635 0.223803
vt 0.329852 0.222110
vt 0.319894 0.222110
vt 0.319894 0.221802
vt 0.329852 0.221802
vt 0.361741 0.223265
vt 0.362225 0.223328
vt 0.362225 0.223431
vt 0.361741 0.223376
vt 0.362635 0.223509
vt 0.362635 0.223588
vt 0.362909 0.223779
vt 0.362909 0.223822
vt 0.329852 0.225246
vt 0.319894 0.225246
vt 0.319894 0.226087
vt 0.329852 0.226087
vt 0.329852 0.222950
vt 0.319894 0.222950
vt 0.362225 0.223713
vt 0.361741 0.223681
vt 0.361741 0.224820
vt 0.362225 0.224483
vt 0.361741 0.224515
vt 0.362635 0.224393
vt 0.362909 0.224258
vt 0.329852 0.224098
vt 0.319894 0.224098
vt 0.362225 0.224098
vt 0.361741 0.224098
vt 0.329852 0.226394
vt 0.319894 0.226395
vt 0.361741 0.224931
vt 0.333297 0.223404
vt 0.333297 0.224098
vt 0.333297 0.224793
vt 0.333297 0.225301
vt 0.333297 0.225487
vt 0.333297 0.222895
vt 0.333297 0.222709
vt 0.348572 0.224098
vt 0.350793 0.224098
vt 0.350793 0.223681
vt 0.348572 0.223404
vt 0.348572 0.224793
vt 0.350793 0.224515
vt 0.348572 0.225301
vt 0.350793 0.224820
vt 0.348572 0.225487
vt 0.350793 0.224931
vt 0.348572 0.222895
vt 0.350793 0.223376
vt 0.348572 0.222709
vt 0.350793 0.223265
vt 0.078953 0.234396
vt 0.078953 0.240775
vt 0.079734 0.240775
vt 0.079734 0.234396
vt 0.076817 0.234396
vt 0.076817 0.240775
vt 0.073900 0.234396
vt 0.073900 0.240775
vt 0.070983 0.234396
vt 0.070983 0.240775
vt 0.068847 0.234396
vt 0.068847 0.240775
vt 0.068066 0.234396
vt 0.068066 0.240775
vt 0.039633 0.234396
vt 0.039633 0.240775
vt 0.040415 0.240775
vt 0.040415 0.234396
vt 0.037498 0.234396
vt 0.037498 0.240775
vt 0.034581 0.234396
vt 0.034581 0.240775
vt 0.031663 0.234396
vt 0.031663 0.240775
vt 0.029528 0.234396
vt 0.029528 0.240775
vt 0.028746 0.234396
vt 0.028746 0.240775
vt 0.135391 0.233816
vt 0.135391 0.240195
vt 0.136172 0.240195
vt 0.136172 0.233816
vt 0.133255 0.233816
vt 0.133255 0.240195
vt 0.130338 0.233816
vt 0.130338 0.240195
vt 0.127421 0.233816
vt 0.127421 0.240195
vt 0.125285 0.233816
vt 0.125285 0.240195
vt 0.124504 0.233816
vt 0.124504 0.240195
vt 0.169393 0.233816
vt 0.169393 0.240195
vt 0.170174 0.240195
vt 0.170174 0.233816
vt 0.167257 0.233816
vt 0.167257 0.240195
vt 0.164340 0.233816
vt 0.164340 0.240195
vt 0.161423 0.233816
vt 0.161423 0.240195
vt 0.159287 0.233816
vt 0.159287 0.240195
vt 0.158505 0.233816
vt 0.158505 0.240195
vt 0.133557 0.202358
vt 0.133380 0.202390
vt 0.133380 0.202604
vt 0.133557 0.202561
vt 0.135945 0.201602
vt 0.135966 0.201653
vt 0.135964 0.201687
vt 0.135945 0.201654
vt 0.133649 0.202319
vt 0.133649 0.202508
vt 0.135484 0.201385
vt 0.135372 0.201382
vt 0.135372 0.201799
vt 0.135484 0.201799
vt 0.134668 0.201799
vt 0.134955 0.201799
vt 0.134955 0.201382
vt 0.134668 0.201382
vt 0.135203 0.201382
vt 0.135203 0.201799
vt 0.135559 0.201394
vt 0.135559 0.201799
vt 0.135686 0.202155
vt 0.135619 0.202185
vt 0.135619 0.202326
vt 0.135686 0.202284
vt 0.135619 0.201799
vt 0.135619 0.201413
vt 0.135484 0.202213
vt 0.135559 0.202204
vt 0.131236 0.202648
vt 0.131138 0.202648
vt 0.131138 0.202422
vt 0.131236 0.202422
vt 0.131056 0.202655
vt 0.130983 0.202676
vt 0.130928 0.202464
vt 0.131042 0.202432
vt 0.130748 0.202543
vt 0.130925 0.202715
vt 0.135945 0.201944
vt 0.135964 0.201911
vt 0.135966 0.201799
vt 0.135945 0.201799
vt 0.135203 0.202368
vt 0.134955 0.202368
vt 0.134955 0.202216
vt 0.135203 0.202216
vt 0.131032 0.201176
vt 0.131138 0.201176
vt 0.131138 0.201799
vt 0.131033 0.201801
vt 0.131236 0.201176
vt 0.131236 0.201799
vt 0.135753 0.202230
vt 0.135816 0.202170
vt 0.135816 0.202071
vt 0.135753 0.202115
vt 0.134126 0.201799
vt 0.134378 0.201799
vt 0.134378 0.202216
vt 0.134126 0.202216
vt 0.134126 0.201230
vt 0.133947 0.201230
vt 0.133947 0.201382
vt 0.134126 0.201382
vt 0.135372 0.202216
vt 0.133829 0.201226
vt 0.133757 0.201212
vt 0.133757 0.201369
vt 0.133829 0.201378
vt 0.135980 0.201702
vt 0.135973 0.201713
vt 0.135980 0.201799
vt 0.134126 0.202368
vt 0.133947 0.202368
vt 0.133947 0.202216
vt 0.134668 0.202216
vt 0.130885 0.201176
vt 0.130890 0.201806
vt 0.130674 0.201809
vt 0.130667 0.201176
vt 0.135914 0.201548
vt 0.135914 0.201615
vt 0.133829 0.202372
vt 0.133757 0.202386
vt 0.133757 0.202229
vt 0.133829 0.202219
vt 0.135973 0.201885
vt 0.135203 0.201230
vt 0.135372 0.201230
vt 0.131511 0.201176
vt 0.131355 0.201176
vt 0.131355 0.201799
vt 0.131511 0.201799
vt 0.135484 0.201234
vt 0.135559 0.201247
vt 0.131138 0.200950
vt 0.131032 0.200950
vt 0.131236 0.200950
vt 0.133716 0.201186
vt 0.133716 0.201350
vt 0.130885 0.200950
vt 0.133691 0.202280
vt 0.133716 0.202248
vt 0.133716 0.202412
vt 0.133691 0.202456
vt 0.135619 0.201272
vt 0.130667 0.200950
vt 0.135872 0.201490
vt 0.135872 0.201572
vt 0.134955 0.201230
vt 0.131355 0.202422
vt 0.134668 0.201230
vt 0.134378 0.201230
vt 0.134378 0.201382
vt 0.131511 0.202422
vt 0.133947 0.201799
vt 0.133829 0.201799
vt 0.133757 0.201799
vt 0.135914 0.201799
vt 0.135914 0.201983
vt 0.135872 0.202026
vt 0.135872 0.201799
vt 0.135372 0.202368
vt 0.135484 0.202364
vt 0.135559 0.202351
vt 0.133716 0.201799
vt 0.135686 0.201799
vt 0.135945 0.201996
vt 0.135966 0.201945
vt 0.135753 0.201799
vt 0.129325 0.205259
vt 0.129325 0.204356
vt 0.129976 0.204356
vt 0.129976 0.205259
vt 0.129325 0.203644
vt 0.129976 0.203644
vt 0.135980 0.201897
vt 0.129325 0.206289
vt 0.129976 0.206289
vt 0.135914 0.202050
vt 0.129976 0.207383
vt 0.129325 0.207383
vt 0.131990 0.202648
vt 0.131718 0.202648
vt 0.131718 0.202422
vt 0.131990 0.202422
vt 0.130627 0.205259
vt 0.130627 0.206289
vt 0.130627 0.207383
vt 0.133691 0.201317
vt 0.133649 0.201279
vt 0.133649 0.201799
vt 0.133691 0.201799
vt 0.131511 0.202648
vt 0.131355 0.202648
vt 0.135872 0.202108
vt 0.130627 0.204356
vt 0.130627 0.203644
vt 0.135816 0.201799
vt 0.135816 0.201527
vt 0.135753 0.201483
vt 0.131718 0.201799
vt 0.131990 0.201799
vt 0.131990 0.201176
vt 0.131718 0.201176
vt 0.133557 0.201799
vt 0.129089 0.204356
vt 0.129089 0.205259
vt 0.129089 0.203644
vt 0.133380 0.201799
vt 0.133557 0.201240
vt 0.135686 0.201443
vt 0.135753 0.201368
vt 0.135816 0.201428
vt 0.133380 0.201208
vt 0.129089 0.206289
vt 0.129089 0.207383
vt 0.134668 0.202368
vt 0.129976 0.203186
vt 0.130627 0.203186
vt 0.130638 0.202906
vt 0.129978 0.202897
vt 0.130669 0.202726
vt 0.129987 0.202475
vt 0.129983 0.202690
vt 0.129325 0.202469
vt 0.129325 0.202686
vt 0.129325 0.202896
vt 0.129325 0.203186
vt 0.133649 0.201090
vt 0.133691 0.201142
vt 0.129089 0.203186
vt 0.129089 0.202896
vt 0.129089 0.202469
vt 0.129089 0.202686
vt 0.130864 0.203186
vt 0.130864 0.203644
vt 0.130870 0.202920
vt 0.130889 0.202780
vt 0.133557 0.201037
vt 0.134378 0.202368
vt 0.133380 0.200993
vt 0.129997 0.201196
vt 0.129494 0.201338
vt 0.129367 0.201216
vt 0.129986 0.200976
vt 0.129346 0.201820
vt 0.129116 0.201809
vt 0.135686 0.201314
vt 0.131718 0.200950
vt 0.131511 0.200950
vt 0.129984 0.201808
vt 0.131990 0.200950
vt 0.135990 0.201799
vt 0.131355 0.200950
vt 0.130864 0.204356
vt 0.130864 0.205259
vt 0.132342 0.202648
vt 0.132342 0.202422
vt 0.132723 0.202419
vt 0.132723 0.202644
vt 0.130864 0.206289
vt 0.133086 0.202409
vt 0.133086 0.202631
vt 0.132342 0.201799
vt 0.132342 0.201176
vt 0.132723 0.201179
vt 0.132723 0.201799
vt 0.133086 0.201189
vt 0.133086 0.201799
vt 0.130864 0.207383
vt 0.132342 0.200950
vt 0.132723 0.200954
vt 0.133086 0.200967

vn -0.876337 -0.481698 0.000008
vn -0.737004 -0.675889 0.000013
vn -0.719214 -0.665487 -0.199644
vn -0.853711 -0.476701 -0.209603
vn -0.560236 -0.828333 0.000007
vn -0.550177 -0.814015 -0.186239
vn -0.524045 -0.776798 -0.349230
vn -0.671891 -0.638852 -0.374742
vn -0.791026 -0.462313 -0.400680
vn -0.904448 -0.015783 -0.426292
vn -0.783939 -0.013677 -0.620688
vn -0.763921 0.219203 -0.606938
vn -0.879952 0.223100 -0.419417
vn -0.617535 -0.010772 -0.786469
vn -0.605742 0.211990 -0.766901
vn -0.569850 0.399666 -0.718009
vn -0.705720 0.416812 -0.572911
vn -0.806673 0.434440 -0.400676
vn -0.892617 0.450816 -0.000002
vn -0.760147 0.649751 -0.000001
vn -0.742002 0.639975 0.199662
vn -0.869824 0.446623 0.209606
vn -0.588811 0.808271 -0.000001
vn -0.578270 0.794299 0.186260
vn -0.550858 0.758020 0.349230
vn -0.693781 0.615016 0.374731
vn -0.806675 0.434438 0.400674
vn -0.904446 -0.015783 0.426296
vn -0.783937 -0.013677 0.620690
vn -0.755810 -0.245720 0.606938
vn -0.871633 -0.253666 0.419416
vn -0.617535 -0.010772 0.786470
vn -0.597974 -0.232993 0.766904
vn -0.555548 -0.419315 0.718012
vn -0.690742 -0.441187 0.572913
vn -0.791026 -0.462321 0.400671
vn 0.820486 -0.571666 -0.000000
vn 0.691161 -0.722701 -0.000003
vn 0.682351 -0.702306 0.202886
vn 0.798351 -0.549034 0.247381
vn 0.585872 -0.810403 -0.000001
vn 0.583576 -0.794256 0.169105
vn 0.577364 -0.749292 0.324365
vn 0.658992 -0.649012 0.380149
vn 0.743715 -0.492462 0.452072
vn 0.839703 0.014669 0.542848
vn 0.718896 0.012557 0.695004
vn 0.699281 0.250292 0.669597
vn 0.803390 0.297124 0.516025
vn 0.615483 0.010750 0.788077
vn 0.605298 0.212788 0.767030
vn 0.584996 0.390848 0.710646
vn 0.657316 0.448081 0.605937
vn 0.726061 0.518120 0.452093
vn 0.800036 0.599951 0.000000
vn 0.665498 0.746400 0.000001
vn 0.657400 0.725710 -0.202904
vn 0.778698 0.576565 -0.247393
vn 0.557233 0.830356 0.000001
vn 0.555509 0.814134 -0.169103
vn 0.550883 0.768965 -0.324376
vn 0.635914 0.671631 -0.380164
vn 0.726060 0.518120 -0.452094
vn 0.839701 0.014668 -0.542851
vn 0.718894 0.012558 -0.695006
vn 0.707593 -0.225730 -0.669596
vn 0.813274 -0.268909 -0.516018
vn 0.615481 0.010750 -0.788078
vn 0.612358 -0.191529 -0.767029
vn 0.598273 -0.370201 -0.710648
vn 0.672558 -0.424871 -0.605930
vn 0.743716 -0.492460 -0.452073
vn 0.059164 0.001036 -0.998248
vn 0.110577 0.001933 -0.993866
vn 0.107291 0.188584 -0.976179
vn 0.055868 0.188526 -0.980478
vn 0.158232 0.002764 -0.987398
vn 0.154933 0.188235 -0.969827
vn 0.151288 0.376053 -0.914164
vn 0.103764 0.377616 -0.920130
vn 0.052406 0.378396 -0.924159
vn -0.082989 0.379741 -0.921363
vn -0.087528 0.567666 -0.818593
vn -0.178098 0.564713 -0.805841
vn -0.175534 0.381566 -0.907521
vn -0.089903 0.741755 -0.664617
vn -0.178199 0.732251 -0.657308
vn -0.277463 0.714305 -0.642481
vn -0.281868 0.558545 -0.780114
vn -0.286794 0.383451 -0.877903
vn -0.287670 -0.005017 -0.957716
vn -0.438946 -0.007656 -0.898481
vn -0.428174 -0.218304 -0.876933
vn -0.282194 -0.206505 -0.936868
vn -0.597978 -0.232994 -0.766900
vn -0.555557 -0.419317 -0.718004
vn -0.407110 -0.402472 -0.819926
vn -0.273230 -0.393227 -0.877905
vn -0.069690 -0.382404 -0.921364
vn -0.067665 -0.570371 -0.818595
vn 0.008450 -0.568475 -0.822657
vn 0.005581 -0.378800 -0.925462
vn -0.063960 -0.744442 -0.664617
vn 0.011372 -0.745298 -0.666634
vn 0.070358 -0.743037 -0.665542
vn 0.068404 -0.565957 -0.821592
vn 0.065580 -0.376335 -0.924160
vn 0.059164 0.001035 0.998248
vn 0.110577 0.001933 0.993866
vn 0.113806 -0.184723 0.976179
vn 0.062413 -0.186459 0.980478
vn 0.158232 0.002764 0.987398
vn 0.161407 -0.182713 0.969827
vn 0.164320 -0.370543 0.914164
vn 0.116880 -0.373763 0.920131
vn 0.065580 -0.376333 0.924160
vn -0.069690 -0.382403 0.921364
vn -0.067665 -0.570370 0.818596
vn -0.158281 -0.570578 0.805846
vn -0.162109 -0.387453 0.907524
vn -0.063959 -0.744442 0.664616
vn -0.152538 -0.738027 0.657304
vn -0.252371 -0.723555 0.642478
vn -0.262205 -0.568039 0.780115
vn -0.273234 -0.393225 0.877905
vn -0.287668 -0.005018 0.957717
vn -0.438946 -0.007656 0.898481
vn -0.435534 0.203238 0.876929
vn -0.289232 0.196534 0.936867
vn -0.605743 0.211990 0.766900
vn -0.569851 0.399665 0.718010
vn -0.420911 0.388011 0.819928
vn -0.286795 0.383450 0.877903
vn -0.082990 0.379740 0.921363
vn -0.087530 0.567665 0.818593
vn -0.011394 0.568423 0.822657
vn -0.007642 0.378764 0.925462
vn -0.089904 0.741755 0.664618
vn -0.014644 0.745240 0.666635
vn 0.044382 0.745040 0.665542
vn 0.048610 0.567994 0.821596
vn 0.052406 0.378394 0.924160
vn 0.035331 0.999376 0.000000
vn 0.081311 0.996689 0.000000
vn 0.082130 0.985280 0.149926
vn 0.035850 0.987962 0.150483
vn 0.124123 0.992267 0.000000
vn 0.125184 0.980857 0.149162
vn 0.128412 0.943192 0.306430
vn 0.084630 0.947585 0.308091
vn 0.037473 0.950238 0.309264
vn -0.086573 0.945948 0.312549
vn -0.089041 0.870511 0.484028
vn -0.175368 0.857404 0.483843
vn -0.171689 0.932999 0.316285
vn -0.178201 0.732250 0.657308
vn -0.277464 0.714305 0.642481
vn -0.275056 0.831865 0.482021
vn -0.275153 0.906116 0.321316
vn -0.275697 0.961244 -0.000000
vn -0.415817 0.909448 -0.000001
vn -0.412200 0.894546 -0.172853
vn -0.275651 0.947290 -0.163275
vn -0.578269 0.794300 -0.186262
vn -0.550856 0.758021 -0.349231
vn -0.402904 0.853393 -0.330740
vn -0.275153 0.906117 -0.321315
vn -0.086574 0.945948 -0.312549
vn -0.089042 0.870511 -0.484027
vn -0.016677 0.875363 -0.483179
vn -0.017529 0.950452 -0.310376
vn -0.014643 0.745241 -0.666635
vn 0.044379 0.745039 -0.665543
vn 0.040317 0.875272 -0.481948
vn 0.037472 0.950238 -0.309264
vn 0.556147 -0.235658 -0.796973
vn 0.434565 -0.717469 -0.544418
vn 0.294070 -0.667729 -0.683857
vn 0.343707 -0.195054 -0.918597
vn 0.293481 -0.887395 -0.355526
vn 0.229129 -0.853184 -0.468591
vn 0.174009 -0.830429 -0.529253
vn 0.192082 -0.588435 -0.785397
vn 0.186747 -0.113212 -0.975863
vn -0.107259 -0.922062 -0.371883
vn -0.066570 -0.860395 -0.505261
vn -0.149859 -0.859116 -0.489348
vn -0.156744 -0.932513 -0.325348
vn -0.152537 -0.738027 -0.657304
vn -0.252369 -0.723554 -0.642479
vn -0.245858 -0.840959 -0.482019
vn -0.243368 -0.915167 -0.321311
vn -0.242003 -0.970276 0.000000
vn -0.383826 -0.923405 -0.000000
vn -0.380726 -0.908390 0.172846
vn -0.242438 -0.956327 0.163284
vn -0.550188 -0.814007 0.186241
vn -0.524053 -0.776795 0.349224
vn -0.372867 -0.866942 0.330729
vn -0.243367 -0.915167 0.321312
vn -0.107259 -0.922062 0.371882
vn -0.066570 -0.860395 0.505261
vn 0.009245 -0.852750 0.522237
vn -0.006104 -0.875715 0.482790
vn 0.011375 -0.745298 0.666634
vn 0.070360 -0.743037 0.665541
vn 0.069174 -0.844113 0.531685
vn 0.059648 -0.843997 0.533021
vn 0.249938 0.004365 -0.968252
vn 0.204441 0.003571 -0.978872
vn 0.207499 -0.180221 -0.961491
vn 0.252759 -0.177086 -0.951185
vn 0.161408 -0.182712 -0.969827
vn 0.164321 -0.370545 -0.914164
vn 0.210112 -0.366448 -0.906404
vn 0.254801 -0.361264 -0.896976
vn 0.347278 -0.347230 -0.871108
vn 0.346098 -0.527555 -0.775823
vn 0.396639 -0.516122 -0.759141
vn 0.399431 -0.339547 -0.851565
vn 0.342390 -0.697816 -0.629144
vn 0.391605 -0.682999 -0.616569
vn 0.446544 -0.663761 -0.600016
vn 0.453184 -0.504870 -0.734664
vn 0.458394 -0.334623 -0.823348
vn 0.459278 0.008023 -0.888256
vn 0.530835 0.009274 -0.847425
vn 0.524691 0.190250 -0.829762
vn 0.454508 0.180801 -0.872200
vn 0.605303 0.212786 -0.767027
vn 0.585000 0.390845 -0.710644
vn 0.513806 0.359271 -0.779055
vn 0.446440 0.350410 -0.823349
vn 0.334943 0.359145 -0.871107
vn 0.327471 0.539326 -0.775816
vn 0.280612 0.547681 -0.788227
vn 0.287248 0.365030 -0.885574
vn 0.317826 0.709342 -0.629142
vn 0.271870 0.719530 -0.639033
vn 0.228494 0.727529 -0.646909
vn 0.236291 0.554473 -0.797951
vn 0.242038 0.369936 -0.896975
vn 0.992662 -0.120924 0.000003
vn 0.754904 -0.655835 -0.000000
vn 0.725307 -0.609190 -0.320653
vn 0.854719 -0.179631 -0.487020
vn 0.404377 -0.914593 -0.000001
vn 0.370752 -0.912306 -0.173897
vn 0.643830 -0.696205 -0.317461
vn 0.514677 -0.784885 -0.345056
vn 0.331059 -0.897322 0.291912
vn 0.336084 -0.824303 0.455600
vn 0.384965 -0.807236 0.447406
vn 0.380290 -0.879135 0.287230
vn 0.342389 -0.697816 0.629144
vn 0.391607 -0.682999 0.616569
vn 0.446545 -0.663762 0.600015
vn 0.440257 -0.782699 0.439950
vn 0.436757 -0.853111 0.285386
vn 0.434464 -0.900689 -0.000000
vn 0.502857 -0.864370 -0.000001
vn 0.502868 -0.851327 -0.149553
vn 0.435019 -0.889222 -0.141575
vn 0.583573 -0.794258 -0.169106
vn 0.577361 -0.749293 -0.324367
vn 0.503194 -0.812520 -0.294292
vn 0.436755 -0.853112 -0.285385
vn 0.331062 -0.897321 -0.291913
vn 0.336085 -0.824302 -0.455601
vn 0.294592 -0.833380 -0.467647
vn 0.300601 -0.903854 -0.304447
vn 0.296815 -0.709603 -0.639034
vn 0.253739 -0.719118 -0.646905
vn 0.255928 -0.834458 -0.488038
vn 0.249939 0.004365 0.968252
vn 0.204443 0.003570 0.978872
vn 0.201085 0.187356 0.961490
vn 0.246426 0.185803 0.951184
vn 0.154934 0.188237 0.969826
vn 0.151289 0.376051 0.914165
vn 0.197197 0.373555 0.906405
vn 0.242037 0.369933 0.896977
vn 0.334942 0.359146 0.871107
vn 0.327474 0.539325 0.775815
vn 0.378383 0.529670 0.759129
vn 0.387339 0.353289 0.851560
vn 0.317828 0.709342 0.629142
vn 0.367521 0.696251 0.616574
vn 0.423090 0.678939 0.600031
vn 0.435285 0.520386 0.734660
vn 0.446442 0.350413 0.823347
vn 0.459278 0.008023 0.888256
vn 0.530835 0.009273 0.847424
vn 0.531015 -0.171827 0.829758
vn 0.460537 -0.164828 0.872203
vn 0.612363 -0.191530 0.767025
vn 0.598276 -0.370202 0.710645
vn 0.526034 -0.341135 0.779047
vn 0.458394 -0.334624 0.823348
vn 0.347277 -0.347231 0.871108
vn 0.346100 -0.527554 0.775823
vn 0.299558 -0.537549 0.788230
vn 0.299815 -0.354780 0.885575
vn 0.296814 -0.709603 0.639034
vn 0.253740 -0.719119 0.646903
vn 0.255497 -0.545889 0.797952
vn 0.254801 -0.361261 0.896976
vn 0.207222 0.978294 0.000000
vn 0.165864 0.986149 0.000001
vn 0.167088 0.974765 -0.148037
vn 0.208501 0.966999 -0.146426
vn 0.125182 0.980857 -0.149162
vn 0.128409 0.943192 -0.306431
vn 0.170855 0.937190 -0.304110
vn 0.212502 0.929664 -0.300944
vn 0.299542 0.908328 -0.291917
vn 0.307112 0.835529 -0.455602
vn 0.356550 0.820180 -0.447411
vn 0.349374 0.891875 -0.287222
vn 0.367522 0.696251 -0.616573
vn 0.423087 0.678940 -0.600032
vn 0.412648 0.797596 -0.439956
vn 0.406691 0.867853 -0.285364
vn 0.402752 0.915309 0.000001
vn 0.472377 0.881396 0.000001
vn 0.472849 0.868363 0.149533
vn 0.403703 0.903872 0.141563
vn 0.555510 0.814133 0.169103
vn 0.550884 0.768966 0.324373
vn 0.474540 0.829583 0.294284
vn 0.406691 0.867852 0.285367
vn 0.299543 0.908327 0.291917
vn 0.307109 0.835530 0.455602
vn 0.261940 0.846849 0.462854
vn 0.254705 0.920349 0.296789
vn 0.271874 0.719531 0.639031
vn 0.228493 0.727530 0.646908
vn 0.219389 0.855591 0.468863
vn 0.212500 0.929665 0.300944
vn -0.449441 -0.670202 -0.590620
vn -0.497800 -0.575103 -0.649193
vn -0.596597 -0.603243 -0.529311
vn -0.484837 -0.720902 -0.495210
vn -0.690745 -0.441183 -0.572912
vn -0.755809 -0.245725 -0.606937
vn -0.871631 -0.253669 -0.419418
vn -0.976098 -0.017033 -0.216664
vn -0.942141 -0.257124 -0.215077
vn -0.999848 -0.017444 0.000003
vn -0.966180 -0.257868 0.000003
vn -0.472558 0.654106 -0.590622
vn -0.509714 0.703541 -0.495198
vn -0.617293 0.582056 -0.529301
vn -0.517568 0.557371 -0.649200
vn -0.693780 0.615018 -0.374730
vn -0.742002 0.639975 -0.199662
vn -0.869822 0.446625 -0.209609
vn -0.974590 0.223995 -0.000000
vn -0.950540 0.224093 -0.215071
vn -0.472557 0.654107 0.590621
vn -0.517569 0.557372 0.649199
vn -0.617292 0.582057 0.529301
vn -0.509713 0.703542 0.495198
vn -0.705722 0.416811 0.572909
vn -0.763920 0.219204 0.606939
vn -0.879951 0.223100 0.419419
vn -0.976097 -0.017032 0.216669
vn -0.950541 0.224092 0.215071
vn -0.449445 -0.670201 0.590617
vn -0.484841 -0.720900 0.495209
vn -0.596591 -0.603250 0.529310
vn -0.497794 -0.575103 0.649198
vn -0.671894 -0.638857 0.374728
vn -0.719216 -0.665484 0.199647
vn -0.853706 -0.476709 0.209606
vn -0.942140 -0.257124 0.215079
vn 0.550101 -0.618984 0.560578
vn 0.573486 -0.524228 0.629523
vn 0.620845 -0.579816 0.527603
vn 0.564316 -0.680739 0.467056
vn 0.672557 -0.424873 0.605930
vn 0.707594 -0.225731 0.669594
vn 0.813275 -0.268909 0.516015
vn 0.951281 0.016616 0.307876
vn 0.906525 -0.307259 0.289489
vn 0.999848 0.017461 0.000001
vn 0.946340 -0.323173 0.000001
vn 0.528179 0.637808 0.560561
vn 0.540236 0.700009 0.467046
vn 0.600226 0.601143 0.527595
vn 0.554846 0.543929 0.629514
vn 0.635916 0.671631 0.380161
vn 0.657398 0.725712 0.202905
vn 0.778698 0.576564 0.247391
vn 0.934488 0.355994 0.000001
vn 0.895251 0.338704 0.289492
vn 0.528181 0.637811 -0.560555
vn 0.554850 0.543928 -0.629511
vn 0.600225 0.601143 -0.527596
vn 0.540238 0.700008 -0.467045
vn 0.657316 0.448081 -0.605936
vn 0.699283 0.250291 -0.669595
vn 0.803390 0.297123 -0.516026
vn 0.951281 0.016613 -0.307877
vn 0.895252 0.338702 -0.289492
vn 0.550096 -0.618990 -0.560576
vn 0.564311 -0.680745 -0.467054
vn 0.620845 -0.579820 -0.527599
vn 0.573483 -0.524228 -0.629525
vn 0.658992 -0.649013 -0.380148
vn 0.682350 -0.702307 -0.202889
vn 0.798349 -0.549036 -0.247383
vn 0.906523 -0.307262 -0.289492
vn 0.140756 0.739115 -0.658708
vn 0.094452 0.742834 -0.662779
vn 0.099619 0.566430 -0.818066
vn 0.146779 0.563694 -0.812838
vn 0.048610 0.567996 -0.821595
vn -0.011392 0.568424 -0.822657
vn -0.007641 0.378764 -0.925462
vn -0.078018 0.189243 -0.978826
vn -0.003883 0.188411 -0.982083
vn -0.073961 -0.001290 -0.997260
vn -0.000411 -0.000005 -1.000000
vn -0.401069 0.552398 -0.730753
vn -0.388501 0.684431 -0.616946
vn -0.420911 0.388011 -0.819928
vn -0.435533 0.203238 -0.876930
vn -0.289233 0.196535 -0.936866
vn -0.167648 -0.002925 -0.985843
vn -0.171565 0.191970 -0.966288
vn -0.364380 -0.697571 -0.616946
vn -0.381547 -0.566067 -0.730746
vn -0.262202 -0.568043 -0.780114
vn -0.158282 -0.570579 -0.805845
vn -0.162110 -0.387455 -0.907524
vn -0.071368 -0.191851 -0.978826
vn -0.164761 -0.197843 -0.966288
vn 0.166463 -0.733757 -0.658704
vn 0.166360 -0.558230 -0.812837
vn 0.119328 -0.562615 -0.818062
vn 0.120320 -0.739084 -0.662780
vn 0.116881 -0.373765 -0.920130
vn 0.113808 -0.184722 -0.976179
vn 0.062413 -0.186458 -0.980478
vn 0.002695 -0.188429 -0.982083
vn 0.166461 -0.733757 0.658704
vn 0.120321 -0.739085 0.662779
vn 0.119330 -0.562614 0.818062
vn 0.166359 -0.558230 0.812837
vn 0.068406 -0.565956 0.821592
vn 0.008450 -0.568475 0.822657
vn 0.005582 -0.378799 0.925462
vn -0.071369 -0.191852 0.978826
vn 0.002697 -0.188430 0.982083
vn -0.073963 -0.001287 0.997260
vn -0.000410 -0.000004 1.000000
vn -0.381549 -0.566060 0.730751
vn -0.364385 -0.697571 0.616943
vn -0.407110 -0.402468 0.819927
vn -0.428172 -0.218309 0.876932
vn -0.282195 -0.206507 0.936868
vn -0.167648 -0.002923 0.985843
vn -0.164761 -0.197842 0.966288
vn -0.388501 0.684431 0.616945
vn -0.401071 0.552399 0.730752
vn -0.281868 0.558545 0.780114
vn -0.178099 0.564713 0.805841
vn -0.175533 0.381564 0.907522
vn -0.078019 0.189243 0.978826
vn -0.171564 0.191969 0.966289
vn 0.140758 0.739115 0.658708
vn 0.146780 0.563693 0.812838
vn 0.099621 0.566429 0.818067
vn 0.094456 0.742834 0.662778
vn 0.103764 0.377614 0.920131
vn 0.107291 0.188585 0.976178
vn 0.055869 0.188528 0.980477
vn -0.003882 0.188413 0.982082
vn 0.088848 0.872729 0.480053
vn 0.133798 0.868492 0.477304
vn 0.040321 0.875272 0.481948
vn -0.016676 0.875362 0.483180
vn -0.017528 0.950452 0.310376
vn -0.084306 0.984622 0.153008
vn -0.017778 0.988345 0.151190
vn -0.083402 0.996516 -0.000000
vn -0.017813 0.999841 -0.000000
vn -0.391667 0.783568 0.482305
vn -0.402905 0.853392 0.330740
vn -0.412200 0.894546 0.172853
vn -0.275651 0.947290 0.163276
vn -0.167192 0.985924 -0.000000
vn -0.168522 0.973124 0.156939
vn -0.391666 0.783568 -0.482305
vn -0.275057 0.831866 -0.482020
vn -0.175369 0.857404 -0.483842
vn -0.171688 0.932999 -0.316285
vn -0.084305 0.984622 -0.153009
vn -0.168519 0.973124 -0.156940
vn 0.133795 0.868493 -0.477304
vn 0.088842 0.872729 -0.480053
vn 0.084628 0.947585 -0.308091
vn 0.082132 0.985280 -0.149926
vn 0.035854 0.987962 -0.150484
vn -0.017777 0.988345 -0.151190
vn 0.119225 -0.837759 -0.532866
vn 0.165986 -0.833414 -0.527133
vn 0.069172 -0.844113 -0.531685
vn 0.059647 -0.843997 -0.533021
vn 0.117206 -0.825957 -0.551414
vn 0.009243 -0.852750 -0.522238
vn -0.006102 -0.875714 -0.482792
vn -0.402111 -0.411122 0.818098
vn -0.266223 -0.794991 0.545082
vn -0.086752 -0.711709 0.697097
vn -0.215245 -0.224078 0.950504
vn 0.012169 -0.611400 0.791228
vn -0.064168 -0.122723 0.990364
vn -0.364075 -0.796760 -0.482311
vn -0.372865 -0.866943 -0.330728
vn -0.380725 -0.908390 -0.172845
vn -0.242437 -0.956328 -0.163283
vn -0.170217 -0.985407 0.000000
vn -0.166305 -0.972825 -0.161103
vn -0.232784 -0.972528 -0.000000
vn -0.200568 -0.963333 -0.178217
vn -0.364079 -0.796759 0.482309
vn -0.245858 -0.840959 0.482018
vn -0.149860 -0.859116 0.489348
vn -0.156743 -0.932513 0.325349
vn -0.200567 -0.963334 0.178217
vn -0.166304 -0.972825 0.161104
vn 0.165985 -0.833415 0.527132
vn 0.119225 -0.837760 0.532864
vn 0.174010 -0.830429 0.529252
vn 0.117209 -0.825956 0.551415
vn -0.982456 -0.186494 0.000194
vn -0.731875 -0.680531 0.035184
vn -0.614932 -0.731597 0.294321
vn -0.873459 -0.354628 0.333629
vn -0.514898 -0.803537 0.298678
vn -0.526748 -0.848103 0.057072
vn -0.362496 -0.871724 0.329689
vn -0.540173 -0.409221 0.735358
vn -0.775645 -0.371581 0.510198
vn 0.097595 -0.557593 0.824357
vn 0.053806 -0.076495 0.995617
vn 0.192083 -0.588435 0.785397
vn 0.186748 -0.113210 0.975863
vn 0.210840 -0.727077 -0.653380
vn 0.211626 -0.552689 -0.806070
vn 0.255497 -0.545889 -0.797952
vn 0.299558 -0.537550 -0.788229
vn 0.299816 -0.354782 -0.885573
vn 0.346649 -0.168925 -0.922659
vn 0.298504 -0.173208 -0.938560
vn 0.344402 0.006015 -0.938803
vn 0.295989 0.005170 -0.955177
vn 0.516407 -0.502092 -0.693706
vn 0.507212 -0.638980 -0.578308
vn 0.526031 -0.341135 -0.779050
vn 0.531014 -0.171825 -0.829759
vn 0.460539 -0.164827 -0.872202
vn 0.397956 0.006950 -0.917378
vn 0.399850 -0.165367 -0.901539
vn 0.484608 0.656281 -0.578317
vn 0.498571 0.519802 -0.693710
vn 0.435283 0.520384 -0.734663
vn 0.378381 0.529669 -0.759130
vn 0.387339 0.353286 -0.851562
vn 0.340536 0.180918 -0.922661
vn 0.393834 0.179221 -0.901540
vn 0.192209 0.559739 -0.806070
vn 0.185338 0.733982 -0.653391
vn 0.197197 0.373558 -0.906404
vn 0.201083 0.187356 -0.961490
vn 0.246426 0.185803 -0.951184
vn 0.292276 0.183521 -0.938560
vn 0.210839 -0.727078 0.653380
vn 0.212277 -0.832772 0.511302
vn 0.255928 -0.834458 0.488038
vn 0.293481 -0.887396 0.355525
vn 0.229130 -0.853184 0.468589
vn 0.294590 -0.833381 0.467646
vn 0.300601 -0.903854 0.304447
vn 0.328250 -0.933868 0.141926
vn 0.310587 -0.938979 0.147827
vn 0.327377 -0.944894 -0.000000
vn 0.315467 -0.948937 -0.000000
vn 0.370757 -0.912304 0.173896
vn 0.503663 -0.742676 0.441313
vn 0.507215 -0.638981 0.578305
vn 0.503197 -0.812519 0.294289
vn 0.502869 -0.851327 0.149552
vn 0.435020 -0.889221 0.141575
vn 0.376933 -0.926241 0.000000
vn 0.377753 -0.915206 0.140358
vn 0.503661 -0.742676 -0.441314
vn 0.440257 -0.782700 -0.439949
vn 0.384965 -0.807237 -0.447405
vn 0.380292 -0.879134 -0.287229
vn 0.328253 -0.933867 -0.141927
vn 0.377753 -0.915206 -0.140357
vn 0.212276 -0.832772 -0.511302
vn -0.064166 -0.122722 -0.990365
vn 0.012169 -0.611398 -0.791230
vn -0.086749 -0.711707 -0.697100
vn -0.215243 -0.224079 -0.950505
vn -0.266229 -0.794945 -0.545146
vn -0.402100 -0.411037 -0.818147
vn 0.310584 -0.938980 -0.147828
vn 0.185338 0.733983 0.653391
vn 0.192207 0.559738 0.806070
vn 0.236289 0.554472 0.797953
vn 0.280614 0.547680 0.788228
vn 0.287247 0.365028 0.885575
vn 0.340534 0.180918 0.922662
vn 0.292276 0.183521 0.938560
vn 0.344400 0.006015 0.938804
vn 0.295989 0.005170 0.955177
vn 0.498569 0.519803 0.693710
vn 0.484611 0.656279 0.578317
vn 0.513803 0.359273 0.779056
vn 0.524688 0.190252 0.829763
vn 0.454509 0.180801 0.872200
vn 0.397952 0.006949 0.917380
vn 0.393834 0.179221 0.901540
vn 0.516413 -0.502094 0.693700
vn 0.453186 -0.504872 0.734662
vn 0.396640 -0.516123 0.759140
vn 0.399429 -0.339549 0.851565
vn 0.346645 -0.168925 0.922660
vn 0.399847 -0.165367 0.901541
vn 0.211623 -0.552690 0.806071
vn 0.210112 -0.366447 0.906405
vn 0.207499 -0.180222 0.961491
vn 0.252759 -0.177087 0.951185
vn 0.298503 -0.173208 0.938560
vn 0.177186 0.862727 -0.473611
vn 0.219391 0.855590 -0.468864
vn 0.261938 0.846849 -0.462856
vn 0.254705 0.920349 -0.296790
vn 0.295460 0.944754 -0.141928
vn 0.250671 0.957260 -0.144283
vn 0.294201 0.955744 -0.000000
vn 0.249414 0.968397 0.000000
vn 0.477451 0.759788 -0.441319
vn 0.474540 0.829584 -0.294284
vn 0.472847 0.868364 -0.149532
vn 0.403702 0.903872 -0.141562
vn 0.344379 0.938831 -0.000000
vn 0.345584 0.927832 -0.140356
vn 0.477454 0.759787 0.441318
vn 0.412651 0.797594 0.439957
vn 0.356547 0.820181 0.447412
vn 0.349375 0.891874 0.287224
vn 0.295463 0.944753 0.141928
vn 0.345588 0.927830 0.140356
vn 0.177186 0.862727 0.473610
vn 0.170854 0.937191 0.304109
vn 0.167089 0.974765 0.148038
vn 0.208501 0.966999 0.146426
vn 0.250674 0.957259 0.144283
vn 0.097593 -0.557593 -0.824358
vn 0.053805 -0.076494 -0.995617
vn 0.294069 -0.667729 0.683858
vn 0.343705 -0.195049 0.918598
vn 0.434564 -0.717470 0.544418
vn 0.556144 -0.235656 0.796976
vn 0.643830 -0.696206 0.317460
vn 0.854716 -0.179631 0.487024
vn 0.514677 -0.784886 0.345054
vn 0.725306 -0.609191 0.320652
vn -0.540059 -0.409199 -0.735454
vn -0.515038 -0.803447 -0.298679
vn -0.775690 -0.371433 -0.510239
vn -0.362511 -0.871684 -0.329776
vn -0.526904 -0.848014 -0.056960
vn -0.873591 -0.354486 -0.333433
vn -0.615112 -0.731448 -0.294315
vn -0.731879 -0.680538 -0.034948
vn 0.354239 0.115689 -0.927971
vn 0.555076 0.110227 -0.824464
vn 0.189098 0.140341 -0.971878
vn 0.204407 0.164715 -0.964928
vn 0.371984 0.169698 -0.912596
vn 0.562164 0.190090 -0.804884
vn -0.109699 0.172259 -0.978924
vn 0.042618 0.166062 -0.985194
vn 0.037380 0.157542 -0.986805
vn -0.103034 0.156507 -0.982288
vn -0.564611 0.218173 -0.796000
vn -0.286666 0.184451 -0.940107
vn -0.272708 0.142139 -0.951539
vn -0.559362 0.146287 -0.815913
vn -0.469896 -0.166045 -0.866964
vn -0.963690 0.267023 -0.000000
vn -0.863639 0.257455 -0.433410
vn -0.877051 0.176780 -0.446689
vn -0.981612 0.190887 0.000102
vn -0.588126 -0.180830 -0.788295
vn -0.831867 -0.158941 -0.531729
vn -0.923182 -0.101462 -0.370729
vn -0.564612 0.218173 0.795999
vn -0.863640 0.257455 0.433409
vn -0.877016 0.176908 0.446706
vn -0.559416 0.146354 0.815864
vn -0.923111 -0.101433 0.370914
vn -0.588244 -0.180829 0.788207
vn -0.831898 -0.158818 0.531717
vn -0.109699 0.172259 0.978924
vn -0.286667 0.184451 0.940106
vn -0.272708 0.142143 0.951539
vn -0.103034 0.156508 0.982288
vn -0.469988 -0.165964 0.866930
vn 0.204408 0.164715 0.964928
vn 0.042617 0.166061 0.985194
vn 0.037380 0.157543 0.986804
vn 0.189099 0.140342 0.971877
vn 0.562163 0.190089 0.804884
vn 0.371984 0.169697 0.912596
vn 0.354240 0.115691 0.927971
vn 0.555075 0.110228 0.824464
vn 0.965223 0.261426 -0.000003
vn 0.825833 0.235798 0.512248
vn 0.838490 0.143334 0.525728
vn 0.985912 0.167265 0.000001
vn 0.838491 0.143334 -0.525727
vn 0.825832 0.235798 -0.512251
vn 0.210710 0.144597 -0.966795
vn 0.379023 0.166676 -0.910253
vn 0.566763 0.205842 -0.797752
vn -0.109974 0.138514 -0.984236
vn 0.046049 0.134471 -0.989847
vn -0.569414 0.206082 -0.795800
vn -0.290273 0.157639 -0.943870
vn -0.960493 0.278304 -0.000000
vn -0.863968 0.261777 -0.430153
vn -0.569416 0.206083 0.795799
vn -0.863969 0.261778 0.430151
vn -0.109974 0.138515 0.984235
vn -0.290275 0.157638 0.943870
vn 0.210711 0.144598 0.966795
vn 0.046049 0.134473 0.989847
vn 0.566761 0.205841 0.797754
vn 0.379022 0.166675 0.910254
vn 0.952472 0.304626 -0.000001
vn 0.821232 0.270493 0.502405
vn 0.821232 0.270492 -0.502407
vn -0.892559 0.450930 0.000003
vn -0.760068 0.649844 0.000001
vn -0.588903 0.808204 0.000000
vn -0.560340 -0.828263 -0.000001
vn 0.691221 -0.722643 0.000000
vn 0.586016 -0.810299 0.000000
vn 0.017611 -0.999845 -0.000000
vn 0.158703 -0.987326 -0.000001
vn 0.159367 -0.975886 -0.149160
vn 0.123783 -0.976729 -0.175155
vn 0.161280 -0.938130 -0.306433
vn 0.117654 -0.944055 -0.308088
vn 0.070614 -0.948358 -0.309243
vn 0.070202 -0.971571 -0.226100
vn -0.053505 -0.948396 -0.312541
vn -0.058603 -0.873093 -0.484019
vn -0.145339 -0.863007 -0.483834
vn -0.139038 -0.938428 -0.316261
vn -0.053508 -0.948397 0.312539
vn -0.058609 -0.873092 0.484020
vn 0.013874 -0.875405 0.483191
vn 0.015636 -0.950493 0.310353
vn 0.070851 -0.873322 0.481964
vn 0.070615 -0.948358 0.309242
vn 0.547681 0.254937 0.796902
vn 0.409295 0.732199 0.544392
vn 0.270583 0.677560 0.683884
vn 0.336658 0.206947 0.918605
vn 0.262374 0.897072 0.355559
vn 0.199220 0.860646 0.468616
vn 0.144909 0.835986 0.529272
vn 0.171396 0.594769 0.785413
vn 0.182639 0.119697 0.975867
vn -0.139353 0.917764 0.371875
vn -0.096549 0.857554 0.505252
vn -0.179759 0.853356 0.489356
vn -0.189196 0.926481 0.325327
vn -0.275668 0.961253 0.000000
vn -0.415892 0.909414 0.000000
vn -0.139353 0.917766 -0.371869
vn -0.096554 0.857550 -0.505257
vn -0.020512 0.852553 -0.522237
vn -0.036651 0.874976 -0.482777
vn 0.039671 0.846016 -0.531680
vn 0.030161 0.845584 -0.532990
vn 0.987797 0.155746 0.000000
vn 0.731304 0.682052 0.000002
vn 0.703452 0.634375 0.320506
vn 0.848035 0.209500 0.486772
vn 0.372292 0.928116 0.000000
vn 0.338756 0.924656 0.173941
vn 0.619023 0.718386 0.317382
vn 0.487005 0.802377 0.344989
vn 0.472302 0.881437 -0.000000
vn 0.265348 0.843176 0.467594
vn 0.268901 0.913786 0.304447
vn 0.226673 0.842888 0.488015
vn 0.241231 -0.970468 0.000000
vn 0.200159 -0.979764 -0.000000
vn 0.201002 -0.968337 0.148061
vn 0.242113 -0.959127 0.146479
vn 0.159367 -0.975886 0.149162
vn 0.161280 -0.938129 0.306435
vn 0.203465 -0.930654 0.304114
vn 0.244803 -0.921685 0.300945
vn 0.434412 -0.900714 0.000000
vn 0.291335 -0.837216 -0.462811
vn 0.286673 -0.910899 -0.296784
vn 0.249114 -0.847441 -0.468814
vn 0.244802 -0.921685 -0.300948
vn -0.974591 0.223993 0.000003
vn 0.999848 0.017456 -0.000000
vn 0.946260 -0.323406 -0.000003
vn 0.119254 -0.869093 -0.480058
vn 0.164050 -0.863295 -0.477293
vn 0.070846 -0.873323 -0.481962
vn 0.013874 -0.875407 -0.483187
vn 0.015637 -0.950491 -0.310357
vn -0.049925 -0.986954 -0.153065
vn 0.006897 -0.984221 -0.176807
vn -0.048642 -0.998816 0.000000
vn 0.017455 -0.999848 0.000004
vn -0.132685 -0.991158 0.000001
vn -0.134474 -0.978408 -0.156952
vn -0.145341 -0.863007 0.483834
vn -0.139040 -0.938428 0.316260
vn -0.049925 -0.986954 0.153065
vn -0.134474 -0.978408 0.156952
vn 0.164050 -0.863295 0.477293
vn 0.119254 -0.869093 0.480059
vn 0.117653 -0.944054 0.308090
vn 0.123780 -0.976729 0.175156
vn 0.070201 -0.971571 0.226101
vn 0.006896 -0.984221 0.176806
vn 0.089915 0.841430 0.532833
vn 0.136810 0.838719 0.527100
vn 0.039666 0.846017 0.531679
vn 0.030156 0.845583 0.532991
vn 0.088306 0.829558 0.551394
vn -0.020519 0.852555 0.522234
vn -0.036659 0.874973 0.482782
vn -0.416262 0.396668 -0.818157
vn -0.293895 0.785120 -0.545172
vn -0.111523 0.708229 -0.697118
vn -0.222904 0.216411 -0.950516
vn -0.009173 0.611472 -0.791213
vn -0.068420 0.120381 -0.990367
vn -0.204503 0.978866 0.000000
vn -0.200158 0.966430 0.161090
vn -0.266576 0.963814 -0.000001
vn -0.234043 0.955746 0.178253
vn -0.179766 0.853354 -0.489359
vn -0.189202 0.926480 -0.325326
vn -0.234042 0.955746 -0.178250
vn -0.200159 0.966430 -0.161089
vn 0.136810 0.838711 -0.527111
vn 0.089914 0.841427 -0.532837
vn 0.144906 0.835990 -0.529266
vn 0.088303 0.829560 -0.551392
vn -0.988343 0.152244 -0.000000
vn -0.755233 0.654514 -0.035132
vn -0.640267 0.709427 -0.294570
vn -0.869941 0.219355 -0.441685
vn -0.542771 0.784905 -0.298870
vn -0.556110 0.829138 -0.057198
vn -0.392811 0.858441 -0.329816
vn -0.554172 0.390030 -0.735371
vn -0.788171 0.344081 -0.510289
vn 0.078056 0.560674 -0.824349
vn 0.051094 0.078321 -0.995618
vn 0.171396 0.594787 -0.785399
vn 0.182644 0.119691 -0.975866
vn 0.183081 0.839673 -0.511302
vn 0.226676 0.842887 -0.488016
vn 0.262376 0.897072 -0.355556
vn 0.199224 0.860648 -0.468609
vn 0.265348 0.843177 -0.467593
vn 0.268901 0.913786 -0.304447
vn 0.277657 0.949232 -0.147872
vn 0.282186 0.959360 0.000000
vn 0.338756 0.924656 -0.173941
vn 0.344365 0.938836 0.000001
vn 0.183077 0.839680 0.511293
vn -0.068424 0.120407 0.990364
vn -0.009179 0.611478 0.791208
vn -0.111525 0.708241 0.697106
vn -0.222907 0.216426 0.950511
vn -0.293881 0.785128 0.545169
vn -0.416249 0.396682 0.818156
vn 0.277657 0.949232 0.147872
vn 0.207180 -0.856037 0.473579
vn 0.249113 -0.847436 0.468824
vn 0.291342 -0.837211 0.462815
vn 0.286678 -0.910898 0.296782
vn 0.283942 -0.947916 0.144331
vn 0.283081 -0.959096 0.000000
vn 0.376917 -0.926247 -0.000001
vn 0.207187 -0.856038 -0.473574
vn 0.203469 -0.930653 -0.304114
vn 0.201001 -0.968337 -0.148062
vn 0.242113 -0.959127 -0.146482
vn 0.283941 -0.947916 -0.144333
vn 0.078058 0.560667 0.824354
vn 0.051089 0.078341 0.995617
vn 0.270586 0.677573 -0.683870
vn 0.336658 0.206947 -0.918605
vn 0.409295 0.732202 -0.544387
vn 0.547679 0.254937 -0.796903
vn 0.619023 0.718388 -0.317380
vn 0.848034 0.209500 -0.486773
vn 0.487004 0.802378 -0.344989
vn 0.703453 0.634375 -0.320504
vn -0.554151 0.390054 0.735374
vn -0.542762 0.784909 0.298877
vn -0.788157 0.344086 0.510308
vn -0.392800 0.858444 0.329820
vn -0.556108 0.829139 0.057199
vn -0.869934 0.219358 0.441698
vn -0.640255 0.709436 0.294576
vn -0.755233 0.654514 0.035137
vn 0.358050 -0.103254 0.927976
vn 0.558600 -0.090779 0.824455
vn 0.193832 -0.133676 0.971885
vn 0.209995 -0.157491 0.964935
vn 0.377701 -0.156619 0.912586
vn 0.568449 -0.170318 0.804896
vn -0.103614 -0.175981 0.978925
vn 0.048374 -0.164484 0.985193
vn 0.042839 -0.156148 0.986804
vn -0.097518 -0.160022 0.982285
vn -0.556644 -0.237769 0.795998
vn -0.280080 -0.194351 0.940097
vn -0.267579 -0.151589 0.951537
vn -0.553974 -0.165686 0.815880
vn -0.475425 0.149605 0.866942
vn -0.953764 -0.300556 -0.000002
vn -0.854132 -0.287503 0.433360
vn -0.870357 -0.207149 0.446731
vn -0.974404 -0.224805 -0.000002
vn -0.594196 0.160203 0.788204
vn -0.926033 0.069366 0.371015
vn -0.556643 -0.237768 -0.796000
vn -0.854130 -0.287503 -0.433363
vn -0.870360 -0.207144 -0.446727
vn -0.553981 -0.165667 -0.815879
vn -0.926036 0.069371 -0.371005
vn -0.594212 0.160220 -0.788189
vn -0.103619 -0.175966 -0.978928
vn -0.280085 -0.194345 -0.940097
vn -0.267584 -0.151570 -0.951538
vn -0.097523 -0.160021 -0.982284
vn -0.475433 0.149608 -0.866938
vn 0.210000 -0.157485 -0.964934
vn 0.048378 -0.164468 -0.985195
vn 0.042847 -0.156152 -0.986803
vn 0.193841 -0.133677 -0.971883
vn 0.568441 -0.170318 -0.804902
vn 0.377702 -0.156619 -0.912585
vn 0.358049 -0.103254 -0.927976
vn 0.558594 -0.090782 -0.824458
vn 0.973782 -0.227484 0.000009
vn 0.833757 -0.206802 -0.511940
vn 0.843217 -0.114085 -0.525328
vn 0.991134 -0.132867 0.000007
vn 0.843217 -0.114080 0.525329
vn 0.833758 -0.206800 0.511939
vn 0.215599 -0.137133 0.966805
vn 0.384627 -0.153362 0.910243
vn 0.573656 -0.185973 0.797705
vn -0.105061 -0.142259 0.984238
vn 0.050709 -0.132792 0.989846
vn -0.561817 -0.225835 0.795839
vn -0.284623 -0.167637 0.943868
vn -0.950155 -0.311777 -0.000004
vn -0.854302 -0.291901 0.430072
vn -0.561816 -0.225835 -0.795840
vn -0.854300 -0.291901 -0.430077
vn -0.105061 -0.142260 -0.984238
vn -0.284623 -0.167637 -0.943868
vn 0.215600 -0.137135 -0.966804
vn 0.050710 -0.132793 -0.989846
vn 0.573650 -0.185966 -0.797711
vn 0.384629 -0.153364 -0.910242
vn 0.962564 -0.271054 0.000001
vn 0.830323 -0.241617 -0.502180
vn 0.830326 -0.241625 0.502172
vn 0.294322 -0.041408 -0.954809
vn 0.292546 -0.041484 -0.955351
vn 0.016583 -0.068339 -0.997524
vn -0.276131 -0.161940 -0.947379
vn -0.278662 -0.162893 -0.946474
vn 0.294321 -0.041419 0.954809
vn 0.292544 -0.041488 0.955352
vn 0.539535 -0.013165 0.841860
vn 0.543205 -0.012897 0.839501
vn 0.016139 -0.068420 0.997526
vn -0.278659 -0.162900 0.946474
vn -0.276131 -0.161943 0.947379
vn -0.536172 -0.238929 -0.809588
vn -0.540315 -0.240419 -0.806386
vn 0.543207 -0.012888 -0.839500
vn 0.539539 -0.013162 -0.841858
vn -0.540320 -0.240426 0.806380
vn -0.536172 -0.238929 0.809588
vn -0.542091 -0.265479 -0.797282
vn -0.539416 -0.288898 -0.790929
vn -0.277069 -0.250984 -0.927491
vn -0.279405 -0.207699 -0.937440
vn -0.279397 -0.207740 0.937433
vn -0.277056 -0.251055 0.927476
vn -0.539420 -0.288962 0.790903
vn -0.542098 -0.265519 0.797264
vn 0.015768 -0.128252 0.991616
vn 0.015785 -0.187546 0.982129
vn 0.296274 -0.084696 0.951340
vn 0.295888 -0.127934 0.946617
vn 0.546881 -0.037031 0.836391
vn 0.546572 -0.061412 0.835157
vn 0.296273 -0.084691 -0.951341
vn 0.295887 -0.127940 -0.946616
vn 0.546570 -0.061415 -0.835158
vn 0.546880 -0.037026 -0.836392
vn 0.015754 -0.128231 -0.991619
vn 0.015769 -0.187516 -0.982135
vn -0.549713 0.473560 -0.688155
vn -0.564118 0.485523 -0.667861
vn -0.759765 0.650198 -0.000002
vn -0.759696 0.650279 -0.000004
vn -0.578065 0.497093 -0.647101
vn -0.759832 0.650119 -0.000001
vn -0.629768 0.540569 -0.557832
vn -0.578066 0.497094 0.647099
vn -0.629770 0.540571 0.557828
vn -0.549714 0.473562 0.688152
vn -0.564119 0.485525 0.667859
vn 0.272159 -0.092374 0.957808
vn 0.291337 -0.099404 0.951442
vn 0.431931 -0.149042 0.889507
vn 0.405549 -0.139705 0.903334
vn 0.310443 -0.106411 0.944617
vn 0.457892 -0.158234 0.874813
vn 0.310442 -0.106410 -0.944618
vn 0.291337 -0.099404 -0.951442
vn 0.431930 -0.149042 -0.889507
vn 0.457890 -0.158233 -0.874814
vn 0.272160 -0.092375 -0.957808
vn 0.405549 -0.139705 -0.903334
vn -0.044278 0.052096 -0.997660
vn -0.221052 0.197666 -0.955021
vn -0.207390 0.186395 -0.960337
vn -0.041178 0.049668 -0.997917
vn -0.193715 0.175111 -0.965303
vn -0.488493 0.421722 -0.763888
vn -0.038078 0.047239 -0.998158
vn -0.038078 0.047239 0.998158
vn -0.193715 0.175111 0.965303
vn -0.207390 0.186396 0.960337
vn -0.041178 0.049668 0.997917
vn -0.488495 0.421724 0.763886
vn -0.221052 0.197666 0.955020
vn -0.044278 0.052096 0.997660
vn 0.003204 0.016959 0.999851
vn 0.046565 -0.007133 0.998890
vn 0.043252 -0.005447 0.999049
vn 0.039938 -0.003761 0.999195
vn 0.002704 0.017149 -0.999849
vn 0.039938 -0.003760 -0.999195
vn 0.043251 -0.005447 -0.999049
vn 0.046564 -0.007133 -0.998890
vn 0.097747 -0.029137 -0.994785
vn 0.105710 -0.032540 -0.993865
vn 0.113666 -0.035941 -0.992869
vn 0.113667 -0.035941 0.992869
vn 0.105710 -0.032540 0.993864
vn 0.097747 -0.029137 0.994785
vn -0.030774 -0.383007 -0.923233
vn -0.146295 -0.380796 -0.913013
vn -0.140702 -0.701356 -0.698786
vn -0.025119 -0.707157 -0.706610
vn -0.310504 -0.368439 -0.876265
vn -0.305127 -0.676095 -0.670666
vn 0.331328 -0.943516 -0.000001
vn 0.517164 -0.855886 -0.000001
vn 0.516012 -0.790068 0.330945
vn 0.330074 -0.871270 0.363234
vn 0.333381 -0.942792 0.000000
vn 0.332116 -0.870602 0.362975
vn 0.170138 -0.985420 0.000001
vn 0.168832 -0.910202 0.378189
vn 0.054889 -0.998493 0.000000
vn 0.053567 -0.922437 0.382413
vn -0.020007 -0.999800 0.000000
vn -0.021337 -0.923746 0.382412
vn -0.135650 -0.990757 0.000000
vn -0.136961 -0.915542 0.378185
vn -0.300274 -0.953853 0.000000
vn -0.301531 -0.881664 0.362971
vn -0.486971 -0.873418 0.000000
vn -0.488122 -0.807593 0.330953
vn -0.698866 -0.715253 0.000001
vn -0.699795 -0.661755 0.269011
vn -0.902841 -0.429974 0.000000
vn -0.903387 -0.398467 0.158481
vn -0.999847 -0.017467 0.000001
vn -0.496293 -0.339659 -0.798953
vn -0.491393 -0.620161 -0.611502
vn -0.706422 -0.281400 -0.649447
vn -0.702443 -0.509412 -0.497065
vn 0.512739 -0.602624 0.611509
vn 0.326490 -0.665532 0.671171
vn 0.328536 -0.665029 0.670672
vn 0.165101 -0.696017 0.698786
vn 0.049785 -0.705850 0.706609
vn -0.025120 -0.707158 0.706610
vn -0.140702 -0.701357 0.698786
vn -0.305126 -0.676095 0.670667
vn -0.491393 -0.620159 0.611503
vn -0.702446 -0.509403 0.497070
vn -0.904955 -0.308701 0.292847
vn -0.907302 -0.174367 -0.382623
vn -0.904954 -0.308717 -0.292836
vn 0.507846 -0.322122 0.798956
vn 0.321129 -0.357674 0.876895
vn 0.323170 -0.357374 0.876267
vn 0.159498 -0.375453 0.913015
vn 0.044122 -0.381696 0.923234
vn -0.030773 -0.383005 0.923234
vn -0.146293 -0.380793 0.913014
vn -0.310500 -0.368439 0.876266
vn -0.496293 -0.339659 0.798953
vn -0.706424 -0.281395 0.649447
vn -0.907299 -0.174358 0.382632
vn -0.301532 -0.881663 -0.362971
vn -0.488123 -0.807593 -0.330953
vn -0.699801 -0.661750 -0.269008
vn 0.502072 0.008753 0.864782
vn 0.314805 0.005490 0.949140
vn 0.316836 0.005522 0.948464
vn 0.152895 0.002662 0.988239
vn 0.037448 0.000646 0.999298
vn -0.037447 -0.000663 0.999298
vn -0.152891 -0.002678 0.988240
vn -0.316837 -0.005540 0.948464
vn -0.502074 -0.008772 0.864780
vn -0.711118 -0.012423 0.702963
vn -0.910066 -0.015897 0.414159
vn 0.326494 -0.665533 -0.671169
vn 0.512744 -0.602621 -0.611507
vn 0.516017 -0.790065 -0.330945
vn 0.330080 -0.871269 -0.363233
vn 0.328534 -0.665029 -0.670673
vn 0.332116 -0.870602 -0.362976
vn 0.496296 0.339638 0.798960
vn 0.308484 0.368644 0.876892
vn 0.310498 0.368433 0.876269
vn 0.146293 0.380801 0.913011
vn 0.030774 0.383019 0.923228
vn -0.044122 0.381710 0.923228
vn -0.159492 0.375462 0.913012
vn -0.323170 0.357373 0.876268
vn -0.507850 0.322114 0.798956
vn -0.715813 0.256542 0.649460
vn -0.912831 0.142561 0.382643
vn 0.165096 -0.696018 -0.698786
vn 0.168827 -0.910203 -0.378190
vn 0.049784 -0.705851 -0.706609
vn 0.053562 -0.922437 -0.382414
vn 0.491405 0.620158 0.611494
vn 0.303129 0.676519 0.671144
vn 0.305122 0.676095 0.670669
vn 0.140694 0.701350 0.698795
vn 0.025121 0.707148 0.706619
vn -0.049783 0.705841 0.706619
vn -0.165085 0.696014 0.698793
vn -0.328535 0.665036 0.670665
vn -0.512743 0.602639 0.611491
vn -0.719794 0.484575 0.497075
vn -0.915183 0.276908 0.292852
vn -0.021339 -0.923745 -0.382413
vn -0.136965 -0.915541 -0.378186
vn 0.488128 0.807600 0.330929
vn 0.299533 0.882247 0.363208
vn 0.301538 0.881665 0.362962
vn 0.136948 0.915544 0.378186
vn 0.021342 0.923746 0.382410
vn -0.053564 0.922439 0.382409
vn -0.168816 0.910208 0.378183
vn -0.332130 0.870603 0.362961
vn -0.516005 0.790078 0.330930
vn -0.722441 0.636958 0.269004
vn -0.916752 0.366681 0.158467
vn 0.486978 0.873414 0.000000
vn 0.298259 0.954485 -0.000000
vn 0.300290 0.953848 0.000000
vn 0.135628 0.990760 0.000000
vn 0.020011 0.999800 0.000000
vn -0.054894 0.998492 0.000001
vn -0.170124 0.985423 0.000000
vn -0.333399 0.942786 -0.000001
vn -0.517157 0.855890 -0.000001
vn -0.723373 0.690458 0.000000
vn -0.917304 0.398187 -0.000000
vn -0.903390 -0.398461 -0.158478
vn 0.488127 0.807601 -0.330928
vn 0.299527 0.882249 -0.363208
vn 0.301543 0.881663 -0.362962
vn 0.136949 0.915543 -0.378186
vn 0.021342 0.923746 -0.382410
vn -0.053571 0.922438 -0.382411
vn -0.168822 0.910207 -0.378184
vn -0.332131 0.870602 -0.362962
vn -0.516009 0.790075 -0.330932
vn -0.722445 0.636954 -0.269005
vn -0.916752 0.366678 -0.158468
vn 0.491402 0.620160 -0.611494
vn 0.303126 0.676523 -0.671142
vn 0.305124 0.676095 -0.670668
vn 0.140694 0.701350 -0.698794
vn 0.025119 0.707149 -0.706618
vn -0.049782 0.705841 -0.706619
vn -0.165085 0.696013 -0.698794
vn -0.328535 0.665036 -0.670665
vn -0.512741 0.602640 -0.611491
vn -0.719791 0.484578 -0.497076
vn -0.915182 0.276910 -0.292853
vn 0.496295 0.339641 -0.798959
vn 0.308482 0.368645 -0.876892
vn 0.310501 0.368435 -0.876267
vn 0.146295 0.380803 -0.913010
vn 0.030775 0.383021 -0.923227
vn -0.044122 0.381713 -0.923227
vn -0.159493 0.375465 -0.913011
vn -0.323169 0.357375 -0.876268
vn -0.507848 0.322116 -0.798957
vn -0.715812 0.256543 -0.649460
vn -0.912831 0.142561 -0.382644
vn 0.502074 0.008754 -0.864780
vn 0.314805 0.005491 -0.949141
vn 0.316838 0.005522 -0.948464
vn 0.152895 0.002662 -0.988239
vn 0.037449 0.000646 -0.999298
vn -0.037449 -0.000663 -0.999298
vn -0.152893 -0.002679 -0.988239
vn -0.316838 -0.005540 -0.948463
vn -0.502072 -0.008772 -0.864781
vn -0.711119 -0.012419 -0.702962
vn -0.910067 -0.015889 -0.414156
vn 0.507846 -0.322125 -0.798955
vn 0.321129 -0.357676 -0.876895
vn 0.323169 -0.357376 -0.876267
vn 0.159498 -0.375455 -0.913014
vn 0.044123 -0.381697 -0.923234
vn 0.999848 0.017439 -0.000000
vn 0.837895 -0.545831 0.000001
vn 0.837152 -0.503191 0.214419
vn 0.422011 -0.906591 0.000002
vn 0.420797 -0.837043 0.349698
vn 0.835022 -0.381730 0.396258
vn 0.417334 -0.638958 0.646193
vn 0.831838 -0.199965 0.517745
vn 0.412184 -0.342557 0.844251
vn 0.828097 0.014440 0.560399
vn 0.406110 0.007095 0.913797
vn 0.824351 0.228898 0.517737
vn 0.400037 0.356738 0.844221
vn 0.821167 0.410663 0.396283
vn 0.394891 0.653110 0.646148
vn 0.819059 0.532117 0.214462
vn 0.391446 0.851172 0.349681
vn 0.818305 0.574784 0.000000
vn 0.390217 0.920723 0.000000
vn 0.819060 0.532116 -0.214460
vn 0.391448 0.851172 -0.349678
vn 0.821166 0.410664 -0.396284
vn 0.394891 0.653112 -0.646147
vn 0.824352 0.228897 -0.517736
vn 0.400040 0.356737 -0.844220
vn 0.828099 0.014440 -0.560396
vn 0.406112 0.007095 -0.913796
vn 0.831839 -0.199963 -0.517743
vn 0.412187 -0.342556 -0.844250
vn 0.835026 -0.381726 -0.396253
vn 0.417344 -0.638955 -0.646189
vn 0.837154 -0.503188 -0.214415
vn 0.420808 -0.837040 -0.349693
vn 0.074453 0.001309 0.997224
vn 0.081057 -0.380270 0.921317
vn 0.086646 -0.703718 0.705176
vn 0.090384 -0.919883 0.381636
vn 0.091704 -0.995786 -0.000000
vn 0.090391 -0.919883 -0.381635
vn 0.086650 -0.703720 -0.705174
vn 0.081058 -0.380269 -0.921317
vn 0.074452 0.001309 -0.997224
vn 0.067859 0.382855 -0.921313
vn 0.062268 0.706322 -0.705146
vn 0.058511 0.922471 -0.381606
vn 0.057181 0.998364 -0.000000
vn 0.058511 0.922471 0.381607
vn 0.062268 0.706320 0.705149
vn 0.067858 0.382856 0.921313
vn -0.286377 0.958117 -0.000000
vn -0.577219 0.816590 -0.000002
vn -0.575292 0.705873 -0.413257
vn -0.284140 0.829116 -0.481488
vn -0.866358 0.499423 -0.000002
vn -0.865174 0.430511 -0.257164
vn -0.999848 -0.017460 -0.000001
vn -0.562817 -0.009816 -0.826523
vn -0.857382 -0.014959 -0.514464
vn -0.852914 -0.272152 -0.445501
vn -0.555611 -0.423017 -0.715788
vn -0.113528 -0.860949 0.495862
vn 0.015119 -0.865891 0.500004
vn 0.017459 -0.999848 0.000001
vn -0.111210 -0.993797 0.000001
vn -0.047688 -0.998862 0.000000
vn -0.252757 -0.967530 -0.000000
vn -0.255027 -0.838546 0.481458
vn -0.050019 -0.865193 0.498938
vn -0.548380 -0.836229 -0.000002
vn -0.550335 -0.725518 0.413225
vn -0.848416 -0.529330 -0.000002
vn -0.849607 -0.460451 0.257203
vn -0.255013 -0.838549 -0.481459
vn -0.550322 -0.725526 -0.413229
vn -0.849604 -0.460454 -0.257206
vn -0.137188 0.493529 -0.858841
vn -0.008729 0.499924 -0.866025
vn -0.015117 0.865896 -0.499995
vn -0.143528 0.856466 -0.495849
vn -0.119868 -0.498019 0.858842
vn 0.008728 -0.499922 0.866026
vn -0.261185 -0.486103 0.833958
vn -0.056404 -0.500004 0.864185
vn -0.555618 -0.423014 0.715785
vn -0.852917 -0.272152 0.445495
vn -0.080219 0.862915 -0.498941
vn -0.278001 0.476706 -0.833947
vn -0.073835 0.497725 -0.864187
vn -0.570021 0.403366 -0.715802
vn -0.861881 0.242182 -0.445543
vn -0.128527 -0.002239 0.991704
vn -0.000001 0.000003 1.000000
vn -0.269600 -0.004703 0.962961
vn -0.065122 -0.001142 0.997877
vn -0.562824 -0.009813 0.826518
vn -0.857386 -0.014957 0.514457
vn 0.015119 -0.865890 -0.500006
vn -0.113529 -0.860947 -0.495864
vn 0.008728 -0.499922 -0.866026
vn -0.119868 -0.498018 -0.858842
vn -0.056400 -0.500003 -0.864185
vn -0.261180 -0.486105 -0.833959
vn -0.050016 -0.865192 -0.498940
vn -0.137188 0.493528 0.858842
vn -0.008729 0.499924 0.866026
vn -0.278002 0.476712 0.833943
vn -0.073831 0.497725 0.864187
vn -0.570023 0.403372 0.715797
vn -0.861880 0.242185 0.445543
vn -0.128527 -0.002239 -0.991703
vn -0.000001 0.000003 -1.000000
vn -0.269598 -0.004704 -0.962961
vn -0.065123 -0.001142 -0.997877
vn -0.143528 0.856467 0.495847
vn -0.015117 0.865898 0.499992
vn -0.284133 0.829122 0.481481
vn -0.080213 0.862917 0.498939
vn -0.575292 0.705875 0.413254
vn -0.865176 0.430507 0.257165
vn -0.145847 0.989307 0.000001
vn -0.017455 0.999848 0.000001
vn -0.082553 0.996587 -0.000001
vn -0.122335 -0.002134 -0.992487
vn -0.113674 -0.498317 -0.859511
vn -0.130992 0.494034 -0.859518
vn -0.137329 0.857257 -0.496238
vn -0.139646 0.990202 0.000000
vn -0.139645 0.990202 -0.000001
vn -0.137327 0.857258 0.496236
vn -0.130992 0.494031 0.859520
vn -0.122335 -0.002133 0.992487
vn -0.113674 -0.498313 0.859513
vn -0.107330 -0.861526 0.496240
vn -0.105010 -0.994471 -0.000001
vn -0.107331 -0.861524 -0.496242
vn -0.865894 -0.015115 -0.499999
vn -0.999848 -0.017453 0.000000
vn -0.499926 -0.008726 -0.866024
vn 0.000000 -0.000000 -1.000000
vn 0.499926 0.008726 -0.866024
vn 0.865894 0.015114 -0.499999
vn 0.999848 0.017452 0.000000
vn 0.865894 0.015114 0.499999
vn 0.499926 0.008726 0.866024
vn 0.000000 -0.000000 1.000000
vn -0.499926 -0.008726 0.866024
vn -0.865894 -0.015115 0.499999
vn -0.017452 0.999848 0.000000
vn -0.017452 0.999848 -0.000000
vn 0.000001 0.000000 1.000000
vn -0.999848 -0.017453 -0.000001
vn 0.999848 0.017453 -0.000001
vn -0.365419 0.879399 -0.305167
vn -0.171151 0.930709 -0.323245
vn -0.180859 0.983509 -0.000005
vn -0.383729 0.923446 -0.000001
vn -0.888319 -0.459226 -0.000009
vn -0.939358 -0.342939 -0.000003
vn -0.947759 -0.242014 0.207802
vn -0.903730 -0.321651 0.282511
vn -0.667268 0.529841 -0.523471
vn -0.428435 0.740922 -0.517182
vn -0.660172 0.751114 0.000007
vn -0.097041 -0.367821 -0.924819
vn -0.012749 -0.368526 -0.929530
vn -0.020585 -0.000337 -0.999788
vn -0.111115 -0.001916 -0.993806
vn -0.000000 0.000034 -1.000000
vn 0.006431 -0.368321 -0.929677
vn -0.273602 -0.357820 -0.892808
vn -0.298964 -0.005210 -0.954250
vn -0.621811 0.566148 -0.541136
vn -0.503110 0.625178 -0.596685
vn -0.478793 0.877928 -0.000017
vn -0.596211 0.802828 -0.000007
vn -0.494526 -0.008642 -0.869120
vn -0.507424 -0.528886 -0.680294
vn -0.109761 0.364257 -0.924808
vn -0.285834 0.348067 -0.892832
vn -0.017462 0.999848 0.000000
vn -0.073776 0.997275 -0.000007
vn -0.069759 0.942561 0.326670
vn -0.016492 0.944288 0.328707
vn -0.226908 0.973916 -0.000010
vn -0.427354 0.904085 0.000003
vn -0.406811 0.860666 0.306200
vn -0.215193 0.923503 0.317545
vn -0.215134 0.923510 -0.317565
vn -0.406843 0.860653 -0.306195
vn -0.692642 0.650154 -0.312326
vn -0.661405 0.742012 -0.109372
vn -0.525472 0.510890 -0.680346
vn -0.914405 0.289890 -0.282537
vn -0.955622 0.208779 -0.207840
vn -0.952845 -0.016656 -0.302999
vn -0.910046 -0.015890 -0.414203
vn -0.069698 0.942561 -0.326682
vn -0.016492 0.944288 -0.328706
vn -0.017422 0.999848 0.000003
vn -0.016502 0.948252 0.317090
vn 0.001328 -0.356636 0.934242
vn 0.004641 -0.355414 0.934697
vn -0.017999 -0.002511 0.999835
vn -0.058488 -0.014658 0.998181
vn 0.006200 -0.355161 0.934785
vn -0.000006 -0.000018 1.000000
vn -0.670095 0.742275 -0.000004
vn -0.729204 0.684297 -0.000007
vn -0.752238 0.475647 -0.455958
vn -0.694448 0.519804 -0.497539
vn -0.000003 0.000004 1.000000
vn 0.000001 0.000025 1.000000
vn -0.006431 0.368388 0.929650
vn 0.017430 -0.999848 0.000007
vn -0.000993 -1.000000 0.000001
vn -0.000933 -0.948429 -0.316987
vn 0.016531 -0.948284 -0.316992
vn -0.025529 0.367900 -0.929515
vn -0.089496 -0.995987 -0.000004
vn -0.344094 -0.938935 -0.000004
vn -0.328438 -0.896083 -0.298604
vn -0.084928 -0.945072 -0.315637
vn -0.980020 -0.198899 -0.000008
vn -0.947771 -0.241966 -0.207802
vn -0.974618 -0.172344 -0.142891
vn -0.985707 -0.017223 -0.167585
vn -0.035928 0.999354 0.000001
vn -0.034078 0.947823 0.316970
vn -0.006432 0.368380 -0.929653
vn -0.002603 -0.359984 0.932955
vn -0.098857 -0.047578 0.993964
vn -0.428485 0.740909 0.517159
vn -0.667286 0.529837 0.523453
vn -0.073234 -0.108428 0.991403
vn 0.014978 -0.368856 0.929366
vn -0.829123 -0.559066 -0.000004
vn -0.850384 -0.392667 -0.350228
vn -0.903752 -0.321591 -0.282509
vn -0.111062 0.329481 0.937607
vn -0.184292 0.270543 0.944904
vn -0.180460 0.176720 0.967577
vn -0.124226 0.992254 -0.000009
vn -0.376644 0.926358 -0.000003
vn -0.359453 0.884104 0.298585
vn -0.117897 0.941539 0.315602
vn -0.980027 0.138260 -0.142941
vn -0.001376 -0.948438 0.316960
vn 0.016566 -0.948285 0.316989
vn -0.038322 0.350902 0.935628
vn 0.006215 -0.355967 -0.934478
vn 0.000006 -0.000019 -1.000000
vn -0.006210 0.355127 0.934797
vn -0.084244 -0.996445 0.000007
vn -0.260756 -0.965405 -0.000005
vn -0.248254 -0.919194 0.305699
vn -0.079922 -0.945537 0.315552
vn 0.016536 -0.944256 -0.328796
vn 0.017438 -0.999848 0.000000
vn -0.709703 -0.704501 -0.000012
vn -0.412373 -0.757593 0.505965
vn -0.723747 -0.504376 0.470950
vn -0.839684 0.383583 0.384440
vn -0.740898 0.478827 0.470951
vn -0.733851 0.679310 -0.000001
vn -0.835121 0.550066 0.000001
vn -0.448080 -0.893994 -0.000007
vn -0.248293 -0.919182 -0.305706
vn -0.429661 -0.857190 -0.283930
vn 0.037431 -0.999299 0.000002
vn 0.035346 -0.943657 -0.329033
vn 0.016508 -0.944257 0.328796
vn 0.035347 -0.943655 0.329038
vn -0.084915 -0.945076 0.315628
vn -0.766277 -0.642511 -0.000002
vn -0.850368 -0.392680 0.350253
vn -0.792534 -0.452759 0.408534
vn -0.955630 0.208769 0.207814
vn -0.914398 0.289906 0.282544
vn -0.910033 -0.015901 0.414231
vn -0.952847 -0.016651 0.302995
vn -0.079957 -0.945538 -0.315540
vn -0.109618 0.364267 0.924821
vn -0.025580 0.367942 0.929497
vn -0.020652 -0.000311 0.999787
vn -0.110980 -0.001923 0.993821
vn -0.109965 0.330175 -0.937492
vn -0.038279 0.351710 -0.935326
vn -0.017975 -0.002507 -0.999835
vn -0.057370 -0.014595 -0.998246
vn -0.006221 0.355928 -0.934493
vn -0.000008 -0.000018 -1.000000
vn 0.017457 -0.999848 -0.000000
vn -0.285658 0.348056 0.892892
vn -0.298773 -0.005209 0.954310
vn -0.183286 0.270843 -0.945013
vn -0.097805 -0.047530 -0.994070
vn -0.494445 -0.008638 0.869166
vn -0.525450 0.510869 0.680379
vn -0.096932 -0.367844 0.924822
vn -0.273424 -0.357807 0.892868
vn -0.507333 -0.528888 0.680361
vn -0.438847 0.742665 -0.505827
vn -0.741004 0.478763 -0.470850
vn -0.985708 -0.017222 0.167582
vn -0.980038 0.138210 0.142911
vn -0.974613 -0.172366 0.142895
vn -0.018170 -0.000303 -0.999835
vn -0.023315 0.367726 -0.929642
vn -0.106225 -0.001836 -0.994340
vn -0.357764 -0.006216 -0.933792
vn -0.341813 0.339214 -0.876412
vn -0.105258 0.363690 -0.925554
vn -0.012821 -0.368521 0.929531
vn -0.073234 -0.108452 -0.991401
vn -0.180469 0.176619 -0.967593
vn -0.858491 -0.015007 0.512609
vn -0.863488 0.362853 0.350323
vn -0.807861 0.424820 0.408520
vn -0.802045 -0.014022 0.597099
vn -0.792545 -0.452776 -0.408491
vn -0.802091 -0.014030 -0.597037
vn -0.858521 -0.014985 -0.512559
vn 0.006429 -0.368310 0.929681
vn -0.036162 0.999346 -0.000000
vn -0.034277 0.947785 -0.317062
vn -0.016527 0.948243 -0.317117
vn -0.692599 0.650198 0.312329
vn -0.661391 0.742023 0.109377
vn -0.118844 0.992913 0.000005
vn -0.294093 0.955777 -0.000005
vn -0.280017 0.910021 -0.305700
vn -0.112777 0.942170 -0.315590
vn -0.171149 0.930713 0.323236
vn -0.365430 0.879395 0.305165
vn 0.002356 -0.357217 -0.934018
vn -0.001610 -0.360170 -0.932885
vn 0.014995 -0.368856 -0.929365
vn -0.718819 -0.012529 -0.695084
vn -0.414880 -0.549566 -0.725156
vn -0.723851 -0.504314 -0.470858
vn -0.621809 0.566148 0.541138
vn -0.614197 -0.010739 0.789080
vn -0.903784 0.427988 -0.000006
vn -0.950735 0.310003 -0.000018
vn -0.280011 0.910025 0.305693
vn -0.459121 0.841803 0.283860
vn 0.004654 -0.356214 -0.934393
vn -0.694477 0.519809 0.497493
vn -0.687425 -0.011994 0.726157
vn -0.112763 0.942169 0.315598
vn 0.341650 0.005960 0.939808
vn 0.000000 0.000018 1.000000
vn -0.010473 -0.368290 -0.929652
vn -0.092496 -0.367108 -0.925568
vn -0.986360 0.164602 -0.000024
vn -0.018297 -0.000319 0.999833
vn -0.023435 0.367680 0.929657
vn -0.459071 0.841819 -0.283893
vn -0.848003 0.529991 -0.000011
vn -0.106451 -0.001842 0.994316
vn -0.105474 0.363682 0.925533
vn -0.429619 -0.857216 0.283915
vn -0.341648 -0.005960 0.939809
vn -0.503117 0.625159 0.596699
vn -0.825808 -0.412626 -0.384422
vn -0.648542 -0.552698 -0.523372
vn -0.641975 -0.011174 -0.766644
vn -0.821760 -0.014309 -0.569654
vn -0.017470 0.999847 -0.000001
vn -0.788241 0.615366 -0.000011
vn -0.863497 0.362848 -0.350305
vn -0.807885 0.424791 -0.408502
vn -0.839657 0.383604 -0.384478
vn -0.687338 -0.012014 -0.726239
vn -0.746134 -0.013059 -0.665668
vn -0.735141 -0.501685 -0.455939
vn -0.675941 -0.543694 -0.497495
vn -0.422804 0.535264 -0.731251
vn -0.362821 -0.006343 -0.931837
vn -0.614218 -0.010737 -0.789064
vn 0.939626 0.016404 -0.341810
vn 0.999848 0.017452 0.000000
vn 0.999848 0.017451 -0.000000
vn -0.160513 -0.002818 -0.987030
vn -0.156339 0.350465 -0.923435
vn -0.347469 0.331036 -0.877314
vn -0.404025 -0.549633 -0.731209
vn 0.000001 -0.000015 1.000000
vn -0.601683 -0.587484 -0.541147
vn -0.329756 -0.350884 -0.876437
vn -0.433822 0.534780 -0.725127
vn -0.328355 -0.896116 0.298595
vn -0.412693 -0.757505 -0.505836
vn -0.643889 -0.765119 -0.000002
vn -0.704792 -0.709414 -0.000001
vn -0.735126 -0.501686 0.455961
vn -0.675974 -0.543687 0.497457
vn -0.335710 -0.342983 -0.877304
vn -0.144003 -0.355736 -0.923426
vn -0.117856 0.941539 -0.315618
vn -0.359471 0.884094 -0.298595
vn -0.438585 0.742735 0.505953
vn 0.939626 0.016395 0.341809
vn 0.001726 0.006343 -0.999978
vn 0.000001 0.000023 -1.000000
vn -0.342417 -0.005912 -0.939529
vn -0.339414 0.005348 -0.940622
vn -0.322696 0.053488 -0.944990
vn 0.011203 0.032762 -0.999400
vn -0.269313 0.148466 -0.951540
vn 0.101005 0.076610 -0.991932
vn 0.040982 0.085268 -0.995515
vn 0.355519 -0.002596 -0.934665
vn 0.346341 0.013541 -0.938011
vn 0.343556 0.008293 -0.939096
vn 0.342637 0.006577 -0.939445
vn 0.001738 0.006329 0.999978
vn -0.092702 -0.367111 0.925546
vn -0.010590 -0.368273 0.929657
vn 0.342978 0.009050 0.939300
vn 0.011223 0.033499 0.999376
vn -0.633756 -0.773533 0.000005
vn -0.815435 -0.578849 -0.000003
vn -0.825837 -0.412605 0.384383
vn -0.648558 -0.552700 0.523351
vn 0.346153 0.014230 0.938070
vn 0.355528 -0.002651 0.934662
vn 0.100999 0.076652 0.991929
vn 0.040994 0.085994 0.995452
vn -0.269084 0.149167 0.951495
vn -0.322080 0.054135 0.945164
vn -0.338627 0.005339 0.940906
vn 0.939660 -0.003886 -0.342087
vn 0.999991 -0.004123 -0.000004
vn 0.939663 -0.003862 0.342080
vn -1.000000 0.000539 0.000002
vn -0.999848 -0.017447 -0.000000
vn -0.939596 -0.016398 0.341891
vn -0.940508 0.000501 0.339772
vn -0.939706 0.085927 0.331012
vn -0.995844 0.091077 -0.000001
vn -0.897491 0.305670 0.317925
vn -0.782480 0.613299 0.107651
vn -0.946606 0.322394 -0.000005
vn -0.782495 0.613281 -0.107651
vn -0.897491 0.305663 -0.317932
vn -0.939703 0.085958 -0.331013
vn -0.351441 -0.936210 -0.000008
vn -0.402454 -0.755359 -0.517169
vn -0.940509 0.000512 -0.339768
vn -0.939596 -0.016393 -0.341891
vn -0.146397 -0.989226 -0.000006
vn -0.138539 -0.936105 -0.323287
vn -0.334667 -0.891554 -0.305170
vn -0.402518 -0.755346 0.517137
vn 0.279572 -0.791139 0.544003
vn 0.589505 -0.588983 0.552796
vn 0.598014 -0.792244 0.121364
vn 0.220469 -0.975394 0.000003
vn -0.334688 -0.891551 0.305156
vn -0.138532 -0.936110 0.323276
vn 0.589490 -0.588962 -0.552833
vn 0.279549 -0.791131 -0.544026
vn 0.598026 -0.792235 -0.121363
vn -0.642032 -0.011183 0.766596
vn -0.821815 -0.014318 0.569574
vn 0.208445 -0.922220 -0.325669
vn 0.208454 -0.922216 0.325676
vn 0.921751 -0.190890 0.337545
vn 0.979225 -0.202777 -0.000008
vn -0.752227 0.475671 0.455951
vn 0.921752 -0.190861 -0.337559
vn -0.718606 -0.012533 0.695304
vn -0.567864 -0.823122 -0.000003
vn 0.789212 -0.267971 -0.552572
vn 0.794701 -0.595392 -0.118148
vn -0.481170 -0.642265 -0.596633
vn 0.789223 -0.268014 0.552536
vn 0.794711 -0.595381 0.118140
vn -0.357455 -0.006232 0.933910
vn -0.329450 -0.350960 0.876522
vn 0.017475 -0.999847 -0.000002
vn 0.173441 -0.174472 -0.969266
vn 0.366979 -0.196024 -0.909341
vn -0.601652 -0.587503 0.541160
vn 0.200350 -0.374365 -0.905379
vn -0.414630 -0.549644 0.725241
vn 0.273170 -0.587078 -0.762048
vn 0.581563 -0.268182 -0.768025
vn -0.999848 -0.017457 -0.000015
vn -0.433595 0.534831 0.725225
vn -0.481110 -0.642271 0.596675
vn -0.746124 -0.013022 0.665680
vn -0.403520 -0.549583 0.731526
vn -0.361946 -0.006315 0.932177
vn 0.173426 -0.174450 0.969273
vn -0.341524 0.339261 0.876506
vn 0.367015 -0.196008 0.909330
vn -0.999848 -0.017454 0.000000
vn 0.273173 -0.587096 0.762033
vn 0.581584 -0.268188 0.768007
vn 0.200336 -0.374406 0.905365
vn -0.023034 0.999735 0.000003
vn -0.021755 0.944212 0.328619
vn -0.038717 0.943782 0.328295
vn -0.040984 0.999160 -0.000003
vn -0.075036 0.941900 0.327404
vn -0.079412 0.996842 -0.000004
vn -0.075035 0.941897 -0.327413
vn -0.038709 0.943780 -0.328300
vn -0.160085 -0.002806 0.987099
vn -0.143637 -0.355286 0.923656
vn -0.334913 -0.342824 0.877670
vn -0.021755 0.944214 -0.328614
vn -0.005210 -0.000111 0.999986
vn 0.001330 -0.355219 0.934782
vn -0.015174 -0.355451 0.934572
vn -0.022870 -0.000423 0.999738
vn -0.050982 -0.355986 0.933100
vn -0.061158 -0.001088 0.998128
vn -0.155956 0.350035 0.923663
vn -0.063367 0.353952 0.933114
vn -0.027585 0.354660 0.934588
vn -0.011070 0.355011 0.934797
vn 0.011855 -0.999930 -0.000000
vn 0.011197 -0.944369 -0.328697
vn -0.422272 0.535252 0.731568
vn -0.005705 -0.944539 -0.328349
vn -0.006044 -0.999982 0.000003
vn -0.346654 0.330929 0.877677
vn -0.042104 -0.943933 -0.327440
vn -0.044565 -0.999007 0.000000
vn -0.042112 -0.943933 0.327440
vn -0.005713 -0.944538 0.328354
vn 0.011196 -0.944369 0.328697
vn -0.005585 -0.000120 -0.999984
vn -0.011429 0.355594 -0.934571
vn -0.027973 0.354885 -0.934492
vn -0.023286 -0.000424 -0.999729
vn -0.062855 0.354217 -0.933048
vn -0.060616 -0.001063 -0.998161
vn -0.050468 -0.356205 -0.933044
vn -0.015560 -0.355677 -0.934479
vn 0.000989 -0.355818 -0.934555
vn -0.180756 0.983528 0.000127
vn -0.384187 0.923255 0.000165
vn -0.888268 -0.459326 0.000266
vn -0.939487 -0.342585 0.000272
vn -0.014218 -0.367508 -0.929912
vn -0.022135 -0.000347 -0.999755
vn -0.000001 -0.000019 -1.000000
vn 0.006404 -0.366945 -0.930220
vn -0.271807 -0.358971 -0.892895
vn -0.297199 -0.005186 -0.954801
vn -0.478670 0.877995 0.000101
vn -0.595956 0.803017 0.000196
vn -0.493448 -0.008630 -0.869733
vn -0.506106 -0.529913 -0.680477
vn -0.284063 0.349267 -0.892928
vn -0.073776 0.997275 0.000148
vn -0.226936 0.973910 0.000135
vn -0.524255 0.511930 -0.680503
vn -0.670472 0.741935 0.000105
vn -0.729407 0.684080 0.000123
vn -0.006409 0.366945 0.930221
vn -0.026959 0.366862 -0.929885
vn -0.089020 -0.996030 0.000207
vn -0.345008 -0.938600 0.000190
vn -0.980062 -0.198691 0.000283
vn -0.006408 0.366971 -0.930210
vn -0.828822 -0.559512 0.000264
vn -0.123713 0.992318 0.000214
vn -0.377576 0.925979 0.000195
vn -0.261189 -0.965288 0.000001
vn -0.710351 -0.703848 0.000135
vn -0.734488 0.678622 0.000137
vn -0.448007 -0.894030 0.000103
vn -0.766033 -0.642801 0.000248
vn -0.107429 0.363308 0.925455
vn -0.025561 0.366512 0.930062
vn -0.108585 -0.001897 0.994085
vn -0.111037 0.329448 -0.937622
vn -0.058465 -0.014663 -0.998182
vn -0.094748 -0.366839 0.925447
vn -0.441279 0.741888 -0.504852
vn -0.742355 0.477684 -0.469816
vn -0.103874 -0.001784 -0.994589
vn -0.296681 0.108376 -0.948807
vn -0.342321 0.339224 -0.876210
vn -0.103048 0.364106 -0.925639
vn -0.012828 -0.367140 0.930077
vn -0.857748 -0.015002 0.513851
vn 0.006394 -0.366901 0.930238
vn -0.720672 -0.012547 -0.693162
vn -0.412354 -0.136418 -0.900752
vn -0.725233 -0.503287 -0.469828
vn -0.903722 0.428120 0.000258
vn -0.950847 0.309661 0.000266
vn 0.000002 -0.000032 1.000000
vn -0.090299 -0.367426 -0.925659
vn -0.986391 0.164417 0.000286
vn -0.847672 0.530521 0.000266
vn 0.000002 0.000019 -1.000000
vn -0.787974 0.615708 0.000256
vn -0.688475 -0.012024 -0.725160
vn -0.292704 -0.118611 -0.948818
vn -0.416858 0.122003 -0.900747
vn -0.415053 -0.756849 -0.504888
vn -0.644263 -0.764804 0.000103
vn -0.705013 -0.709194 0.000120
vn 0.000002 -0.000018 -1.000000
vn -0.815115 -0.579299 0.000110
vn 0.999991 -0.004166 0.000117
vn -0.995850 0.091007 0.000147
vn -0.946631 0.322318 0.000141
vn -0.351883 -0.936044 0.000159
vn -0.146286 -0.989242 0.000114
vn 0.979228 -0.202760 0.000079
vn -0.567567 -0.823327 0.000190
vn -0.294034 -0.119109 0.948344
vn -0.410156 -0.136409 0.901757
vn -0.999848 -0.017445 0.000295
vn -0.414654 0.122089 0.901752
vn -0.298015 0.108859 0.948334
vn -0.041053 0.999157 0.000118
vn -0.079210 0.996858 0.000083
vn 0.011710 -0.999931 0.000159
vn -0.002612 -0.359974 -0.932959
vn -0.098862 -0.047587 -0.993963
vn -0.184293 0.270516 -0.944911
vn -0.001444 -0.999999 -0.000002
vn -0.084183 -0.996450 -0.000008
vn -0.109964 0.330175 0.937492
vn -0.057365 -0.014575 0.998247
vn -0.183284 0.270823 0.945020
vn -0.097807 -0.047525 0.994070
vn -0.294098 0.955775 0.000014
vn 0.002363 -0.357181 0.934032
vn -0.000001 -0.000000 -1.000000
vn -0.000000 0.000000 -1.000000
vn -0.017390 0.999849 -0.000002
vn -0.000001 -0.000000 1.000000
vn -1.000000 0.000530 -0.000000
vn -0.000000 0.000006 1.000000
vn -0.023037 0.999735 -0.000003
vn -0.044567 -0.999006 -0.000003
vn -0.660108 0.751170 -0.000148
vn -0.022129 -0.000351 0.999755
vn -0.014202 -0.367515 0.929909
vn -0.271817 -0.358985 0.892886
vn -0.297216 -0.005206 0.954796
vn -0.284084 0.349244 0.892930
vn -0.427331 0.904095 -0.000126
vn -0.026963 0.366861 0.929885
vn 0.000001 0.000000 1.000000
vn -0.834834 0.550502 -0.000112
vn 0.037470 -0.999298 -0.000108
vn -0.107440 0.363287 -0.925462
vn -0.108589 -0.001894 -0.994085
vn -0.025565 0.366522 -0.930058
vn -0.495611 -0.008645 -0.868502
vn -0.094745 -0.366813 -0.925458
vn -0.742363 0.477674 0.469813
vn -0.441280 0.741882 0.504859
vn -0.103859 -0.001772 0.994591
vn -0.103035 0.364104 0.925641
vn -0.342312 0.339227 0.876212
vn -0.296670 0.108386 0.948810
vn -0.012822 -0.367105 -0.930091
vn -0.857754 -0.015013 -0.513840
vn -0.119019 0.992892 -0.000060
vn -0.720677 -0.012546 0.693157
vn -0.725238 -0.503280 0.469829
vn -0.412360 -0.136404 0.900752
vn 0.341608 0.005960 -0.939824
vn -0.090285 -0.367403 0.925669
vn -0.292709 -0.118610 0.948817
vn -0.330277 -0.350902 0.876233
vn -0.416864 0.122003 0.900744
vn -0.415078 -0.756834 0.504889
vn -0.633681 -0.773594 -0.000147
vn 0.220459 -0.975396 -0.000080
vn -0.294014 -0.119114 -0.948350
vn -0.410150 -0.136414 -0.901758
vn -0.414667 0.122102 -0.901744
vn -0.297998 0.108858 -0.948339
vn -0.006115 -0.999981 -0.000122

usemtl Paint
f 26249/20222/17080 26253/20221/17079 26252/20220/17078 26391/20219/17077
f 26252/20220/17078 26253/20221/17079 26251/20224/17082 26419/20223/17081
f 26251/20224/17082 26253/20221/17079 26250/20226/17084 26390/20225/17083
f 26250/20226/17084 26253/20221/17079 26249/20222/17080 26389/20227/17085
f 26244/20231/17089 26248/20230/17088 26247/20229/17087 26392/20228/17086
f 26247/20229/17087 26248/20230/17088 26246/20233/17091 26422/20232/17090
f 26246/20233/17091 26248/20230/17088 26245/20235/17093 26386/20234/17092
f 26245/20235/17093 26248/20230/17088 26244/20231/17089 26385/20236/17094
f 26239/20240/17098 26243/20239/17097 26242/20238/17096 26387/20237/17095
f 26242/20238/17096 26243/20239/17097 26241/20242/17100 26421/20241/17099
f 26241/20242/17100 26243/20239/17097 26240/20244/17102 26382/20243/17101
f 26240/20244/17102 26243/20239/17097 26239/20240/17098 26381/20236/17103
f 26234/20246/17107 26238/20245/17106 26237/20229/17105 26383/20228/17104
f 26237/20229/17105 26238/20245/17106 26236/20247/17109 26420/20232/17108
f 26236/20247/17109 26238/20245/17106 26235/20249/17111 26379/20248/17110
f 26235/20249/17111 26238/20245/17106 26234/20246/17107 26378/20227/17112
f 26229/20253/17116 26233/20252/17115 26232/20251/17114 26375/20250/17113
f 26232/20251/17114 26233/20252/17115 26231/20255/17118 26414/20254/17117
f 26231/20255/17118 26233/20252/17115 26230/20257/17120 26374/20256/17119
f 26230/20257/17120 26233/20252/17115 26229/20253/17116 26373/20258/17121
f 26224/20262/17125 26228/20261/17124 26227/20260/17123 26376/20259/17122
f 26227/20260/17123 26228/20261/17124 26226/20264/17127 26417/20263/17126
f 26226/20264/17127 26228/20261/17124 26225/20266/17129 26370/20265/17128
f 26225/20266/17129 26228/20261/17124 26224/20262/17125 26369/20267/17130
f 26219/20271/17134 26223/20270/17133 26222/20269/17132 26371/20268/17131
f 26222/20269/17132 26223/20270/17133 26221/20273/17136 26416/20272/17135
f 26221/20273/17136 26223/20270/17133 26220/20275/17138 26366/20274/17137
f 26220/20275/17138 26223/20270/17133 26219/20271/17134 26365/20267/17139
f 26214/20277/17143 26218/20276/17142 26217/20260/17141 26367/20259/17140
f 26217/20260/17141 26218/20276/17142 26216/20278/17145 26415/20263/17144
f 26216/20278/17145 26218/20276/17142 26215/20280/17147 26363/20279/17146
f 26215/20280/17147 26218/20276/17142 26214/20277/17143 26362/20258/17148
f 26209/20284/17152 26213/20283/17151 26212/20282/17150 26359/20281/17149
f 26212/20282/17150 26213/20283/17151 26211/20286/17154 26410/20285/17153
f 26211/20286/17154 26213/20283/17151 26210/20288/17156 26358/20287/17155
f 26210/20288/17156 26213/20283/17151 26209/20284/17152 26357/20289/17157
f 26204/20293/17161 26208/20292/17160 26207/20291/17159 26360/20290/17158
f 26207/20291/17159 26208/20292/17160 26206/20295/17163 26412/20294/17162
f 26206/20295/17163 26208/20292/17160 26205/20297/17165 26355/20296/17164
f 26205/20297/17165 26208/20292/17160 26204/20293/17161 26354/20298/17166
f 26199/20302/17170 26203/20301/17169 26202/20300/17168 26356/20299/17167
f 26202/20300/17168 26203/20301/17169 26201/20247/17171 26422/20232/17090
f 26201/20247/17171 26203/20301/17169 26200/20303/17173 26393/20248/17172
f 26200/20303/17173 26203/20301/17169 26199/20302/17170 26351/20304/17174
f 26194/20308/17178 26198/20307/17177 26197/20306/17176 26352/20305/17175
f 26197/20306/17176 26198/20307/17177 26196/20310/17180 26411/20309/17179
f 26196/20310/17180 26198/20307/17177 26195/20312/17182 26349/20311/17181
f 26195/20312/17182 26198/20307/17177 26194/20308/17178 26348/20313/17183
f 26189/20315/17187 26193/20314/17186 26192/20282/17185 26345/20281/17184
f 26192/20282/17185 26193/20314/17186 26191/20316/17189 26406/20285/17188
f 26191/20316/17189 26193/20314/17186 26190/20318/17191 26344/20317/17190
f 26190/20318/17191 26193/20314/17186 26189/20315/17187 26343/20313/17192
f 26184/20320/17196 26188/20319/17195 26187/20306/17194 26346/20305/17193
f 26187/20306/17194 26188/20319/17195 26186/20321/17198 26408/20309/17197
f 26186/20321/17198 26188/20319/17195 26185/20323/17200 26341/20322/17199
f 26185/20323/17200 26188/20319/17195 26184/20320/17196 26340/20304/17201
f 26179/20325/17205 26183/20324/17204 26182/20300/17203 26342/20299/17202
f 26182/20300/17203 26183/20324/17204 26181/20233/17206 26420/20232/17108
f 26181/20233/17206 26183/20324/17204 26180/20326/17208 26384/20234/17207
f 26180/20326/17208 26183/20324/17204 26179/20325/17205 26337/20298/17209
f 26174/20328/17213 26178/20327/17212 26177/20291/17211 26338/20290/17210
f 26177/20291/17211 26178/20327/17212 26176/20329/17215 26407/20294/17214
f 26176/20329/17215 26178/20327/17212 26175/20331/17217 26335/20330/17216
f 26175/20331/17217 26178/20327/17212 26174/20328/17213 26334/20289/17218
f 26169/20335/17222 26173/20334/17221 26172/20333/17220 26332/20332/17219
f 26172/20333/17220 26173/20334/17221 26171/20337/17224 26404/20336/17223
f 26171/20337/17224 26173/20334/17221 26170/20339/17226 26331/20338/17225
f 26170/20339/17226 26173/20334/17221 26169/20335/17222 26330/20340/17227
f 26164/20344/17231 26168/20343/17230 26167/20342/17229 26333/20341/17228
f 26167/20342/17229 26168/20343/17230 26166/20295/17232 26407/20294/17214
f 26166/20295/17232 26168/20343/17230 26165/20345/17234 26339/20296/17233
f 26165/20345/17234 26168/20343/17230 26164/20344/17231 26328/20346/17235
f 26159/20350/17239 26163/20349/17238 26162/20348/17237 26329/20347/17236
f 26162/20348/17237 26163/20349/17238 26161/20242/17240 26421/20241/17099
f 26161/20242/17240 26163/20349/17238 26160/20351/17242 26388/20243/17241
f 26160/20351/17242 26163/20349/17238 26159/20350/17239 26326/20346/17243
f 26154/20353/17247 26158/20352/17246 26157/20342/17245 26327/20341/17244
f 26157/20342/17245 26158/20352/17246 26156/20329/17248 26412/20294/17162
f 26156/20329/17248 26158/20352/17246 26155/20354/17250 26361/20330/17249
f 26155/20354/17250 26158/20352/17246 26154/20353/17247 26324/20340/17251
f 26149/20358/17255 26153/20357/17254 26152/20356/17253 26263/20355/17252
f 26152/20356/17253 26153/20357/17254 26151/20360/17257 26292/20359/17256
f 26151/20360/17257 26153/20357/17254 26150/20362/17259 26321/20361/17258
f 26150/20362/17259 26153/20357/17254 26149/20358/17255 26262/20363/17260
f 26144/20367/17264 26148/20366/17263 26147/20365/17262 26323/20364/17261
f 26147/20365/17262 26148/20366/17263 26146/20321/17265 26411/20309/17179
f 26146/20321/17265 26148/20366/17263 26145/20368/17267 26353/20322/17266
f 26145/20368/17267 26148/20366/17263 26144/20367/17264 26318/20369/17268
f 26139/20373/17272 26143/20372/17271 26142/20371/17270 26319/20370/17269
f 26142/20371/17270 26143/20372/17271 26141/20224/17273 26419/20223/17081
f 26141/20224/17273 26143/20372/17271 26140/20374/17275 26380/20225/17274
f 26140/20374/17275 26143/20372/17271 26139/20373/17272 26316/20369/17276
f 26134/20376/17280 26138/20375/17279 26137/20365/17278 26317/20364/17277
f 26137/20365/17278 26138/20375/17279 26136/20310/17281 26408/20309/17197
f 26136/20310/17281 26138/20375/17279 26135/20377/17283 26347/20311/17282
f 26135/20377/17283 26138/20375/17279 26134/20376/17280 26314/20378/17284
f 26129/20382/17288 26133/20381/17287 26132/20380/17286 26311/20379/17285
f 26132/20380/17286 26133/20381/17287 26131/20316/17289 26410/20285/17153
f 26131/20316/17289 26133/20381/17287 26130/20383/17291 26350/20317/17290
f 26130/20383/17291 26133/20381/17287 26129/20382/17288 26310/20384/17292
f 26124/20388/17296 26128/20387/17295 26127/20386/17294 26312/20385/17293
f 26127/20386/17294 26128/20387/17295 26126/20390/17298 26400/20389/17297
f 26126/20390/17298 26128/20387/17295 26125/20392/17300 26308/20391/17299
f 26125/20392/17300 26128/20387/17295 26124/20388/17296 26307/20393/17301
f 26119/20397/17305 26123/20396/17304 26122/20395/17303 26309/20394/17302
f 26122/20395/17303 26123/20396/17304 26121/20264/17306 26415/20263/17144
f 26121/20264/17306 26123/20396/17304 26120/20398/17308 26368/20265/17307
f 26120/20398/17308 26123/20396/17304 26119/20397/17305 26304/20399/17309
f 26114/20403/17313 26118/20402/17312 26117/20401/17311 26305/20400/17310
f 26117/20401/17311 26118/20402/17312 26116/20405/17315 26399/20404/17314
f 26116/20405/17315 26118/20402/17312 26115/20407/17317 26303/20406/17316
f 26115/20407/17317 26118/20402/17312 26114/20403/17313 26302/20408/17318
f 26110/20412/17322 26113/20411/17321 26112/20410/17320 26254/20409/17319
f 26112/20410/17320 26113/20411/17325 26111/20414/17324 26299/20413/17323
f 26111/20414/17324 26113/20411/17326 26152/20356/17253 26292/20359/17256
f 26152/20356/17253 26113/20411/17325 26110/20412/17322 26263/20355/17252
f 26105/20418/17330 26109/20417/17329 26108/20416/17328 26300/20415/17327
f 26108/20416/17328 26109/20417/17329 26107/20390/17332 26397/20389/17331
f 26107/20390/17332 26109/20417/17329 26106/20419/17334 26296/20391/17333
f 26106/20419/17334 26109/20417/17329 26105/20418/17330 26295/20420/17335
f 26100/20424/17339 26104/20423/17338 26103/20422/17337 26297/20421/17336
f 26103/20422/17337 26104/20423/17338 26102/20255/17340 26414/20254/17117
f 26102/20255/17340 26104/20423/17338 26101/20425/17342 26364/20256/17341
f 26101/20425/17342 26104/20423/17338 26100/20424/17339 26293/20420/17343
f 26095/20427/17347 26099/20426/17346 26098/20416/17345 26294/20415/17344
f 26098/20416/17345 26099/20426/17346 26097/20428/17348 26400/20389/17297
f 26097/20428/17348 26099/20426/17346 26096/20430/17350 26313/20429/17349
f 26096/20430/17350 26099/20426/17346 26095/20427/17347 26292/20359/17256
f 26090/20432/17354 26094/20431/17353 26093/20380/17352 26289/20379/17351
f 26093/20380/17352 26094/20431/17353 26092/20286/17355 26406/20285/17188
f 26092/20286/17355 26094/20431/17353 26091/20433/17357 26336/20287/17356
f 26091/20433/17357 26094/20431/17353 26090/20432/17354 26288/20408/17358
f 26085/20435/17362 26089/20434/17361 26088/20401/17360 26290/20400/17359
f 26088/20401/17360 26089/20434/17361 26087/20436/17364 26395/20404/17363
f 26087/20436/17364 26089/20434/17361 26086/20438/17366 26286/20437/17365
f 26086/20438/17366 26089/20434/17361 26085/20435/17362 26285/20399/17367
f 26080/20440/17371 26084/20439/17370 26083/20395/17369 26287/20394/17368
f 26083/20395/17369 26084/20439/17370 26082/20278/17372 26417/20263/17126
f 26082/20278/17372 26084/20439/17370 26081/20441/17374 26377/20279/17373
f 26081/20441/17374 26084/20439/17370 26080/20440/17371 26283/20393/17375
f 26075/20443/17379 26079/20442/17378 26078/20386/17377 26284/20385/17376
f 26078/20386/17377 26079/20442/17378 26077/20428/17380 26397/20389/17331
f 26077/20428/17380 26079/20442/17378 26076/20444/17382 26301/20429/17381
f 26076/20444/17382 26079/20442/17378 26075/20443/17379 26282/20384/17383
f 26070/20448/17387 26074/20447/17386 26073/20446/17385 26280/20445/17384
f 26073/20446/17385 26074/20447/17386 26072/20337/17388 26404/20336/17223
f 26072/20337/17388 26074/20447/17386 26071/20449/17390 26325/20338/17389
f 26071/20449/17390 26074/20447/17386 26070/20448/17387 26279/20450/17391
f 26065/20454/17395 26069/20453/17394 26068/20452/17393 26281/20451/17392
f 26068/20452/17393 26069/20453/17394 26067/20436/17396 26399/20404/17314
f 26067/20436/17396 26069/20453/17394 26066/20455/17398 26306/20437/17397
f 26066/20455/17398 26069/20453/17394 26065/20454/17395 26277/20456/17399
f 26060/20460/17403 26064/20459/17402 26063/20458/17401 26278/20457/17400
f 26063/20458/17401 26064/20459/17402 26062/20273/17404 26416/20272/17135
f 26062/20273/17404 26064/20459/17402 26061/20461/17406 26372/20274/17405
f 26061/20461/17406 26064/20459/17402 26060/20460/17403 26275/20456/17407
f 26055/20463/17411 26059/20462/17410 26058/20452/17409 26276/20451/17408
f 26058/20452/17409 26059/20462/17410 26057/20405/17412 26395/20404/17363
f 26057/20405/17412 26059/20462/17410 26056/20464/17414 26291/20406/17413
f 26056/20464/17414 26059/20462/17410 26055/20463/17411 26274/20450/17415
f 26051/20468/17419 26054/20467/17418 26053/20466/17417 26435/20465/17416
f 26053/20466/17417 26054/20467/17418 26052/20249/17420 26393/20248/17172
f 26052/20249/17420 26054/20467/17418 26250/20226/17084 26389/20227/17085
f 26250/20226/17084 26054/20467/17418 26051/20468/17419 26390/20225/17083
f 26052/20249/17420 26050/20245/17421 26201/20247/17171 26393/20248/17172
f 26201/20247/17171 26050/20245/17421 26247/20229/17087 26422/20232/17090
f 26247/20229/17087 26050/20245/17421 26049/20246/17422 26392/20228/17086
f 26049/20246/17422 26050/20245/17421 26052/20249/17420 26389/20227/17085
f 26049/20246/17422 26048/20470/17424 26047/20469/17423 26392/20228/17086
f 26047/20469/17423 26048/20470/17424 26046/20472/17426 26423/20471/17425
f 26046/20472/17426 26048/20470/17424 26249/20222/17080 26391/20219/17077
f 26249/20222/17080 26048/20470/17424 26049/20246/17422 26389/20227/17085
f 26042/20476/17430 26045/20475/17429 26044/20474/17428 26434/20473/17427
f 26044/20474/17428 26045/20475/17429 26043/20244/17431 26388/20243/17241
f 26043/20244/17431 26045/20475/17429 26245/20235/17093 26385/20236/17094
f 26245/20235/17093 26045/20475/17429 26042/20476/17430 26386/20234/17092
f 26043/20244/17431 26041/20239/17432 26161/20242/17240 26388/20243/17241
f 26161/20242/17240 26041/20239/17432 26242/20238/17096 26421/20241/17099
f 26242/20238/17096 26041/20239/17432 26040/20240/17433 26387/20237/17095
f 26040/20240/17433 26041/20239/17432 26043/20244/17431 26385/20236/17094
f 26040/20240/17433 26039/20478/17435 26038/20477/17434 26387/20237/17095
f 26038/20477/17434 26039/20478/17435 26047/20469/17423 26423/20471/17425
f 26047/20469/17423 26039/20478/17435 26244/20231/17089 26392/20228/17086
f 26244/20231/17089 26039/20478/17435 26040/20240/17433 26385/20236/17094
f 26034/20474/17439 26037/20475/17438 26036/20476/17437 26433/20473/17436
f 26036/20476/17437 26037/20475/17438 26035/20235/17440 26384/20234/17207
f 26035/20235/17440 26037/20475/17438 26240/20244/17102 26381/20236/17103
f 26240/20244/17102 26037/20475/17438 26034/20474/17439 26382/20243/17101
f 26035/20235/17440 26033/20230/17441 26181/20233/17206 26384/20234/17207
f 26181/20233/17206 26033/20230/17441 26237/20229/17105 26420/20232/17108
f 26237/20229/17105 26033/20230/17441 26032/20231/17442 26383/20228/17104
f 26032/20231/17442 26033/20230/17441 26035/20235/17440 26381/20236/17103
f 26032/20231/17442 26031/20478/17444 26030/20469/17443 26383/20228/17104
f 26030/20469/17443 26031/20478/17444 26038/20477/17434 26423/20471/17425
f 26038/20477/17434 26031/20478/17444 26239/20240/17098 26387/20237/17095
f 26239/20240/17098 26031/20478/17444 26032/20231/17442 26381/20236/17103
f 26026/20466/17448 26029/20467/17447 26028/20468/17446 26432/20465/17445
f 26028/20468/17446 26029/20467/17447 26027/20226/17449 26380/20225/17274
f 26027/20226/17449 26029/20467/17447 26235/20249/17111 26378/20227/17112
f 26235/20249/17111 26029/20467/17447 26026/20466/17448 26379/20248/17110
f 26027/20226/17449 26025/20221/17450 26141/20224/17273 26380/20225/17274
f 26141/20224/17273 26025/20221/17450 26252/20220/17078 26419/20223/17081
f 26252/20220/17078 26025/20221/17450 26024/20222/17451 26391/20219/17077
f 26024/20222/17451 26025/20221/17450 26027/20226/17449 26378/20227/17112
f 26024/20222/17451 26023/20470/17452 26046/20472/17426 26391/20219/17077
f 26046/20472/17426 26023/20470/17452 26030/20469/17443 26423/20471/17425
f 26030/20469/17443 26023/20470/17452 26234/20246/17107 26383/20228/17104
f 26234/20246/17107 26023/20470/17452 26024/20222/17451 26378/20227/17112
f 26019/20482/17456 26022/20481/17455 26021/20480/17454 26431/20479/17453
f 26021/20480/17454 26022/20481/17455 26020/20280/17457 26377/20279/17373
f 26020/20280/17457 26022/20481/17455 26230/20257/17120 26373/20258/17121
f 26230/20257/17120 26022/20481/17455 26019/20482/17456 26374/20256/17119
f 26020/20280/17457 26018/20276/17458 26082/20278/17372 26377/20279/17373
f 26082/20278/17372 26018/20276/17458 26227/20260/17123 26417/20263/17126
f 26227/20260/17123 26018/20276/17458 26017/20277/17459 26376/20259/17122
f 26017/20277/17459 26018/20276/17458 26020/20280/17457 26373/20258/17121
f 26017/20277/17459 26016/20484/17461 26015/20483/17460 26376/20259/17122
f 26015/20483/17460 26016/20484/17461 26014/20486/17463 26418/20485/17462
f 26014/20486/17463 26016/20484/17461 26229/20253/17116 26375/20250/17113
f 26229/20253/17116 26016/20484/17461 26017/20277/17459 26373/20258/17121
f 26010/20490/17467 26013/20489/17466 26012/20488/17465 26430/20487/17464
f 26012/20488/17465 26013/20489/17466 26011/20275/17468 26372/20274/17405
f 26011/20275/17468 26013/20489/17466 26225/20266/17129 26369/20267/17130
f 26225/20266/17129 26013/20489/17466 26010/20490/17467 26370/20265/17128
f 26011/20275/17468 26009/20270/17469 26062/20273/17404 26372/20274/17405
f 26062/20273/17404 26009/20270/17469 26222/20269/17132 26416/20272/17135
f 26222/20269/17132 26009/20270/17469 26008/20271/17470 26371/20268/17131
f 26008/20271/17470 26009/20270/17469 26011/20275/17468 26369/20267/17130
f 26008/20271/17470 26007/20492/17472 26006/20491/17471 26371/20268/17131
f 26006/20491/17471 26007/20492/17472 26015/20483/17460 26418/20485/17462
f 26015/20483/17460 26007/20492/17472 26224/20262/17125 26376/20259/17122
f 26224/20262/17125 26007/20492/17472 26008/20271/17470 26369/20267/17130
f 26002/20488/17476 26005/20489/17475 26004/20490/17474 26429/20487/17473
f 26004/20490/17474 26005/20489/17475 26003/20266/17477 26368/20265/17307
f 26003/20266/17477 26005/20489/17475 26220/20275/17138 26365/20267/17139
f 26220/20275/17138 26005/20489/17475 26002/20488/17476 26366/20274/17137
f 26003/20266/17477 26001/20261/17478 26121/20264/17306 26368/20265/17307
f 26121/20264/17306 26001/20261/17478 26217/20260/17141 26415/20263/17144
f 26217/20260/17141 26001/20261/17478 26000/20262/17479 26367/20259/17140
f 26000/20262/17479 26001/20261/17478 26003/20266/17477 26365/20267/17139
f 26000/20262/17479 25999/20492/17481 25998/20483/17480 26367/20259/17140
f 25998/20483/17480 25999/20492/17481 26006/20491/17471 26418/20485/17462
f 26006/20491/17471 25999/20492/17481 26219/20271/17134 26371/20268/17131
f 26219/20271/17134 25999/20492/17481 26000/20262/17479 26365/20267/17139
f 25994/20480/17485 25997/20481/17484 25996/20482/17483 26428/20479/17482
f 25996/20482/17483 25997/20481/17484 25995/20257/17486 26364/20256/17341
f 25995/20257/17486 25997/20481/17484 26215/20280/17147 26362/20258/17148
f 26215/20280/17147 25997/20481/17484 25994/20480/17485 26363/20279/17146
f 25995/20257/17486 25993/20252/17487 26102/20255/17340 26364/20256/17341
f 26102/20255/17340 25993/20252/17487 26232/20251/17114 26414/20254/17117
f 26232/20251/17114 25993/20252/17487 25992/20253/17488 26375/20250/17113
f 25992/20253/17488 25993/20252/17487 25995/20257/17486 26362/20258/17148
f 25992/20253/17488 25991/20484/17489 26014/20486/17463 26375/20250/17113
f 26014/20486/17463 25991/20484/17489 25998/20483/17480 26418/20485/17462
f 25998/20483/17480 25991/20484/17489 26214/20277/17143 26367/20259/17140
f 26214/20277/17143 25991/20484/17489 25992/20253/17488 26362/20258/17148
f 25987/20496/17493 25990/20495/17492 25989/20494/17491 26426/20493/17490
f 25989/20494/17491 25990/20495/17492 25988/20331/17494 26361/20330/17249
f 25988/20331/17494 25990/20495/17492 26210/20288/17156 26357/20289/17157
f 26210/20288/17156 25990/20495/17492 25987/20496/17493 26358/20287/17155
f 25988/20331/17494 25986/20327/17495 26156/20329/17248 26361/20330/17249
f 26156/20329/17248 25986/20327/17495 26207/20291/17159 26412/20294/17162
f 26207/20291/17159 25986/20327/17495 25985/20328/17496 26360/20290/17158
f 25985/20328/17496 25986/20327/17495 25988/20331/17494 26357/20289/17157
f 25985/20328/17496 25984/20498/17498 25983/20497/17497 26360/20290/17158
f 25983/20497/17497 25984/20498/17498 25982/20500/17500 26413/20499/17499
f 25982/20500/17500 25984/20498/17498 26209/20284/17152 26359/20281/17149
f 26209/20284/17152 25984/20498/17498 25985/20328/17496 26357/20289/17157
f 25979/20502/17502 25981/20501/17501 26042/20476/17430 26434/20473/17427
f 26042/20476/17430 25981/20501/17501 25980/20326/17503 26386/20234/17092
f 25980/20326/17503 25981/20501/17501 26205/20297/17165 26354/20298/17166
f 26205/20297/17165 25981/20501/17501 25979/20502/17502 26355/20296/17164
f 25980/20326/17503 25978/20324/17504 26246/20233/17091 26386/20234/17092
f 26246/20233/17091 25978/20324/17504 26202/20300/17168 26422/20232/17090
f 26202/20300/17168 25978/20324/17504 25977/20325/17505 26356/20299/17167
f 25977/20325/17505 25978/20324/17504 25980/20326/17503 26354/20298/17166
f 25977/20325/17505 25976/20504/17507 25975/20503/17506 26356/20299/17167
f 25975/20503/17506 25976/20504/17507 25983/20497/17497 26413/20499/17499
f 25983/20497/17497 25976/20504/17507 26204/20293/17161 26360/20290/17158
f 26204/20293/17161 25976/20504/17507 25977/20325/17505 26354/20298/17166
f 26053/20466/17417 25974/20506/17509 25973/20505/17508 26435/20465/17416
f 25973/20505/17508 25974/20506/17509 25972/20323/17510 26353/20322/17266
f 25972/20323/17510 25974/20506/17509 26200/20303/17173 26351/20304/17174
f 26200/20303/17173 25974/20506/17509 26053/20466/17417 26393/20248/17172
f 25972/20323/17510 25971/20319/17511 26146/20321/17265 26353/20322/17266
f 26146/20321/17265 25971/20319/17511 26197/20306/17176 26411/20309/17179
f 26197/20306/17176 25971/20319/17511 25970/20320/17512 26352/20305/17175
f 25970/20320/17512 25971/20319/17511 25972/20323/17510 26351/20304/17174
f 25970/20320/17512 25969/20508/17514 25968/20507/17513 26352/20305/17175
f 25968/20507/17513 25969/20508/17514 25975/20503/17506 26413/20499/17499
f 25975/20503/17506 25969/20508/17514 26199/20302/17170 26356/20299/17167
f 26199/20302/17170 25969/20508/17514 25970/20320/17512 26351/20304/17174
f 25964/20512/17518 25967/20511/17517 25966/20510/17516 26427/20509/17515
f 25966/20510/17516 25967/20511/17517 25965/20318/17519 26350/20317/17290
f 25965/20318/17519 25967/20511/17517 26195/20312/17182 26348/20313/17183
f 26195/20312/17182 25967/20511/17517 25964/20512/17518 26349/20311/17181
f 25965/20318/17519 25963/20314/17520 26131/20316/17289 26350/20317/17290
f 26131/20316/17289 25963/20314/17520 26212/20282/17150 26410/20285/17153
f 26212/20282/17150 25963/20314/17520 25962/20315/17521 26359/20281/17149
f 25962/20315/17521 25963/20314/17520 25965/20318/17519 26348/20313/17183
f 25962/20315/17521 25961/20513/17522 25982/20500/17500 26359/20281/17149
f 25982/20500/17500 25961/20513/17522 25968/20507/17513 26413/20499/17499
f 25968/20507/17513 25961/20513/17522 26194/20308/17178 26352/20305/17175
f 26194/20308/17178 25961/20513/17522 25962/20315/17521 26348/20313/17183
f 25957/20510/17526 25960/20511/17525 25959/20512/17524 26425/20509/17523
f 25959/20512/17524 25960/20511/17525 25958/20312/17527 26347/20311/17282
f 25958/20312/17527 25960/20511/17525 26190/20318/17191 26343/20313/17192
f 26190/20318/17191 25960/20511/17525 25957/20510/17526 26344/20317/17190
f 25958/20312/17527 25956/20307/17528 26136/20310/17281 26347/20311/17282
f 26136/20310/17281 25956/20307/17528 26187/20306/17194 26408/20309/17197
f 26187/20306/17194 25956/20307/17528 25955/20308/17529 26346/20305/17193
f 25955/20308/17529 25956/20307/17528 25958/20312/17527 26343/20313/17192
f 25955/20308/17529 25954/20513/17531 25953/20507/17530 26346/20305/17193
f 25953/20507/17530 25954/20513/17531 25952/20500/17533 26409/20499/17532
f 25952/20500/17533 25954/20513/17531 26189/20315/17187 26345/20281/17184
f 26189/20315/17187 25954/20513/17531 25955/20308/17529 26343/20313/17192
f 25949/20505/17535 25951/20506/17534 26026/20466/17448 26432/20465/17445
f 26026/20466/17448 25951/20506/17534 25950/20303/17536 26379/20248/17110
f 25950/20303/17536 25951/20506/17534 26185/20323/17200 26340/20304/17201
f 26185/20323/17200 25951/20506/17534 25949/20505/17535 26341/20322/17199
f 25950/20303/17536 25948/20301/17537 26236/20247/17109 26379/20248/17110
f 26236/20247/17109 25948/20301/17537 26182/20300/17203 26420/20232/17108
f 26182/20300/17203 25948/20301/17537 25947/20302/17538 26342/20299/17202
f 25947/20302/17538 25948/20301/17537 25950/20303/17536 26340/20304/17201
f 25947/20302/17538 25946/20508/17540 25945/20503/17539 26342/20299/17202
f 25945/20503/17539 25946/20508/17540 25953/20507/17530 26409/20499/17532
f 25953/20507/17530 25946/20508/17540 26184/20320/17196 26346/20305/17193
f 26184/20320/17196 25946/20508/17540 25947/20302/17538 26340/20304/17201
f 26036/20476/17437 25944/20501/17542 25943/20502/17541 26433/20473/17436
f 25943/20502/17541 25944/20501/17542 25942/20297/17543 26339/20296/17233
f 25942/20297/17543 25944/20501/17542 26180/20326/17208 26337/20298/17209
f 26180/20326/17208 25944/20501/17542 26036/20476/17437 26384/20234/17207
f 25942/20297/17543 25941/20292/17544 26166/20295/17232 26339/20296/17233
f 26166/20295/17232 25941/20292/17544 26177/20291/17211 26407/20294/17214
f 26177/20291/17211 25941/20292/17544 25940/20293/17545 26338/20290/17210
f 25940/20293/17545 25941/20292/17544 25942/20297/17543 26337/20298/17209
f 25940/20293/17545 25939/20504/17547 25938/20497/17546 26338/20290/17210
f 25938/20497/17546 25939/20504/17547 25945/20503/17539 26409/20499/17532
f 25945/20503/17539 25939/20504/17547 26179/20325/17205 26342/20299/17202
f 26179/20325/17205 25939/20504/17547 25940/20293/17545 26337/20298/17209
f 25934/20494/17551 25937/20495/17550 25936/20496/17549 26424/20493/17548
f 25936/20496/17549 25937/20495/17550 25935/20288/17552 26336/20287/17356
f 25935/20288/17552 25937/20495/17550 26175/20331/17217 26334/20289/17218
f 26175/20331/17217 25937/20495/17550 25934/20494/17551 26335/20330/17216
f 25935/20288/17552 25933/20283/17553 26092/20286/17355 26336/20287/17356
f 26092/20286/17355 25933/20283/17553 26192/20282/17185 26406/20285/17188
f 26192/20282/17185 25933/20283/17553 25932/20284/17554 26345/20281/17184
f 25932/20284/17554 25933/20283/17553 25935/20288/17552 26334/20289/17218
f 25932/20284/17554 25931/20498/17555 25952/20500/17533 26345/20281/17184
f 25952/20500/17533 25931/20498/17555 25938/20497/17546 26409/20499/17532
f 25938/20497/17546 25931/20498/17555 26174/20328/17213 26338/20290/17210
f 26174/20328/17213 25931/20498/17555 25932/20284/17554 26334/20289/17218
f 25928/20515/17557 25930/20514/17556 25934/20494/17551 26424/20493/17548
f 25934/20494/17551 25930/20514/17556 25929/20354/17558 26335/20330/17216
f 25929/20354/17558 25930/20514/17556 26170/20339/17226 26330/20340/17227
f 26170/20339/17226 25930/20514/17556 25928/20515/17557 26331/20338/17225
f 25929/20354/17558 25927/20352/17559 26176/20329/17215 26335/20330/17216
f 26176/20329/17215 25927/20352/17559 26167/20342/17229 26407/20294/17214
f 26167/20342/17229 25927/20352/17559 25926/20353/17560 26333/20341/17228
f 25926/20353/17560 25927/20352/17559 25929/20354/17558 26330/20340/17227
f 25926/20353/17560 25925/20517/17562 25924/20516/17561 26333/20341/17228
f 25924/20516/17561 25925/20517/17562 25923/20519/17564 26405/20518/17563
f 25923/20519/17564 25925/20517/17562 26169/20335/17222 26332/20332/17219
f 26169/20335/17222 25925/20517/17562 25926/20353/17560 26330/20340/17227
f 25943/20502/17541 25922/20520/17565 26034/20474/17439 26433/20473/17436
f 26034/20474/17439 25922/20520/17565 25921/20351/17566 26382/20243/17101
f 25921/20351/17566 25922/20520/17565 26165/20345/17234 26328/20346/17235
f 26165/20345/17234 25922/20520/17565 25943/20502/17541 26339/20296/17233
f 25921/20351/17566 25920/20349/17567 26241/20242/17100 26382/20243/17101
f 26241/20242/17100 25920/20349/17567 26162/20348/17237 26421/20241/17099
f 26162/20348/17237 25920/20349/17567 25919/20350/17568 26329/20347/17236
f 25919/20350/17568 25920/20349/17567 25921/20351/17566 26328/20346/17235
f 25919/20350/17568 25918/20522/17570 25917/20521/17569 26329/20347/17236
f 25917/20521/17569 25918/20522/17570 25924/20516/17561 26405/20518/17563
f 25924/20516/17561 25918/20522/17570 26164/20344/17231 26333/20341/17228
f 26164/20344/17231 25918/20522/17570 25919/20350/17568 26328/20346/17235
f 26044/20474/17428 25916/20520/17571 25979/20502/17502 26434/20473/17427
f 25979/20502/17502 25916/20520/17571 25915/20345/17572 26355/20296/17164
f 25915/20345/17572 25916/20520/17571 26160/20351/17242 26326/20346/17243
f 26160/20351/17242 25916/20520/17571 26044/20474/17428 26388/20243/17241
f 25915/20345/17572 25914/20343/17573 26206/20295/17163 26355/20296/17164
f 26206/20295/17163 25914/20343/17573 26157/20342/17245 26412/20294/17162
f 26157/20342/17245 25914/20343/17573 25913/20344/17574 26327/20341/17244
f 25913/20344/17574 25914/20343/17573 25915/20345/17572 26326/20346/17243
f 25913/20344/17574 25912/20522/17576 25911/20516/17575 26327/20341/17244
f 25911/20516/17575 25912/20522/17576 25917/20521/17569 26405/20518/17563
f 25917/20521/17569 25912/20522/17576 26159/20350/17239 26329/20347/17236
f 26159/20350/17239 25912/20522/17576 25913/20344/17574 26326/20346/17243
f 25989/20494/17491 25910/20514/17578 25909/20515/17577 26426/20493/17490
f 25909/20515/17577 25910/20514/17578 25908/20339/17579 26325/20338/17389
f 25908/20339/17579 25910/20514/17578 26155/20354/17250 26324/20340/17251
f 26155/20354/17250 25910/20514/17578 25989/20494/17491 26361/20330/17249
f 25908/20339/17579 25907/20334/17580 26072/20337/17388 26325/20338/17389
f 26072/20337/17388 25907/20334/17580 26172/20333/17220 26404/20336/17223
f 26172/20333/17220 25907/20334/17580 25906/20335/17581 26332/20332/17219
f 25906/20335/17581 25907/20334/17580 25908/20339/17579 26324/20340/17251
f 25906/20335/17581 25905/20517/17582 25923/20519/17564 26332/20332/17219
f 25923/20519/17564 25905/20517/17582 25911/20516/17575 26405/20518/17563
f 25911/20516/17575 25905/20517/17582 26154/20353/17247 26327/20341/17244
f 26154/20353/17247 25905/20517/17582 25906/20335/17581 26324/20340/17251
f 25901/20524/17584 25904/20523/17583 25964/20512/17518 26427/20509/17515
f 25964/20512/17518 25904/20523/17583 25903/20377/17585 26349/20311/17181
f 25903/20377/17585 25904/20523/17583 25902/20525/17587 26320/20378/17586
f 25902/20525/17587 25904/20523/17583 25901/20524/17584 26321/20361/17258
f 25903/20377/17585 25900/20375/17588 26196/20310/17180 26349/20311/17181
f 26196/20310/17180 25900/20375/17588 26147/20365/17262 26411/20309/17179
f 26147/20365/17262 25900/20375/17588 25899/20376/17589 26323/20364/17261
f 25899/20376/17589 25900/20375/17588 25903/20377/17585 26320/20378/17586
f 25895/20529/17593 25898/20528/17592 25897/20527/17591 26258/20526/17590
f 25897/20527/17591 25898/20528/17592 26134/20376/17280 26317/20364/17277
f 26134/20376/17280 25898/20528/17592 25896/20530/17594 26314/20378/17284
f 25896/20530/17594 25898/20528/17592 25895/20529/17593 26257/20531/17595
f 25973/20505/17508 25894/20532/17596 26051/20468/17419 26435/20465/17416
f 26051/20468/17419 25894/20532/17596 25893/20374/17597 26390/20225/17083
f 25893/20374/17597 25894/20532/17596 26145/20368/17267 26318/20369/17268
f 26145/20368/17267 25894/20532/17596 25973/20505/17508 26353/20322/17266
f 25893/20374/17597 25892/20372/17598 26251/20224/17082 26390/20225/17083
f 26251/20224/17082 25892/20372/17598 26142/20371/17270 26419/20223/17081
f 26142/20371/17270 25892/20372/17598 25891/20373/17599 26319/20370/17269
f 25891/20373/17599 25892/20372/17598 25893/20374/17597 26318/20369/17268
f 25891/20373/17599 25890/20534/17601 25889/20533/17600 26319/20370/17269
f 25889/20533/17600 25890/20534/17601 25888/20536/17603 26403/20535/17602
f 25888/20536/17603 25890/20534/17601 26144/20367/17264 26323/20364/17261
f 26144/20367/17264 25890/20534/17601 25891/20373/17599 26318/20369/17268
f 26028/20468/17446 25887/20532/17604 25949/20505/17535 26432/20465/17445
f 25949/20505/17535 25887/20532/17604 25886/20368/17605 26341/20322/17199
f 25886/20368/17605 25887/20532/17604 26140/20374/17275 26316/20369/17276
f 26140/20374/17275 25887/20532/17604 26028/20468/17446 26380/20225/17274
f 25886/20368/17605 25885/20366/17606 26186/20321/17198 26341/20322/17199
f 26186/20321/17198 25885/20366/17606 26137/20365/17278 26408/20309/17197
f 26137/20365/17278 25885/20366/17606 25884/20367/17607 26317/20364/17277
f 25884/20367/17607 25885/20366/17606 25886/20368/17605 26316/20369/17276
f 25884/20367/17607 25883/20534/17609 25882/20536/17608 26317/20364/17277
f 25882/20536/17608 25883/20534/17609 25889/20533/17600 26403/20535/17602
f 25889/20533/17600 25883/20534/17609 26139/20373/17272 26319/20370/17269
f 26139/20373/17272 25883/20534/17609 25884/20367/17607 26316/20369/17276
f 25959/20512/17524 25881/20523/17611 25880/20524/17610 26425/20509/17523
f 25880/20524/17610 25881/20523/17611 25879/20525/17613 26315/20361/17612
f 25879/20525/17613 25881/20523/17611 26135/20377/17283 26314/20378/17284
f 26135/20377/17283 25881/20523/17611 25959/20512/17524 26347/20311/17282
f 25876/20540/17617 25878/20539/17616 25877/20538/17615 26259/20537/17614
f 25877/20538/17619 25878/20539/17618 25882/20536/17608 26403/20535/17602
f 25882/20536/17608 25878/20539/17620 25897/20527/17591 26317/20364/17277
f 25897/20527/17591 25878/20539/17618 25876/20540/17622 26258/20526/17621
f 25873/20542/17624 25875/20541/17623 25896/20530/17594 26257/20531/17595
f 25896/20530/17594 25875/20541/17623 25879/20525/17613 26314/20378/17284
f 25879/20525/17613 25875/20541/17623 25874/20362/17625 26315/20361/17612
f 25874/20362/17625 25875/20541/17623 25873/20542/17624 26256/20363/17626
f 25966/20510/17516 25872/20544/17628 25871/20543/17627 26427/20509/17515
f 25871/20543/17627 25872/20544/17628 25870/20444/17629 26313/20429/17349
f 25870/20444/17629 25872/20544/17628 26130/20383/17291 26310/20384/17292
f 26130/20383/17291 25872/20544/17628 25966/20510/17516 26350/20317/17290
f 25870/20444/17629 25869/20442/17630 26097/20428/17348 26313/20429/17349
f 26097/20428/17348 25869/20442/17630 26127/20386/17294 26400/20389/17297
f 26127/20386/17294 25869/20442/17630 25868/20443/17631 26312/20385/17293
f 25868/20443/17631 25869/20442/17630 25870/20444/17629 26310/20384/17292
f 25868/20443/17631 25867/20546/17633 25866/20545/17632 26312/20385/17293
f 25866/20545/17632 25867/20546/17633 25865/20548/17635 26401/20547/17634
f 25865/20548/17635 25867/20546/17633 26129/20382/17288 26311/20379/17285
f 26129/20382/17288 25867/20546/17633 25868/20443/17631 26310/20384/17292
f 25862/20550/17637 25864/20549/17636 25994/20480/17485 26428/20479/17482
f 25994/20480/17485 25864/20549/17636 25863/20441/17638 26363/20279/17146
f 25863/20441/17638 25864/20549/17636 26125/20392/17300 26307/20393/17301
f 26125/20392/17300 25864/20549/17636 25862/20550/17637 26308/20391/17299
f 25863/20441/17638 25861/20439/17639 26216/20278/17145 26363/20279/17146
f 26216/20278/17145 25861/20439/17639 26122/20395/17303 26415/20263/17144
f 26122/20395/17303 25861/20439/17639 25860/20440/17640 26309/20394/17302
f 25860/20440/17640 25861/20439/17639 25863/20441/17638 26307/20393/17301
f 25860/20440/17640 25859/20552/17642 25858/20551/17641 26309/20394/17302
f 25858/20551/17641 25859/20552/17642 25866/20545/17632 26401/20547/17634
f 25866/20545/17632 25859/20552/17642 26124/20388/17296 26312/20385/17293
f 26124/20388/17296 25859/20552/17642 25860/20440/17640 26307/20393/17301
f 26004/20490/17474 25857/20554/17644 25856/20553/17643 26429/20487/17473
f 25856/20553/17643 25857/20554/17644 25855/20438/17645 26306/20437/17397
f 25855/20438/17645 25857/20554/17644 26120/20398/17308 26304/20399/17309
f 26120/20398/17308 25857/20554/17644 26004/20490/17474 26368/20265/17307
f 25855/20438/17645 25854/20434/17646 26067/20436/17396 26306/20437/17397
f 26067/20436/17396 25854/20434/17646 26117/20401/17311 26399/20404/17314
f 26117/20401/17311 25854/20434/17646 25853/20435/17647 26305/20400/17310
f 25853/20435/17647 25854/20434/17646 25855/20438/17645 26304/20399/17309
f 25853/20435/17647 25852/20556/17649 25851/20555/17648 26305/20400/17310
f 25851/20555/17648 25852/20556/17649 25858/20551/17641 26401/20547/17634
f 25858/20551/17641 25852/20556/17649 26119/20397/17305 26309/20394/17302
f 26119/20397/17305 25852/20556/17649 25853/20435/17647 26304/20399/17309
f 25848/20558/17651 25850/20557/17650 25987/20496/17493 26426/20493/17490
f 25987/20496/17493 25850/20557/17650 25849/20433/17652 26358/20287/17155
f 25849/20433/17652 25850/20557/17650 26115/20407/17317 26302/20408/17318
f 26115/20407/17317 25850/20557/17650 25848/20558/17651 26303/20406/17316
f 25849/20433/17652 25847/20431/17653 26211/20286/17154 26358/20287/17155
f 26211/20286/17154 25847/20431/17653 26132/20380/17286 26410/20285/17153
f 26132/20380/17286 25847/20431/17653 25846/20432/17654 26311/20379/17285
f 25846/20432/17654 25847/20431/17653 25849/20433/17652 26302/20408/17318
f 25846/20432/17654 25845/20559/17655 25865/20548/17635 26311/20379/17285
f 25865/20548/17635 25845/20559/17655 25851/20555/17648 26401/20547/17634
f 25851/20555/17648 25845/20559/17655 26114/20403/17313 26305/20400/17310
f 26114/20403/17313 25845/20559/17655 25846/20432/17654 26302/20408/17318
f 25880/20524/17610 25844/20560/17657 25843/20543/17656 26425/20509/17523
f 25843/20543/17656 25844/20560/17657 25842/20430/17658 26301/20429/17381
f 25842/20430/17658 25844/20560/17657 25841/20360/17660 26298/20359/17659
f 25841/20360/17660 25844/20560/17657 25880/20524/17610 26315/20361/17612
f 25842/20430/17658 25840/20426/17661 26077/20428/17380 26301/20429/17381
f 26077/20428/17380 25840/20426/17661 26108/20416/17328 26397/20389/17331
f 26108/20416/17328 25840/20426/17661 25839/20427/17662 26300/20415/17327
f 25839/20427/17662 25840/20426/17661 25842/20430/17658 26298/20359/17659
f 25839/20427/17662 25838/20562/17664 25837/20561/17663 26300/20415/17327
f 25837/20561/17663 25838/20562/17664 25836/20564/17666 26398/20563/17665
f 25836/20564/17666 25838/20562/17664 25835/20414/17667 26299/20413/17323
f 25835/20414/17667 25838/20562/17664 25839/20427/17662 26298/20359/17659
f 25832/20550/17669 25834/20565/17668 26019/20482/17456 26431/20479/17453
f 26019/20482/17456 25834/20565/17668 25833/20425/17670 26374/20256/17119
f 25833/20425/17670 25834/20565/17668 26106/20419/17334 26295/20420/17335
f 26106/20419/17334 25834/20565/17668 25832/20550/17669 26296/20391/17333
f 25833/20425/17670 25831/20423/17671 26231/20255/17118 26374/20256/17119
f 26231/20255/17118 25831/20423/17671 26103/20422/17337 26414/20254/17117
f 26103/20422/17337 25831/20423/17671 25830/20424/17672 26297/20421/17336
f 25830/20424/17672 25831/20423/17671 25833/20425/17670 26295/20420/17335
f 25830/20424/17672 25829/20567/17674 25828/20566/17673 26297/20421/17336
f 25828/20566/17673 25829/20567/17674 25837/20561/17663 26398/20563/17665
f 25837/20561/17663 25829/20567/17674 26105/20418/17330 26300/20415/17327
f 26105/20418/17330 25829/20567/17674 25830/20424/17672 26295/20420/17335
f 25996/20482/17483 25827/20565/17675 25862/20550/17637 26428/20479/17482
f 25862/20550/17637 25827/20565/17675 25826/20419/17676 26308/20391/17299
f 25826/20419/17676 25827/20565/17675 26101/20425/17342 26293/20420/17343
f 26101/20425/17342 25827/20565/17675 25996/20482/17483 26364/20256/17341
f 25826/20419/17676 25825/20417/17677 26126/20390/17298 26308/20391/17299
f 26126/20390/17298 25825/20417/17677 26098/20416/17345 26400/20389/17297
f 26098/20416/17345 25825/20417/17677 25824/20418/17678 26294/20415/17344
f 25824/20418/17678 25825/20417/17677 25826/20419/17676 26293/20420/17343
f 25824/20418/17678 25823/20567/17680 25822/20561/17679 26294/20415/17344
f 25822/20561/17679 25823/20567/17680 25828/20566/17673 26398/20563/17665
f 25828/20566/17673 25823/20567/17680 26100/20424/17339 26297/20421/17336
f 26100/20424/17339 25823/20567/17680 25824/20418/17678 26293/20420/17343
f 25871/20543/17627 25821/20560/17681 25901/20524/17584 26427/20509/17515
f 25901/20524/17584 25821/20560/17681 26151/20360/17257 26321/20361/17258
f 26151/20360/17257 25821/20560/17681 26096/20430/17350 26292/20359/17256
f 26096/20430/17350 25821/20560/17681 25871/20543/17627 26313/20429/17349
f 25817/20529/17685 25820/20528/17684 25819/20530/17683 26261/20531/17682
f 25819/20530/17683 25820/20528/17684 25899/20376/17589 26320/20378/17586
f 25899/20376/17589 25820/20528/17684 25818/20527/17686 26323/20364/17261
f 25818/20527/17686 25820/20528/17684 25817/20529/17685 26260/20526/17687
f 26111/20414/17324 25816/20562/17688 25836/20564/17666 26299/20413/17323
f 25836/20564/17666 25816/20562/17688 25822/20561/17679 26398/20563/17665
f 25822/20561/17679 25816/20562/17688 26095/20427/17347 26294/20415/17344
f 26095/20427/17347 25816/20562/17688 26111/20414/17324 26292/20359/17256
f 25936/20496/17549 25815/20557/17690 25814/20558/17689 26424/20493/17548
f 25814/20558/17689 25815/20557/17690 25813/20407/17691 26291/20406/17413
f 25813/20407/17691 25815/20557/17690 26091/20433/17357 26288/20408/17358
f 26091/20433/17357 25815/20557/17690 25936/20496/17549 26336/20287/17356
f 25813/20407/17691 25812/20402/17692 26057/20405/17412 26291/20406/17413
f 26057/20405/17412 25812/20402/17692 26088/20401/17360 26395/20404/17363
f 26088/20401/17360 25812/20402/17692 25811/20403/17693 26290/20400/17359
f 25811/20403/17693 25812/20402/17692 25813/20407/17691 26288/20408/17358
f 25811/20403/17693 25810/20559/17695 25809/20555/17694 26290/20400/17359
f 25809/20555/17694 25810/20559/17695 25808/20548/17697 26396/20547/17696
f 25808/20548/17697 25810/20559/17695 26090/20432/17354 26289/20379/17351
f 26090/20432/17354 25810/20559/17695 25811/20403/17693 26288/20408/17358
f 25805/20553/17699 25807/20554/17698 26010/20490/17467 26430/20487/17464
f 26010/20490/17467 25807/20554/17698 25806/20398/17700 26370/20265/17128
f 25806/20398/17700 25807/20554/17698 26086/20438/17366 26285/20399/17367
f 26086/20438/17366 25807/20554/17698 25805/20553/17699 26286/20437/17365
f 25806/20398/17700 25804/20396/17701 26226/20264/17127 26370/20265/17128
f 26226/20264/17127 25804/20396/17701 26083/20395/17369 26417/20263/17126
f 26083/20395/17369 25804/20396/17701 25803/20397/17702 26287/20394/17368
f 25803/20397/17702 25804/20396/17701 25806/20398/17700 26285/20399/17367
f 25803/20397/17702 25802/20556/17704 25801/20551/17703 26287/20394/17368
f 25801/20551/17703 25802/20556/17704 25809/20555/17694 26396/20547/17696
f 25809/20555/17694 25802/20556/17704 26085/20435/17362 26290/20400/17359
f 26085/20435/17362 25802/20556/17704 25803/20397/17702 26285/20399/17367
f 26021/20480/17454 25800/20549/17705 25832/20550/17669 26431/20479/17453
f 25832/20550/17669 25800/20549/17705 25799/20392/17706 26296/20391/17333
f 25799/20392/17706 25800/20549/17705 26081/20441/17374 26283/20393/17375
f 26081/20441/17374 25800/20549/17705 26021/20480/17454 26377/20279/17373
f 25799/20392/17706 25798/20387/17707 26107/20390/17332 26296/20391/17333
f 26107/20390/17332 25798/20387/17707 26078/20386/17377 26397/20389/17331
f 26078/20386/17377 25798/20387/17707 25797/20388/17708 26284/20385/17376
f 25797/20388/17708 25798/20387/17707 25799/20392/17706 26283/20393/17375
f 25797/20388/17708 25796/20552/17710 25795/20545/17709 26284/20385/17376
f 25795/20545/17709 25796/20552/17710 25801/20551/17703 26396/20547/17696
f 25801/20551/17703 25796/20552/17710 26080/20440/17371 26287/20394/17368
f 26080/20440/17371 25796/20552/17710 25797/20388/17708 26283/20393/17375
f 25843/20543/17656 25794/20544/17711 25957/20510/17526 26425/20509/17523
f 25957/20510/17526 25794/20544/17711 25793/20383/17712 26344/20317/17190
f 25793/20383/17712 25794/20544/17711 26076/20444/17382 26282/20384/17383
f 26076/20444/17382 25794/20544/17711 25843/20543/17656 26301/20429/17381
f 25793/20383/17712 25792/20381/17713 26191/20316/17189 26344/20317/17190
f 26191/20316/17189 25792/20381/17713 26093/20380/17352 26406/20285/17188
f 26093/20380/17352 25792/20381/17713 25791/20382/17714 26289/20379/17351
f 25791/20382/17714 25792/20381/17713 25793/20383/17712 26282/20384/17383
f 25791/20382/17714 25790/20546/17715 25808/20548/17697 26289/20379/17351
f 25808/20548/17697 25790/20546/17715 25795/20545/17709 26396/20547/17696
f 25795/20545/17709 25790/20546/17715 26075/20443/17379 26284/20385/17376
f 26075/20443/17379 25790/20546/17715 25791/20382/17714 26282/20384/17383
f 25909/20515/17577 25789/20568/17716 25848/20558/17651 26426/20493/17490
f 25848/20558/17651 25789/20568/17716 25788/20464/17717 26303/20406/17316
f 25788/20464/17717 25789/20568/17716 26071/20449/17390 26279/20450/17391
f 26071/20449/17390 25789/20568/17716 25909/20515/17577 26325/20338/17389
f 25788/20464/17717 25787/20462/17718 26116/20405/17315 26303/20406/17316
f 26116/20405/17315 25787/20462/17718 26068/20452/17393 26399/20404/17314
f 26068/20452/17393 25787/20462/17718 25786/20463/17719 26281/20451/17392
f 25786/20463/17719 25787/20462/17718 25788/20464/17717 26279/20450/17391
f 25786/20463/17719 25785/20570/17721 25784/20569/17720 26281/20451/17392
f 25784/20569/17720 25785/20570/17721 25783/20572/17723 26394/20571/17722
f 25783/20572/17723 25785/20570/17721 26070/20448/17387 26280/20445/17384
f 26070/20448/17387 25785/20570/17721 25786/20463/17719 26279/20450/17391
f 25856/20553/17643 25782/20573/17724 26002/20488/17476 26429/20487/17473
f 26002/20488/17476 25782/20573/17724 25781/20461/17725 26366/20274/17137
f 25781/20461/17725 25782/20573/17724 26066/20455/17398 26277/20456/17399
f 26066/20455/17398 25782/20573/17724 25856/20553/17643 26306/20437/17397
f 25781/20461/17725 25780/20459/17726 26221/20273/17136 26366/20274/17137
f 26221/20273/17136 25780/20459/17726 26063/20458/17401 26416/20272/17135
f 26063/20458/17401 25780/20459/17726 25779/20460/17727 26278/20457/17400
f 25779/20460/17727 25780/20459/17726 25781/20461/17725 26277/20456/17399
f 25779/20460/17727 25778/20575/17729 25777/20574/17728 26278/20457/17400
f 25777/20574/17728 25778/20575/17729 25784/20569/17720 26394/20571/17722
f 25784/20569/17720 25778/20575/17729 26065/20454/17395 26281/20451/17392
f 26065/20454/17395 25778/20575/17729 25779/20460/17727 26277/20456/17399
f 26012/20488/17465 25776/20573/17730 25805/20553/17699 26430/20487/17464
f 25805/20553/17699 25776/20573/17730 25775/20455/17731 26286/20437/17365
f 25775/20455/17731 25776/20573/17730 26061/20461/17406 26275/20456/17407
f 26061/20461/17406 25776/20573/17730 26012/20488/17465 26372/20274/17405
f 25775/20455/17731 25774/20453/17732 26087/20436/17364 26286/20437/17365
f 26087/20436/17364 25774/20453/17732 26058/20452/17409 26395/20404/17363
f 26058/20452/17409 25774/20453/17732 25773/20454/17733 26276/20451/17408
f 25773/20454/17733 25774/20453/17732 25775/20455/17731 26275/20456/17407
f 25773/20454/17733 25772/20575/17735 25771/20569/17734 26276/20451/17408
f 25771/20569/17734 25772/20575/17735 25777/20574/17728 26394/20571/17722
f 25777/20574/17728 25772/20575/17735 26060/20460/17403 26278/20457/17400
f 26060/20460/17403 25772/20575/17735 25773/20454/17733 26275/20456/17407
f 25814/20558/17689 25770/20568/17736 25928/20515/17557 26424/20493/17548
f 25928/20515/17557 25770/20568/17736 25769/20449/17737 26331/20338/17225
f 25769/20449/17737 25770/20568/17736 26056/20464/17414 26274/20450/17415
f 26056/20464/17414 25770/20568/17736 25814/20558/17689 26291/20406/17413
f 25769/20449/17737 25768/20447/17738 26171/20337/17224 26331/20338/17225
f 26171/20337/17224 25768/20447/17738 26073/20446/17385 26404/20336/17223
f 26073/20446/17385 25768/20447/17738 25767/20448/17739 26280/20445/17384
f 25767/20448/17739 25768/20447/17738 25769/20449/17737 26274/20450/17415
f 25767/20448/17739 25766/20570/17740 25783/20572/17723 26280/20445/17384
f 25783/20572/17723 25766/20570/17740 25771/20569/17734 26394/20571/17722
f 25771/20569/17734 25766/20570/17740 26055/20463/17411 26276/20451/17408
f 26055/20463/17411 25766/20570/17740 25767/20448/17739 26274/20450/17415
f 25764/20542/17742 25765/20541/17741 26150/20362/17259 26262/20363/17260
f 26150/20362/17259 25765/20541/17741 25902/20525/17587 26321/20361/17258
f 25902/20525/17587 25765/20541/17741 25819/20530/17683 26320/20378/17586
f 25819/20530/17683 25765/20541/17741 25764/20542/17742 26261/20531/17682
f 25761/20358/17744 25763/20357/17743 25874/20362/17625 26256/20363/17626
f 25874/20362/17625 25763/20357/17743 25841/20360/17660 26315/20361/17612
f 25841/20360/17660 25763/20357/17743 25762/20356/17745 26298/20359/17659
f 25762/20356/17745 25763/20357/17743 25761/20358/17744 26255/20355/17746
f 25759/20412/17748 25760/20411/17747 25762/20356/17745 26255/20355/17746
f 25762/20356/17745 25760/20411/17749 25835/20414/17667 26298/20359/17659
f 25835/20414/17667 25760/20411/17747 26112/20410/17320 26299/20413/17323
f 26112/20410/17320 25760/20411/17750 25759/20412/17748 26254/20409/17319
f 25757/20540/17753 25758/20539/17752 25818/20527/17686 26260/20526/17751
f 25818/20527/17686 25758/20539/17754 25888/20536/17603 26323/20364/17261
f 25888/20536/17603 25758/20539/17752 25877/20538/17755 26403/20535/17602
f 25877/20538/17758 25758/20539/17757 25757/20540/17756 26259/20537/17614
f 25753/20577/17760 25756/20576/17759 26149/20358/17255 26263/20355/17252
f 26149/20358/17255 25756/20576/17759 25755/20578/17761 26262/20363/17260
f 25755/20578/17761 25756/20576/17759 25754/20580/17763 26273/20579/17762
f 25754/20580/17763 25756/20576/17759 25753/20577/17760 26264/20581/17764
f 25750/20585/17768 25752/20584/17767 25751/20583/17766 26272/20582/17765
f 25751/20583/17766 25752/20584/17767 25755/20578/17761 26273/20579/17762
f 25755/20578/17761 25752/20584/17767 25764/20542/17742 26262/20363/17260
f 25764/20542/17742 25752/20584/17767 25750/20585/17768 26261/20531/17682
f 25747/20589/17772 25749/20588/17771 25748/20587/17770 26268/20586/17769
f 25748/20587/17770 25749/20588/17771 25750/20585/17768 26272/20582/17765
f 25750/20585/17768 25749/20588/17771 25817/20529/17685 26261/20531/17682
f 25817/20529/17685 25749/20588/17771 25747/20589/17772 26260/20526/17773
f 25744/20593/17777 25746/20592/17776 25745/20591/17775 26267/20590/17774
f 25745/20591/17775 25746/20592/17776 25747/20589/17772 26268/20586/17769
f 25747/20589/17772 25746/20592/17776 25757/20540/17779 26260/20526/17778
f 25757/20540/17780 25746/20592/17776 25744/20593/17777 26259/20537/17614
f 25741/20589/17784 25743/20592/17783 25742/20591/17782 26265/20586/17781
f 25742/20591/17782 25743/20592/17783 25744/20593/17777 26267/20590/17774
f 25744/20593/17777 25743/20592/17783 25876/20540/17785 26259/20537/17614
f 25876/20540/17787 25743/20592/17783 25741/20589/17784 26258/20526/17786
f 25738/20585/17791 25740/20588/17790 25739/20587/17789 26266/20582/17788
f 25739/20587/17789 25740/20588/17790 25741/20589/17784 26265/20586/17781
f 25741/20589/17784 25740/20588/17790 25895/20529/17593 26258/20526/17792
f 25895/20529/17593 25740/20588/17790 25738/20585/17791 26257/20531/17595
f 25735/20578/17796 25737/20584/17795 25736/20583/17794 26271/20579/17793
f 25736/20583/17794 25737/20584/17795 25738/20585/17791 26266/20582/17788
f 25738/20585/17791 25737/20584/17795 25873/20542/17624 26257/20531/17595
f 25873/20542/17624 25737/20584/17795 25735/20578/17796 26256/20363/17626
f 25732/20577/17800 25734/20576/17799 25733/20580/17798 26270/20581/17797
f 25733/20580/17798 25734/20576/17799 25735/20578/17796 26271/20579/17793
f 25735/20578/17796 25734/20576/17799 25761/20358/17744 26256/20363/17626
f 25761/20358/17744 25734/20576/17799 25732/20577/17800 26255/20355/17746
f 25729/20597/17804 25731/20596/17803 25730/20595/17802 26269/20594/17801
f 25730/20595/17802 25731/20596/17803 25732/20577/17800 26270/20581/17797
f 25732/20577/17800 25731/20596/17803 25759/20412/17748 26255/20355/17746
f 25759/20412/17748 25731/20596/17803 25729/20597/17804 26254/20409/17319
f 25729/20597/17804 25728/20596/17805 26110/20412/17322 26254/20409/17319
f 26110/20412/17322 25728/20596/17805 25753/20577/17760 26263/20355/17252
f 25753/20577/17760 25728/20596/17805 25727/20595/17806 26264/20581/17764
f 25727/20595/17806 25728/20596/17805 25729/20597/17804 26269/20594/17801
f 26273/20579/17762 25754/20580/17763 25725/20599/17808 25726/20598/17807
f 25754/20580/17763 26264/20581/17764 25724/20600/17809 25725/20599/17808
f 26272/20582/17765 25751/20583/17766 25722/20602/17811 25723/20601/17810
f 25751/20583/17766 26273/20579/17762 25726/20598/17807 25722/20602/17811
f 26268/20586/17769 25748/20587/17770 25720/20604/17813 25721/20603/17812
f 25748/20587/17770 26272/20582/17765 25723/20601/17810 25720/20604/17813
f 26267/20590/17774 25745/20591/17775 25718/20606/17815 25719/20605/17814
f 25745/20591/17775 26268/20586/17769 25721/20603/17812 25718/20606/17815
f 26265/20586/17781 25742/20591/17782 25716/20606/17817 25717/20603/17816
f 25742/20591/17782 26267/20590/17774 25719/20605/17814 25716/20606/17817
f 26266/20582/17788 25739/20587/17789 25714/20604/17819 25715/20601/17818
f 25739/20587/17789 26265/20586/17781 25717/20603/17816 25714/20604/17819
f 26271/20579/17793 25736/20583/17794 25712/20602/17821 25713/20598/17820
f 25736/20583/17794 26266/20582/17788 25715/20601/17818 25712/20602/17821
f 26270/20581/17797 25733/20580/17798 25710/20599/17823 25711/20600/17822
f 25733/20580/17798 26271/20579/17793 25713/20598/17820 25710/20599/17823
f 26269/20594/17801 25730/20595/17802 25708/20608/17825 25709/20607/17824
f 25730/20595/17802 26270/20581/17797 25711/20600/17822 25708/20608/17825
f 26264/20581/17764 25727/20595/17806 25707/20608/17826 25724/20600/17809
f 25727/20595/17806 26269/20594/17801 25709/20607/17824 25707/20608/17826
f 25520/20612/17098 25524/20611/17097 25523/20610/17828 25662/20609/17827
f 25523/20610/17828 25524/20611/17097 25522/20614/17100 25690/20613/17829
f 25522/20614/17100 25524/20611/17097 25521/20616/17102 25661/20615/17101
f 25521/20616/17102 25524/20611/17097 25520/20612/17098 25660/20617/17103
f 25515/20621/17107 25519/20620/17106 25518/20619/17105 25663/20618/17104
f 25518/20619/17105 25519/20620/17106 25517/20623/17109 25693/20622/17108
f 25517/20623/17109 25519/20620/17106 25516/20625/17111 25657/20624/17110
f 25516/20625/17111 25519/20620/17106 25515/20621/17107 25656/20626/17112
f 25510/20630/17080 25514/20629/17079 25513/20628/17078 25658/20627/17077
f 25513/20628/17078 25514/20629/17079 25512/20632/17082 25692/20631/17830
f 25512/20632/17082 25514/20629/17079 25511/20634/17084 25653/20633/17083
f 25511/20634/17084 25514/20629/17079 25510/20630/17080 25652/20626/17085
f 25505/20636/17089 25509/20635/17088 25508/20619/17087 25654/20618/17086
f 25508/20619/17087 25509/20635/17088 25507/20637/17091 25691/20622/17090
f 25507/20637/17091 25509/20635/17088 25506/20639/17093 25650/20638/17092
f 25506/20639/17093 25509/20635/17088 25505/20636/17089 25649/20617/17094
f 25500/20643/17134 25504/20642/17133 25503/20641/17132 25646/20640/17131
f 25503/20641/17132 25504/20642/17133 25502/20645/17136 25685/20644/17135
f 25502/20645/17136 25504/20642/17133 25501/20647/17138 25645/20646/17137
f 25501/20647/17138 25504/20642/17133 25500/20643/17134 25644/20648/17139
f 25495/20652/17143 25499/20651/17142 25498/20650/17141 25647/20649/17140
f 25498/20650/17141 25499/20651/17142 25497/20654/17145 25688/20653/17144
f 25497/20654/17145 25499/20651/17142 25496/20656/17147 25641/20655/17146
f 25496/20656/17147 25499/20651/17142 25495/20652/17143 25640/20657/17148
f 25490/20661/17116 25494/20660/17115 25493/20659/17831 25642/20658/17113
f 25493/20659/17831 25494/20660/17115 25492/20663/17118 25687/20662/17832
f 25492/20663/17118 25494/20660/17115 25491/20665/17120 25637/20664/17119
f 25491/20665/17120 25494/20660/17115 25490/20661/17116 25636/20657/17121
f 25485/20667/17125 25489/20666/17124 25488/20650/17123 25638/20649/17122
f 25488/20650/17123 25489/20666/17124 25487/20668/17127 25686/20653/17126
f 25487/20668/17127 25489/20666/17124 25486/20670/17129 25634/20669/17128
f 25486/20670/17129 25489/20666/17124 25485/20667/17125 25633/20648/17130
f 25480/20674/17187 25484/20673/17186 25483/20672/17185 25630/20671/17184
f 25483/20672/17185 25484/20673/17186 25482/20676/17189 25681/20675/17188
f 25482/20676/17189 25484/20673/17186 25481/20678/17191 25629/20677/17190
f 25481/20678/17191 25484/20673/17186 25480/20674/17187 25628/20679/17192
f 25475/20683/17196 25479/20682/17195 25478/20681/17194 25631/20680/17193
f 25478/20681/17194 25479/20682/17195 25477/20685/17198 25683/20684/17197
f 25477/20685/17198 25479/20682/17195 25476/20687/17200 25626/20686/17199
f 25476/20687/17200 25479/20682/17195 25475/20683/17196 25625/20688/17201
f 25470/20692/17205 25474/20691/17204 25473/20690/17203 25627/20689/17202
f 25473/20690/17203 25474/20691/17204 25472/20637/17206 25693/20622/17108
f 25472/20637/17206 25474/20691/17204 25471/20693/17208 25664/20638/17207
f 25471/20693/17208 25474/20691/17204 25470/20692/17205 25622/20694/17209
f 25465/20698/17213 25469/20697/17212 25468/20696/17211 25623/20695/17210
f 25468/20696/17211 25469/20697/17212 25467/20700/17215 25682/20699/17214
f 25467/20700/17215 25469/20697/17212 25466/20702/17217 25620/20701/17216
f 25466/20702/17217 25469/20697/17212 25465/20698/17213 25619/20703/17218
f 25460/20705/17152 25464/20704/17151 25463/20672/17150 25616/20671/17149
f 25463/20672/17150 25464/20704/17151 25462/20706/17154 25677/20675/17153
f 25462/20706/17154 25464/20704/17151 25461/20708/17156 25615/20707/17155
f 25461/20708/17156 25464/20704/17151 25460/20705/17152 25614/20703/17157
f 25455/20710/17161 25459/20709/17160 25458/20696/17159 25617/20695/17158
f 25458/20696/17159 25459/20709/17160 25457/20711/17163 25679/20699/17162
f 25457/20711/17163 25459/20709/17160 25456/20713/17165 25612/20712/17164
f 25456/20713/17165 25459/20709/17160 25455/20710/17161 25611/20694/17166
f 25450/20715/17170 25454/20714/17169 25453/20690/17168 25613/20689/17167
f 25453/20690/17168 25454/20714/17169 25452/20623/17171 25691/20622/17090
f 25452/20623/17171 25454/20714/17169 25451/20716/17173 25655/20624/17172
f 25451/20716/17173 25454/20714/17169 25450/20715/17170 25608/20688/17174
f 25445/20718/17178 25449/20717/17177 25448/20681/17176 25609/20680/17175
f 25448/20681/17176 25449/20717/17177 25447/20719/17180 25678/20684/17179
f 25447/20719/17180 25449/20717/17177 25446/20721/17182 25606/20720/17181
f 25446/20721/17182 25449/20717/17177 25445/20718/17178 25605/20679/17183
f 24976/20722/17833 24977/20723/17833 25443/20723/17833 25603/20722/17833
f 25444/20726/17836 25442/20725/17835 25675/20724/17834
f 25442/20725/17835 25444/20726/17836 25441/20728/17838 25602/20727/17837
f 25441/20728/17838 25444/20726/17836 25440/20730/17840 25601/20729/17839
f 25435/20734/17844 25439/20733/17843 25438/20732/17842 25604/20731/17841
f 25438/20732/17842 25439/20733/17843 25437/20685/17265 25678/20684/17179
f 25437/20685/17265 25439/20733/17843 25436/20735/17267 25610/20686/17266
f 25436/20735/17267 25439/20733/17843 25435/20734/17844 25599/20736/17268
f 25430/20740/17272 25434/20739/17271 25433/20738/17270 25600/20737/17269
f 25433/20738/17270 25434/20739/17271 25432/20632/17273 25692/20631/17830
f 25432/20632/17273 25434/20739/17271 25431/20741/17275 25659/20633/17274
f 25431/20741/17275 25434/20739/17271 25430/20740/17272 25597/20736/17276
f 25425/20743/17848 25429/20742/17847 25428/20732/17846 25598/20731/17845
f 25428/20732/17846 25429/20742/17847 25427/20719/17281 25683/20684/17197
f 25427/20719/17281 25429/20742/17847 25426/20744/17849 25632/20720/17282
f 25426/20744/17849 25429/20742/17847 25425/20743/17848 25595/20729/17850
f 25420/20748/17854 25424/20747/17853 25423/20746/17852 25534/20745/17851
f 25423/20746/17852 25424/20747/17853 25422/20750/17856 25563/20749/17855
f 25422/20750/17856 25424/20747/17853 25421/20752/17858 25592/20751/17857
f 25421/20752/17858 25424/20747/17853 25420/20748/17854 25533/20753/17859
f 25415/20757/17863 25419/20756/17862 25418/20755/17861 25594/20754/17860
f 25418/20755/17861 25419/20756/17862 25417/20711/17232 25682/20699/17214
f 25417/20711/17232 25419/20756/17862 25416/20758/17234 25624/20712/17233
f 25416/20758/17234 25419/20756/17862 25415/20757/17863 25589/20759/17235
f 25410/20763/17239 25414/20762/17238 25413/20761/17865 25590/20760/17864
f 25413/20761/17865 25414/20762/17238 25412/20614/17240 25690/20613/17829
f 25412/20614/17240 25414/20762/17238 25411/20764/17242 25651/20615/17241
f 25411/20764/17242 25414/20762/17238 25410/20763/17239 25587/20759/17243
f 25405/20766/17869 25409/20765/17868 25408/20755/17867 25588/20754/17866
f 25408/20755/17867 25409/20765/17868 25407/20700/17248 25679/20699/17162
f 25407/20700/17248 25409/20765/17868 25406/20767/17870 25618/20701/17249
f 25406/20767/17870 25409/20765/17868 25405/20766/17869 25585/20768/17871
f 25400/20772/17354 25404/20771/17353 25403/20770/17352 25582/20769/17351
f 25403/20770/17352 25404/20771/17353 25402/20706/17355 25681/20675/17188
f 25402/20706/17355 25404/20771/17353 25401/20773/17357 25621/20707/17356
f 25401/20773/17357 25404/20771/17353 25400/20772/17354 25581/20774/17358
f 25395/20778/17362 25399/20777/17361 25398/20776/17360 25583/20775/17359
f 25398/20776/17360 25399/20777/17361 25397/20780/17364 25671/20779/17363
f 25397/20780/17364 25399/20777/17361 25396/20782/17366 25579/20781/17365
f 25396/20782/17366 25399/20777/17361 25395/20778/17362 25578/20783/17367
f 25390/20787/17371 25394/20786/17370 25393/20785/17369 25580/20784/17368
f 25393/20785/17369 25394/20786/17370 25392/20654/17372 25686/20653/17126
f 25392/20654/17372 25394/20786/17370 25391/20788/17374 25639/20655/17373
f 25391/20788/17374 25394/20786/17370 25390/20787/17371 25575/20789/17375
f 25385/20793/17379 25389/20792/17378 25388/20791/17377 25576/20790/17376
f 25388/20791/17377 25389/20792/17378 25387/20795/17380 25670/20794/17331
f 25387/20795/17380 25389/20792/17378 25386/20797/17382 25574/20796/17381
f 25386/20797/17382 25389/20792/17378 25385/20793/17379 25573/20798/17383
f 25381/20802/17875 25384/20801/17874 25383/20800/17873 25525/20799/17872
f 25383/20800/17873 25384/20801/17878 25382/20804/17877 25570/20803/17876
f 25382/20804/17877 25384/20801/17879 25423/20746/17852 25563/20749/17855
f 25423/20746/17852 25384/20801/17878 25381/20802/17875 25534/20745/17851
f 25376/20808/17395 25380/20807/17394 25379/20806/17393 25571/20805/17392
f 25379/20806/17393 25380/20807/17394 25378/20780/17396 25668/20779/17314
f 25378/20780/17396 25380/20807/17394 25377/20809/17398 25567/20781/17397
f 25377/20809/17398 25380/20807/17394 25376/20808/17395 25566/20810/17399
f 25371/20814/17403 25375/20813/17402 25374/20812/17880 25568/20811/17400
f 25374/20812/17880 25375/20813/17402 25373/20645/17404 25685/20644/17135
f 25373/20645/17404 25375/20813/17402 25372/20815/17406 25635/20646/17405
f 25372/20815/17406 25375/20813/17402 25371/20814/17403 25564/20810/17407
f 25366/20817/17882 25370/20816/17881 25369/20806/17409 25565/20805/17408
f 25369/20806/17409 25370/20816/17881 25368/20818/17412 25671/20779/17363
f 25368/20818/17412 25370/20816/17881 25367/20820/17883 25584/20819/17413
f 25367/20820/17883 25370/20816/17881 25366/20817/17882 25563/20749/17855
f 25361/20822/17288 25365/20821/17287 25364/20770/17286 25560/20769/17285
f 25364/20770/17286 25365/20821/17287 25363/20676/17289 25677/20675/17153
f 25363/20676/17289 25365/20821/17287 25362/20823/17291 25607/20677/17290
f 25362/20823/17291 25365/20821/17287 25361/20822/17288 25559/20798/17292
f 25356/20825/17296 25360/20824/17295 25359/20791/17294 25561/20790/17293
f 25359/20791/17294 25360/20824/17295 25358/20826/17298 25666/20794/17297
f 25358/20826/17298 25360/20824/17295 25357/20828/17300 25557/20827/17299
f 25357/20828/17300 25360/20824/17295 25356/20825/17296 25556/20789/17301
f 25351/20830/17305 25355/20829/17304 25354/20785/17303 25558/20784/17302
f 25354/20785/17303 25355/20829/17304 25353/20668/17306 25688/20653/17144
f 25353/20668/17306 25355/20829/17304 25352/20831/17308 25648/20669/17307
f 25352/20831/17308 25355/20829/17304 25351/20830/17305 25554/20783/17309
f 25346/20833/17313 25350/20832/17312 25349/20776/17311 25555/20775/17310
f 25349/20776/17311 25350/20832/17312 25348/20818/17315 25668/20779/17314
f 25348/20818/17315 25350/20832/17312 25347/20834/17317 25572/20819/17316
f 25347/20834/17317 25350/20832/17312 25346/20833/17313 25553/20774/17318
f 25341/20838/17887 25345/20837/17886 25344/20836/17885 25551/20835/17884
f 25344/20836/17885 25345/20837/17886 25343/20725/17888 25675/20724/17834
f 25343/20725/17888 25345/20837/17886 25342/20839/17890 25596/20727/17889
f 25342/20839/17890 25345/20837/17886 25341/20838/17887 25550/20840/17891
f 25336/20844/17330 25340/20843/17329 25339/20842/17328 25552/20841/17327
f 25339/20842/17328 25340/20843/17329 25338/20826/17332 25670/20794/17331
f 25338/20826/17332 25340/20843/17329 25337/20845/17334 25577/20827/17333
f 25337/20845/17334 25340/20843/17329 25336/20844/17330 25548/20846/17335
f 25331/20850/17339 25335/20849/17338 25334/20848/17337 25549/20847/17892
f 25334/20848/17337 25335/20849/17338 25333/20663/17340 25687/20662/17832
f 25333/20663/17340 25335/20849/17338 25332/20851/17342 25643/20664/17341
f 25332/20851/17342 25335/20849/17338 25331/20850/17339 25546/20846/17343
f 25326/20853/17894 25330/20852/17893 25329/20842/17345 25547/20841/17344
f 25329/20842/17345 25330/20852/17893 25328/20795/17348 25666/20794/17297
f 25328/20795/17348 25330/20852/17893 25327/20854/17895 25562/20796/17349
f 25327/20854/17895 25330/20852/17893 25326/20853/17894 25545/20840/17896
f 25322/20858/17439 25325/20857/17438 25324/20856/17437 25706/20855/17436
f 25324/20856/17437 25325/20857/17438 25323/20639/17440 25664/20638/17207
f 25323/20639/17440 25325/20857/17438 25521/20616/17102 25660/20617/17103
f 25521/20616/17102 25325/20857/17438 25322/20858/17439 25661/20615/17101
f 25323/20639/17440 25321/20635/17441 25472/20637/17206 25664/20638/17207
f 25472/20637/17206 25321/20635/17441 25518/20619/17105 25693/20622/17108
f 25518/20619/17105 25321/20635/17441 25320/20636/17442 25663/20618/17104
f 25320/20636/17442 25321/20635/17441 25323/20639/17440 25660/20617/17103
f 25320/20636/17442 25319/20860/17444 25318/20859/17443 25663/20618/17104
f 25318/20859/17443 25319/20860/17444 25317/20862/17897 25694/20861/17425
f 25317/20862/17897 25319/20860/17444 25520/20612/17098 25662/20609/17827
f 25520/20612/17098 25319/20860/17444 25320/20636/17442 25660/20617/17103
f 25313/20866/17448 25316/20865/17447 25315/20864/17446 25705/20863/17445
f 25315/20864/17446 25316/20865/17447 25314/20634/17449 25659/20633/17274
f 25314/20634/17449 25316/20865/17447 25516/20625/17111 25656/20626/17112
f 25516/20625/17111 25316/20865/17447 25313/20866/17448 25657/20624/17110
f 25314/20634/17449 25312/20629/17450 25432/20632/17273 25659/20633/17274
f 25432/20632/17273 25312/20629/17450 25513/20628/17078 25692/20631/17830
f 25513/20628/17078 25312/20629/17450 25311/20630/17451 25658/20627/17077
f 25311/20630/17451 25312/20629/17450 25314/20634/17449 25656/20626/17112
f 25311/20630/17451 25310/20868/17452 25309/20867/17426 25658/20627/17077
f 25309/20867/17426 25310/20868/17452 25318/20859/17443 25694/20861/17425
f 25318/20859/17443 25310/20868/17452 25515/20621/17107 25663/20618/17104
f 25515/20621/17107 25310/20868/17452 25311/20630/17451 25656/20626/17112
f 25305/20864/17419 25308/20865/17418 25307/20866/17417 25704/20863/17416
f 25307/20866/17417 25308/20865/17418 25306/20625/17420 25655/20624/17172
f 25306/20625/17420 25308/20865/17418 25511/20634/17084 25652/20626/17085
f 25511/20634/17084 25308/20865/17418 25305/20864/17419 25653/20633/17083
f 25306/20625/17420 25304/20620/17421 25452/20623/17171 25655/20624/17172
f 25452/20623/17171 25304/20620/17421 25508/20619/17087 25691/20622/17090
f 25508/20619/17087 25304/20620/17421 25303/20621/17422 25654/20618/17086
f 25303/20621/17422 25304/20620/17421 25306/20625/17420 25652/20626/17085
f 25303/20621/17422 25302/20868/17424 25301/20859/17423 25654/20618/17086
f 25301/20859/17423 25302/20868/17424 25309/20867/17426 25694/20861/17425
f 25309/20867/17426 25302/20868/17424 25510/20630/17080 25658/20627/17077
f 25510/20630/17080 25302/20868/17424 25303/20621/17422 25652/20626/17085
f 25297/20856/17430 25300/20857/17429 25299/20858/17428 25703/20855/17427
f 25299/20858/17428 25300/20857/17429 25298/20616/17431 25651/20615/17241
f 25298/20616/17431 25300/20857/17429 25506/20639/17093 25649/20617/17094
f 25506/20639/17093 25300/20857/17429 25297/20856/17430 25650/20638/17092
f 25298/20616/17431 25296/20611/17432 25412/20614/17240 25651/20615/17241
f 25412/20614/17240 25296/20611/17432 25523/20610/17828 25690/20613/17829
f 25523/20610/17828 25296/20611/17432 25295/20612/17433 25662/20609/17827
f 25295/20612/17433 25296/20611/17432 25298/20616/17431 25649/20617/17094
f 25295/20612/17433 25294/20860/17435 25317/20862/17897 25662/20609/17827
f 25317/20862/17897 25294/20860/17435 25301/20859/17423 25694/20861/17425
f 25301/20859/17423 25294/20860/17435 25505/20636/17089 25654/20618/17086
f 25505/20636/17089 25294/20860/17435 25295/20612/17433 25649/20617/17094
f 25290/20872/17476 25293/20871/17475 25292/20870/17474 25702/20869/17473
f 25292/20870/17474 25293/20871/17475 25291/20670/17477 25648/20669/17307
f 25291/20670/17477 25293/20871/17475 25501/20647/17138 25644/20648/17139
f 25501/20647/17138 25293/20871/17475 25290/20872/17476 25645/20646/17137
f 25291/20670/17477 25289/20666/17478 25353/20668/17306 25648/20669/17307
f 25353/20668/17306 25289/20666/17478 25498/20650/17141 25688/20653/17144
f 25498/20650/17141 25289/20666/17478 25288/20667/17479 25647/20649/17140
f 25288/20667/17479 25289/20666/17478 25291/20670/17477 25644/20648/17139
f 25288/20667/17479 25287/20874/17481 25286/20873/17480 25647/20649/17140
f 25286/20873/17480 25287/20874/17481 25285/20876/17471 25689/20875/17898
f 25285/20876/17471 25287/20874/17481 25500/20643/17134 25646/20640/17131
f 25500/20643/17134 25287/20874/17481 25288/20667/17479 25644/20648/17139
f 25281/20880/17485 25284/20879/17484 25283/20878/17483 25701/20877/17482
f 25283/20878/17483 25284/20879/17484 25282/20665/17486 25643/20664/17341
f 25282/20665/17486 25284/20879/17484 25496/20656/17147 25640/20657/17148
f 25496/20656/17147 25284/20879/17484 25281/20880/17485 25641/20655/17146
f 25282/20665/17486 25280/20660/17487 25333/20663/17340 25643/20664/17341
f 25333/20663/17340 25280/20660/17487 25493/20659/17831 25687/20662/17832
f 25493/20659/17831 25280/20660/17487 25279/20661/17488 25642/20658/17113
f 25279/20661/17488 25280/20660/17487 25282/20665/17486 25640/20657/17148
f 25279/20661/17488 25278/20882/17489 25277/20881/17899 25642/20658/17113
f 25277/20881/17899 25278/20882/17489 25286/20873/17480 25689/20875/17898
f 25286/20873/17480 25278/20882/17489 25495/20652/17143 25647/20649/17140
f 25495/20652/17143 25278/20882/17489 25279/20661/17488 25640/20657/17148
f 25273/20878/17456 25276/20879/17455 25275/20880/17454 25700/20877/17453
f 25275/20880/17454 25276/20879/17455 25274/20656/17457 25639/20655/17373
f 25274/20656/17457 25276/20879/17455 25491/20665/17120 25636/20657/17121
f 25491/20665/17120 25276/20879/17455 25273/20878/17456 25637/20664/17119
f 25274/20656/17457 25272/20651/17458 25392/20654/17372 25639/20655/17373
f 25392/20654/17372 25272/20651/17458 25488/20650/17123 25686/20653/17126
f 25488/20650/17123 25272/20651/17458 25271/20652/17459 25638/20649/17122
f 25271/20652/17459 25272/20651/17458 25274/20656/17457 25636/20657/17121
f 25271/20652/17459 25270/20882/17461 25269/20873/17460 25638/20649/17122
f 25269/20873/17460 25270/20882/17461 25277/20881/17899 25689/20875/17898
f 25277/20881/17899 25270/20882/17461 25490/20661/17116 25642/20658/17113
f 25490/20661/17116 25270/20882/17461 25271/20652/17459 25636/20657/17121
f 25265/20870/17467 25268/20871/17466 25267/20872/17465 25699/20869/17464
f 25267/20872/17465 25268/20871/17466 25266/20647/17468 25635/20646/17405
f 25266/20647/17468 25268/20871/17466 25486/20670/17129 25633/20648/17130
f 25486/20670/17129 25268/20871/17466 25265/20870/17467 25634/20669/17128
f 25266/20647/17468 25264/20642/17469 25373/20645/17404 25635/20646/17405
f 25373/20645/17404 25264/20642/17469 25503/20641/17132 25685/20644/17135
f 25503/20641/17132 25264/20642/17469 25263/20643/17470 25646/20640/17131
f 25263/20643/17470 25264/20642/17469 25266/20647/17468 25633/20648/17130
f 25263/20643/17470 25262/20874/17472 25285/20876/17471 25646/20640/17131
f 25285/20876/17471 25262/20874/17472 25269/20873/17460 25689/20875/17898
f 25269/20873/17460 25262/20874/17472 25485/20667/17125 25638/20649/17122
f 25485/20667/17125 25262/20874/17472 25263/20643/17470 25633/20648/17130
f 25258/20886/17526 25261/20885/17525 25260/20884/17524 25697/20883/17523
f 25260/20884/17524 25261/20885/17525 25259/20721/17527 25632/20720/17282
f 25259/20721/17527 25261/20885/17525 25481/20678/17191 25628/20679/17192
f 25481/20678/17191 25261/20885/17525 25258/20886/17526 25629/20677/17190
f 25259/20721/17527 25257/20717/17528 25427/20719/17281 25632/20720/17282
f 25427/20719/17281 25257/20717/17528 25478/20681/17194 25683/20684/17197
f 25478/20681/17194 25257/20717/17528 25256/20718/17529 25631/20680/17193
f 25256/20718/17529 25257/20717/17528 25259/20721/17527 25628/20679/17192
f 25256/20718/17529 25255/20888/17531 25254/20887/17530 25631/20680/17193
f 25254/20887/17530 25255/20888/17531 25253/20890/17533 25684/20889/17532
f 25253/20890/17533 25255/20888/17531 25480/20674/17187 25630/20671/17184
f 25480/20674/17187 25255/20888/17531 25256/20718/17529 25628/20679/17192
f 25250/20892/17535 25252/20891/17534 25313/20866/17448 25705/20863/17445
f 25313/20866/17448 25252/20891/17534 25251/20716/17536 25657/20624/17110
f 25251/20716/17536 25252/20891/17534 25476/20687/17200 25625/20688/17201
f 25476/20687/17200 25252/20891/17534 25250/20892/17535 25626/20686/17199
f 25251/20716/17536 25249/20714/17537 25517/20623/17109 25657/20624/17110
f 25517/20623/17109 25249/20714/17537 25473/20690/17203 25693/20622/17108
f 25473/20690/17203 25249/20714/17537 25248/20715/17538 25627/20689/17202
f 25248/20715/17538 25249/20714/17537 25251/20716/17536 25625/20688/17201
f 25248/20715/17538 25247/20894/17540 25246/20893/17539 25627/20689/17202
f 25246/20893/17539 25247/20894/17540 25254/20887/17530 25684/20889/17532
f 25254/20887/17530 25247/20894/17540 25475/20683/17196 25631/20680/17193
f 25475/20683/17196 25247/20894/17540 25248/20715/17538 25625/20688/17201
f 25324/20856/17437 25245/20896/17542 25244/20895/17541 25706/20855/17436
f 25244/20895/17541 25245/20896/17542 25243/20713/17543 25624/20712/17233
f 25243/20713/17543 25245/20896/17542 25471/20693/17208 25622/20694/17209
f 25471/20693/17208 25245/20896/17542 25324/20856/17437 25664/20638/17207
f 25243/20713/17543 25242/20709/17544 25417/20711/17232 25624/20712/17233
f 25417/20711/17232 25242/20709/17544 25468/20696/17211 25682/20699/17214
f 25468/20696/17211 25242/20709/17544 25241/20710/17545 25623/20695/17210
f 25241/20710/17545 25242/20709/17544 25243/20713/17543 25622/20694/17209
f 25241/20710/17545 25240/20898/17547 25239/20897/17546 25623/20695/17210
f 25239/20897/17546 25240/20898/17547 25246/20893/17539 25684/20889/17532
f 25246/20893/17539 25240/20898/17547 25470/20692/17205 25627/20689/17202
f 25470/20692/17205 25240/20898/17547 25241/20710/17545 25622/20694/17209
f 25235/20902/17551 25238/20901/17550 25237/20900/17549 25698/20899/17548
f 25237/20900/17549 25238/20901/17550 25236/20708/17552 25621/20707/17356
f 25236/20708/17552 25238/20901/17550 25466/20702/17217 25619/20703/17218
f 25466/20702/17217 25238/20901/17550 25235/20902/17551 25620/20701/17216
f 25236/20708/17552 25234/20704/17553 25402/20706/17355 25621/20707/17356
f 25402/20706/17355 25234/20704/17553 25483/20672/17185 25681/20675/17188
f 25483/20672/17185 25234/20704/17553 25233/20705/17554 25630/20671/17184
f 25233/20705/17554 25234/20704/17553 25236/20708/17552 25619/20703/17218
f 25233/20705/17554 25232/20903/17555 25253/20890/17533 25630/20671/17184
f 25253/20890/17533 25232/20903/17555 25239/20897/17546 25684/20889/17532
f 25239/20897/17546 25232/20903/17555 25465/20698/17213 25623/20695/17210
f 25465/20698/17213 25232/20903/17555 25233/20705/17554 25619/20703/17218
f 25228/20900/17493 25231/20901/17492 25230/20902/17491 25696/20899/17490
f 25230/20902/17491 25231/20901/17492 25229/20702/17494 25618/20701/17249
f 25229/20702/17494 25231/20901/17492 25461/20708/17156 25614/20703/17157
f 25461/20708/17156 25231/20901/17492 25228/20900/17493 25615/20707/17155
f 25229/20702/17494 25227/20697/17495 25407/20700/17248 25618/20701/17249
f 25407/20700/17248 25227/20697/17495 25458/20696/17159 25679/20699/17162
f 25458/20696/17159 25227/20697/17495 25226/20698/17496 25617/20695/17158
f 25226/20698/17496 25227/20697/17495 25229/20702/17494 25614/20703/17157
f 25226/20698/17496 25225/20903/17498 25224/20897/17497 25617/20695/17158
f 25224/20897/17497 25225/20903/17498 25223/20890/17500 25680/20889/17499
f 25223/20890/17500 25225/20903/17498 25460/20705/17152 25616/20671/17149
f 25460/20705/17152 25225/20903/17498 25226/20698/17496 25614/20703/17157
f 25220/20895/17502 25222/20896/17501 25297/20856/17430 25703/20855/17427
f 25297/20856/17430 25222/20896/17501 25221/20693/17503 25650/20638/17092
f 25221/20693/17503 25222/20896/17501 25456/20713/17165 25611/20694/17166
f 25456/20713/17165 25222/20896/17501 25220/20895/17502 25612/20712/17164
f 25221/20693/17503 25219/20691/17504 25507/20637/17091 25650/20638/17092
f 25507/20637/17091 25219/20691/17504 25453/20690/17168 25691/20622/17090
f 25453/20690/17168 25219/20691/17504 25218/20692/17505 25613/20689/17167
f 25218/20692/17505 25219/20691/17504 25221/20693/17503 25611/20694/17166
f 25218/20692/17505 25217/20898/17507 25216/20893/17506 25613/20689/17167
f 25216/20893/17506 25217/20898/17507 25224/20897/17497 25680/20889/17499
f 25224/20897/17497 25217/20898/17507 25455/20710/17161 25617/20695/17158
f 25455/20710/17161 25217/20898/17507 25218/20692/17505 25611/20694/17166
f 25307/20866/17417 25215/20891/17509 25214/20892/17508 25704/20863/17416
f 25214/20892/17508 25215/20891/17509 25213/20687/17510 25610/20686/17266
f 25213/20687/17510 25215/20891/17509 25451/20716/17173 25608/20688/17174
f 25451/20716/17173 25215/20891/17509 25307/20866/17417 25655/20624/17172
f 25213/20687/17510 25212/20682/17511 25437/20685/17265 25610/20686/17266
f 25437/20685/17265 25212/20682/17511 25448/20681/17176 25678/20684/17179
f 25448/20681/17176 25212/20682/17511 25211/20683/17512 25609/20680/17175
f 25211/20683/17512 25212/20682/17511 25213/20687/17510 25608/20688/17174
f 25211/20683/17512 25210/20894/17514 25209/20887/17513 25609/20680/17175
f 25209/20887/17513 25210/20894/17514 25216/20893/17506 25680/20889/17499
f 25216/20893/17506 25210/20894/17514 25450/20715/17170 25613/20689/17167
f 25450/20715/17170 25210/20894/17514 25211/20683/17512 25608/20688/17174
f 25205/20884/17518 25208/20885/17517 25207/20886/17516 25695/20883/17515
f 25207/20886/17516 25208/20885/17517 25206/20678/17519 25607/20677/17290
f 25206/20678/17519 25208/20885/17517 25446/20721/17182 25605/20679/17183
f 25446/20721/17182 25208/20885/17517 25205/20884/17518 25606/20720/17181
f 25206/20678/17519 25204/20673/17520 25363/20676/17289 25607/20677/17290
f 25363/20676/17289 25204/20673/17520 25463/20672/17150 25677/20675/17153
f 25463/20672/17150 25204/20673/17520 25203/20674/17521 25616/20671/17149
f 25203/20674/17521 25204/20673/17520 25206/20678/17519 25605/20679/17183
f 25203/20674/17521 25202/20888/17522 25223/20890/17500 25616/20671/17149
f 25223/20890/17500 25202/20888/17522 25209/20887/17513 25680/20889/17499
f 25209/20887/17513 25202/20888/17522 25445/20718/17178 25609/20680/17175
f 25445/20718/17178 25202/20888/17522 25203/20674/17521 25605/20679/17183
f 25199/20905/17901 25201/20904/17900 25205/20884/17518 25695/20883/17515
f 25205/20884/17518 25201/20904/17900 25200/20744/17902 25606/20720/17181
f 25200/20744/17902 25201/20904/17900 25441/20728/17838 25601/20729/17839
f 25441/20728/17838 25201/20904/17900 25199/20905/17901 25602/20727/17837
f 25200/20744/17902 25198/20742/17903 25447/20719/17180 25606/20720/17181
f 25447/20719/17180 25198/20742/17903 25438/20732/17842 25678/20684/17179
f 25438/20732/17842 25198/20742/17903 25197/20743/17904 25604/20731/17841
f 25197/20743/17904 25198/20742/17903 25200/20744/17902 25601/20729/17839
f 25197/20743/17904 25196/20907/17906 25195/20906/17905 25604/20731/17841
f 25676/20908/17907 25195/20906/17905 25196/20907/17906
f 25194/20909/17833 24975/20909/17908 24976/20722/17833 25603/20722/17833
f 25440/20730/17840 25196/20907/17906 25197/20743/17904 25601/20729/17839
f 25214/20892/17508 25193/20910/17596 25305/20864/17419 25704/20863/17416
f 25305/20864/17419 25193/20910/17596 25192/20741/17597 25653/20633/17083
f 25192/20741/17597 25193/20910/17596 25436/20735/17267 25599/20736/17268
f 25436/20735/17267 25193/20910/17596 25214/20892/17508 25610/20686/17266
f 25192/20741/17597 25191/20739/17598 25512/20632/17082 25653/20633/17083
f 25512/20632/17082 25191/20739/17598 25433/20738/17270 25692/20631/17830
f 25433/20738/17270 25191/20739/17598 25190/20740/17599 25600/20737/17269
f 25190/20740/17599 25191/20739/17598 25192/20741/17597 25599/20736/17268
f 25190/20740/17599 25189/20912/17910 25188/20911/17909 25600/20737/17269
f 25188/20911/17909 25189/20912/17910 25195/20906/17905 25676/20908/17907
f 25195/20906/17905 25189/20912/17910 25435/20734/17844 25604/20731/17841
f 25435/20734/17844 25189/20912/17910 25190/20740/17599 25599/20736/17268
f 25315/20864/17446 25187/20910/17604 25250/20892/17535 25705/20863/17445
f 25250/20892/17535 25187/20910/17604 25186/20735/17605 25626/20686/17199
f 25186/20735/17605 25187/20910/17604 25431/20741/17275 25597/20736/17276
f 25431/20741/17275 25187/20910/17604 25315/20864/17446 25659/20633/17274
f 25186/20735/17605 25185/20733/17911 25477/20685/17198 25626/20686/17199
f 25477/20685/17198 25185/20733/17911 25428/20732/17846 25683/20684/17197
f 25428/20732/17846 25185/20733/17911 25184/20734/17912 25598/20731/17845
f 25184/20734/17912 25185/20733/17911 25186/20735/17605 25597/20736/17276
f 25184/20734/17912 25183/20912/17914 25182/20906/17913 25598/20731/17845
f 25182/20906/17913 25183/20912/17914 25188/20911/17909 25676/20908/17907
f 25188/20911/17909 25183/20912/17914 25430/20740/17272 25600/20737/17269
f 25430/20740/17272 25183/20912/17914 25184/20734/17912 25597/20736/17276
f 25260/20884/17524 25181/20904/17916 25180/20905/17915 25697/20883/17523
f 25180/20905/17915 25181/20904/17916 25179/20728/17917 25596/20727/17889
f 25179/20728/17917 25181/20904/17916 25426/20744/17849 25595/20729/17850
f 25426/20744/17849 25181/20904/17916 25260/20884/17524 25632/20720/17282
f 25179/20728/17917 25178/20726/17918 25343/20725/17888 25596/20727/17889
f 24974/20723/17908 25443/20723/17833 24973/20913/17833
f 25443/20723/17833 24974/20723/17908 24972/20722/17908 25603/20722/17833
f 25177/20730/17919 25178/20726/17918 25179/20728/17917 25595/20729/17850
f 24972/20722/17908 24971/20909/17833 25194/20909/17833 25603/20722/17833
f 25176/20907/17920 25182/20906/17913 25676/20908/17907
f 25182/20906/17913 25176/20907/17920 25425/20743/17848 25598/20731/17845
f 25425/20743/17848 25176/20907/17920 25177/20730/17919 25595/20729/17850
f 25172/20915/17922 25175/20914/17921 25235/20902/17551 25698/20899/17548
f 25235/20902/17551 25175/20914/17921 25174/20767/17923 25620/20701/17216
f 25174/20767/17923 25175/20914/17921 25173/20916/17925 25591/20768/17924
f 25173/20916/17925 25175/20914/17921 25172/20915/17922 25592/20751/17857
f 25174/20767/17923 25171/20765/17926 25467/20700/17215 25620/20701/17216
f 25467/20700/17215 25171/20765/17926 25418/20755/17861 25682/20699/17214
f 25418/20755/17861 25171/20765/17926 25170/20766/17927 25594/20754/17860
f 25170/20766/17927 25171/20765/17926 25174/20767/17923 25591/20768/17924
f 25166/20920/17931 25169/20919/17930 25168/20918/17929 25529/20917/17928
f 25168/20918/17929 25169/20919/17930 25405/20766/17869 25588/20754/17866
f 25405/20766/17869 25169/20919/17930 25167/20921/17932 25585/20768/17871
f 25167/20921/17932 25169/20919/17930 25166/20920/17931 25528/20922/17933
f 25244/20895/17541 25165/20923/17565 25322/20858/17439 25706/20855/17436
f 25322/20858/17439 25165/20923/17565 25164/20764/17566 25661/20615/17101
f 25164/20764/17566 25165/20923/17565 25416/20758/17234 25589/20759/17235
f 25416/20758/17234 25165/20923/17565 25244/20895/17541 25624/20712/17233
f 25164/20764/17566 25163/20762/17567 25522/20614/17100 25661/20615/17101
f 25522/20614/17100 25163/20762/17567 25413/20761/17865 25690/20613/17829
f 25413/20761/17865 25163/20762/17567 25162/20763/17568 25590/20760/17864
f 25162/20763/17568 25163/20762/17567 25164/20764/17566 25589/20759/17235
f 25162/20763/17568 25161/20925/17935 25160/20924/17934 25590/20760/17864
f 25160/20924/17934 25161/20925/17935 25159/20927/17937 25674/20926/17936
f 25159/20927/17937 25161/20925/17935 25415/20757/17863 25594/20754/17860
f 25415/20757/17863 25161/20925/17935 25162/20763/17568 25589/20759/17235
f 25299/20858/17428 25158/20923/17571 25220/20895/17502 25703/20855/17427
f 25220/20895/17502 25158/20923/17571 25157/20758/17572 25612/20712/17164
f 25157/20758/17572 25158/20923/17571 25411/20764/17242 25587/20759/17243
f 25411/20764/17242 25158/20923/17571 25299/20858/17428 25651/20615/17241
f 25157/20758/17572 25156/20756/17938 25457/20711/17163 25612/20712/17164
f 25457/20711/17163 25156/20756/17938 25408/20755/17867 25679/20699/17162
f 25408/20755/17867 25156/20756/17938 25155/20757/17939 25588/20754/17866
f 25155/20757/17939 25156/20756/17938 25157/20758/17572 25587/20759/17243
f 25155/20757/17939 25154/20925/17941 25153/20927/17940 25588/20754/17866
f 25153/20927/17940 25154/20925/17941 25160/20924/17934 25674/20926/17936
f 25160/20924/17934 25154/20925/17941 25410/20763/17239 25590/20760/17864
f 25410/20763/17239 25154/20925/17941 25155/20757/17939 25587/20759/17243
f 25230/20902/17491 25152/20914/17943 25151/20915/17942 25696/20899/17490
f 25151/20915/17942 25152/20914/17943 25150/20916/17945 25586/20751/17944
f 25150/20916/17945 25152/20914/17943 25406/20767/17870 25585/20768/17871
f 25406/20767/17870 25152/20914/17943 25230/20902/17491 25618/20701/17249
f 25147/20931/17949 25149/20930/17948 25148/20929/17947 25530/20928/17946
f 25148/20929/17951 25149/20930/17950 25153/20927/17940 25674/20926/17936
f 25153/20927/17940 25149/20930/17952 25168/20918/17929 25588/20754/17866
f 25168/20918/17929 25149/20930/17950 25147/20931/17954 25529/20917/17953
f 25144/20933/17956 25146/20932/17955 25167/20921/17932 25528/20922/17933
f 25167/20921/17932 25146/20932/17955 25150/20916/17945 25585/20768/17871
f 25150/20916/17945 25146/20932/17955 25145/20752/17957 25586/20751/17944
f 25145/20752/17957 25146/20932/17955 25144/20933/17956 25527/20753/17958
f 25237/20900/17549 25143/20935/17690 25142/20934/17689 25698/20899/17548
f 25142/20934/17689 25143/20935/17690 25141/20834/17691 25584/20819/17413
f 25141/20834/17691 25143/20935/17690 25401/20773/17357 25581/20774/17358
f 25401/20773/17357 25143/20935/17690 25237/20900/17549 25621/20707/17356
f 25141/20834/17691 25140/20832/17692 25368/20818/17412 25584/20819/17413
f 25368/20818/17412 25140/20832/17692 25398/20776/17360 25671/20779/17363
f 25398/20776/17360 25140/20832/17692 25139/20833/17693 25583/20775/17359
f 25139/20833/17693 25140/20832/17692 25141/20834/17691 25581/20774/17358
f 25139/20833/17693 25138/20937/17695 25137/20936/17694 25583/20775/17359
f 25137/20936/17694 25138/20937/17695 25136/20939/17697 25672/20938/17696
f 25136/20939/17697 25138/20937/17695 25400/20772/17354 25582/20769/17351
f 25400/20772/17354 25138/20937/17695 25139/20833/17693 25581/20774/17358
f 25133/20941/17699 25135/20940/17698 25265/20870/17467 25699/20869/17464
f 25265/20870/17467 25135/20940/17698 25134/20831/17700 25634/20669/17128
f 25134/20831/17700 25135/20940/17698 25396/20782/17366 25578/20783/17367
f 25396/20782/17366 25135/20940/17698 25133/20941/17699 25579/20781/17365
f 25134/20831/17700 25132/20829/17701 25487/20668/17127 25634/20669/17128
f 25487/20668/17127 25132/20829/17701 25393/20785/17369 25686/20653/17126
f 25393/20785/17369 25132/20829/17701 25131/20830/17702 25580/20784/17368
f 25131/20830/17702 25132/20829/17701 25134/20831/17700 25578/20783/17367
f 25131/20830/17702 25130/20943/17704 25129/20942/17703 25580/20784/17368
f 25129/20942/17703 25130/20943/17704 25137/20936/17694 25672/20938/17696
f 25137/20936/17694 25130/20943/17704 25395/20778/17362 25583/20775/17359
f 25395/20778/17362 25130/20943/17704 25131/20830/17702 25578/20783/17367
f 25275/20880/17454 25128/20945/17705 25127/20944/17669 25700/20877/17453
f 25127/20944/17669 25128/20945/17705 25126/20828/17706 25577/20827/17333
f 25126/20828/17706 25128/20945/17705 25391/20788/17374 25575/20789/17375
f 25391/20788/17374 25128/20945/17705 25275/20880/17454 25639/20655/17373
f 25126/20828/17706 25125/20824/17707 25338/20826/17332 25577/20827/17333
f 25338/20826/17332 25125/20824/17707 25388/20791/17377 25670/20794/17331
f 25388/20791/17377 25125/20824/17707 25124/20825/17708 25576/20790/17376
f 25124/20825/17708 25125/20824/17707 25126/20828/17706 25575/20789/17375
f 25124/20825/17708 25123/20947/17710 25122/20946/17709 25576/20790/17376
f 25122/20946/17709 25123/20947/17710 25129/20942/17703 25672/20938/17696
f 25129/20942/17703 25123/20947/17710 25390/20787/17371 25580/20784/17368
f 25390/20787/17371 25123/20947/17710 25124/20825/17708 25575/20789/17375
f 25119/20949/17656 25121/20948/17711 25258/20886/17526 25697/20883/17523
f 25258/20886/17526 25121/20948/17711 25120/20823/17712 25629/20677/17190
f 25120/20823/17712 25121/20948/17711 25386/20797/17382 25573/20798/17383
f 25386/20797/17382 25121/20948/17711 25119/20949/17656 25574/20796/17381
f 25120/20823/17712 25118/20821/17713 25482/20676/17189 25629/20677/17190
f 25482/20676/17189 25118/20821/17713 25403/20770/17352 25681/20675/17188
f 25403/20770/17352 25118/20821/17713 25117/20822/17714 25582/20769/17351
f 25117/20822/17714 25118/20821/17713 25120/20823/17712 25573/20798/17383
f 25117/20822/17714 25116/20950/17715 25136/20939/17697 25582/20769/17351
f 25136/20939/17697 25116/20950/17715 25122/20946/17709 25672/20938/17696
f 25122/20946/17709 25116/20950/17715 25385/20793/17379 25576/20790/17376
f 25385/20793/17379 25116/20950/17715 25117/20822/17714 25573/20798/17383
f 25151/20915/17942 25115/20951/17959 25114/20934/17651 25696/20899/17490
f 25114/20934/17651 25115/20951/17959 25113/20820/17960 25572/20819/17316
f 25113/20820/17960 25115/20951/17959 25112/20750/17962 25569/20749/17961
f 25112/20750/17962 25115/20951/17959 25151/20915/17942 25586/20751/17944
f 25113/20820/17960 25111/20816/17963 25348/20818/17315 25572/20819/17316
f 25348/20818/17315 25111/20816/17963 25379/20806/17393 25668/20779/17314
f 25379/20806/17393 25111/20816/17963 25110/20817/17964 25571/20805/17392
f 25110/20817/17964 25111/20816/17963 25113/20820/17960 25569/20749/17961
f 25110/20817/17964 25109/20953/17965 25108/20952/17720 25571/20805/17392
f 25108/20952/17720 25109/20953/17965 25107/20955/17966 25669/20954/17722
f 25107/20955/17966 25109/20953/17965 25106/20804/17967 25570/20803/17876
f 25106/20804/17967 25109/20953/17965 25110/20817/17964 25569/20749/17961
f 25103/20941/17643 25105/20956/17724 25290/20872/17476 25702/20869/17473
f 25290/20872/17476 25105/20956/17724 25104/20815/17725 25645/20646/17137
f 25104/20815/17725 25105/20956/17724 25377/20809/17398 25566/20810/17399
f 25377/20809/17398 25105/20956/17724 25103/20941/17643 25567/20781/17397
f 25104/20815/17725 25102/20813/17726 25502/20645/17136 25645/20646/17137
f 25502/20645/17136 25102/20813/17726 25374/20812/17880 25685/20644/17135
f 25374/20812/17880 25102/20813/17726 25101/20814/17727 25568/20811/17400
f 25101/20814/17727 25102/20813/17726 25104/20815/17725 25566/20810/17399
f 25101/20814/17727 25100/20958/17729 25099/20957/17968 25568/20811/17400
f 25099/20957/17968 25100/20958/17729 25108/20952/17720 25669/20954/17722
f 25108/20952/17720 25100/20958/17729 25376/20808/17395 25571/20805/17392
f 25376/20808/17395 25100/20958/17729 25101/20814/17727 25566/20810/17399
f 25267/20872/17465 25098/20956/17730 25133/20941/17699 25699/20869/17464
f 25133/20941/17699 25098/20956/17730 25097/20809/17731 25579/20781/17365
f 25097/20809/17731 25098/20956/17730 25372/20815/17406 25564/20810/17407
f 25372/20815/17406 25098/20956/17730 25267/20872/17465 25635/20646/17405
f 25097/20809/17731 25096/20807/17732 25397/20780/17364 25579/20781/17365
f 25397/20780/17364 25096/20807/17732 25369/20806/17409 25671/20779/17363
f 25369/20806/17409 25096/20807/17732 25095/20808/17733 25565/20805/17408
f 25095/20808/17733 25096/20807/17732 25097/20809/17731 25564/20810/17407
f 25095/20808/17733 25094/20958/17735 25093/20952/17734 25565/20805/17408
f 25093/20952/17734 25094/20958/17735 25099/20957/17968 25669/20954/17722
f 25099/20957/17968 25094/20958/17735 25371/20814/17403 25568/20811/17400
f 25371/20814/17403 25094/20958/17735 25095/20808/17733 25564/20810/17407
f 25142/20934/17689 25092/20951/17969 25172/20915/17922 25698/20899/17548
f 25172/20915/17922 25092/20951/17969 25422/20750/17856 25592/20751/17857
f 25422/20750/17856 25092/20951/17969 25367/20820/17883 25563/20749/17855
f 25367/20820/17883 25092/20951/17969 25142/20934/17689 25584/20819/17413
f 25088/20920/17973 25091/20919/17972 25090/20921/17971 25532/20922/17970
f 25090/20921/17971 25091/20919/17972 25170/20766/17927 25591/20768/17924
f 25170/20766/17927 25091/20919/17972 25089/20918/17974 25594/20754/17860
f 25089/20918/17974 25091/20919/17972 25088/20920/17973 25531/20917/17975
f 25382/20804/17877 25087/20953/17976 25107/20955/17966 25570/20803/17876
f 25107/20955/17966 25087/20953/17976 25093/20952/17734 25669/20954/17722
f 25093/20952/17734 25087/20953/17976 25366/20817/17882 25565/20805/17408
f 25366/20817/17882 25087/20953/17976 25382/20804/17877 25563/20749/17855
f 25207/20886/17516 25086/20948/17628 25085/20949/17627 25695/20883/17515
f 25085/20949/17627 25086/20948/17628 25084/20797/17629 25562/20796/17349
f 25084/20797/17629 25086/20948/17628 25362/20823/17291 25559/20798/17292
f 25362/20823/17291 25086/20948/17628 25207/20886/17516 25607/20677/17290
f 25084/20797/17629 25083/20792/17630 25328/20795/17348 25562/20796/17349
f 25328/20795/17348 25083/20792/17630 25359/20791/17294 25666/20794/17297
f 25359/20791/17294 25083/20792/17630 25082/20793/17631 25561/20790/17293
f 25082/20793/17631 25083/20792/17630 25084/20797/17629 25559/20798/17292
f 25082/20793/17631 25081/20950/17633 25080/20946/17632 25561/20790/17293
f 25080/20946/17632 25081/20950/17633 25079/20939/17635 25667/20938/17634
f 25079/20939/17635 25081/20950/17633 25361/20822/17288 25560/20769/17285
f 25361/20822/17288 25081/20950/17633 25082/20793/17631 25559/20798/17292
f 25076/20944/17637 25078/20945/17636 25281/20880/17485 25701/20877/17482
f 25281/20880/17485 25078/20945/17636 25077/20788/17638 25641/20655/17146
f 25077/20788/17638 25078/20945/17636 25357/20828/17300 25556/20789/17301
f 25357/20828/17300 25078/20945/17636 25076/20944/17637 25557/20827/17299
f 25077/20788/17638 25075/20786/17639 25497/20654/17145 25641/20655/17146
f 25497/20654/17145 25075/20786/17639 25354/20785/17303 25688/20653/17144
f 25354/20785/17303 25075/20786/17639 25074/20787/17640 25558/20784/17302
f 25074/20787/17640 25075/20786/17639 25077/20788/17638 25556/20789/17301
f 25074/20787/17640 25073/20947/17642 25072/20942/17641 25558/20784/17302
f 25072/20942/17641 25073/20947/17642 25080/20946/17632 25667/20938/17634
f 25080/20946/17632 25073/20947/17642 25356/20825/17296 25561/20790/17293
f 25356/20825/17296 25073/20947/17642 25074/20787/17640 25556/20789/17301
f 25292/20870/17474 25071/20940/17644 25103/20941/17643 25702/20869/17473
f 25103/20941/17643 25071/20940/17644 25070/20782/17645 25567/20781/17397
f 25070/20782/17645 25071/20940/17644 25352/20831/17308 25554/20783/17309
f 25352/20831/17308 25071/20940/17644 25292/20870/17474 25648/20669/17307
f 25070/20782/17645 25069/20777/17646 25378/20780/17396 25567/20781/17397
f 25378/20780/17396 25069/20777/17646 25349/20776/17311 25668/20779/17314
f 25349/20776/17311 25069/20777/17646 25068/20778/17647 25555/20775/17310
f 25068/20778/17647 25069/20777/17646 25070/20782/17645 25554/20783/17309
f 25068/20778/17647 25067/20943/17649 25066/20936/17648 25555/20775/17310
f 25066/20936/17648 25067/20943/17649 25072/20942/17641 25667/20938/17634
f 25072/20942/17641 25067/20943/17649 25351/20830/17305 25558/20784/17302
f 25351/20830/17305 25067/20943/17649 25068/20778/17647 25554/20783/17309
f 25114/20934/17651 25065/20935/17650 25228/20900/17493 25696/20899/17490
f 25228/20900/17493 25065/20935/17650 25064/20773/17652 25615/20707/17155
f 25064/20773/17652 25065/20935/17650 25347/20834/17317 25553/20774/17318
f 25347/20834/17317 25065/20935/17650 25114/20934/17651 25572/20819/17316
f 25064/20773/17652 25063/20771/17653 25462/20706/17154 25615/20707/17155
f 25462/20706/17154 25063/20771/17653 25364/20770/17286 25677/20675/17153
f 25364/20770/17286 25063/20771/17653 25062/20772/17654 25560/20769/17285
f 25062/20772/17654 25063/20771/17653 25064/20773/17652 25553/20774/17318
f 25062/20772/17654 25061/20937/17655 25079/20939/17635 25560/20769/17285
f 25079/20939/17635 25061/20937/17655 25066/20936/17648 25667/20938/17634
f 25066/20936/17648 25061/20937/17655 25346/20833/17313 25555/20775/17310
f 25346/20833/17313 25061/20937/17655 25062/20772/17654 25553/20774/17318
f 25180/20905/17915 25060/20959/17977 25119/20949/17656 25697/20883/17523
f 25119/20949/17656 25060/20959/17977 25059/20854/17978 25574/20796/17381
f 25059/20854/17978 25060/20959/17977 25342/20839/17890 25550/20840/17891
f 25342/20839/17890 25060/20959/17977 25180/20905/17915 25596/20727/17889
f 25059/20854/17978 25058/20852/17979 25387/20795/17380 25574/20796/17381
f 25387/20795/17380 25058/20852/17979 25339/20842/17328 25670/20794/17331
f 25339/20842/17328 25058/20852/17979 25057/20853/17980 25552/20841/17327
f 25057/20853/17980 25058/20852/17979 25059/20854/17978 25550/20840/17891
f 25057/20853/17980 25056/20961/17981 25055/20960/17663 25552/20841/17327
f 25055/20960/17663 25056/20961/17981 25054/20963/17982 25665/20962/17665
f 25054/20963/17982 25056/20961/17981 25341/20838/17887 25551/20835/17884
f 25341/20838/17887 25056/20961/17981 25057/20853/17980 25550/20840/17891
f 25127/20944/17669 25053/20964/17668 25273/20878/17456 25700/20877/17453
f 25273/20878/17456 25053/20964/17668 25052/20851/17670 25637/20664/17119
f 25052/20851/17670 25053/20964/17668 25337/20845/17334 25548/20846/17335
f 25337/20845/17334 25053/20964/17668 25127/20944/17669 25577/20827/17333
f 25052/20851/17670 25051/20849/17671 25492/20663/17118 25637/20664/17119
f 25492/20663/17118 25051/20849/17671 25334/20848/17337 25687/20662/17832
f 25334/20848/17337 25051/20849/17671 25050/20850/17672 25549/20847/17892
f 25050/20850/17672 25051/20849/17671 25052/20851/17670 25548/20846/17335
f 25050/20850/17672 25049/20966/17674 25048/20965/17983 25549/20847/17892
f 25048/20965/17983 25049/20966/17674 25055/20960/17663 25665/20962/17665
f 25055/20960/17663 25049/20966/17674 25336/20844/17330 25552/20841/17327
f 25336/20844/17330 25049/20966/17674 25050/20850/17672 25548/20846/17335
f 25283/20878/17483 25047/20964/17675 25076/20944/17637 25701/20877/17482
f 25076/20944/17637 25047/20964/17675 25046/20845/17676 25557/20827/17299
f 25046/20845/17676 25047/20964/17675 25332/20851/17342 25546/20846/17343
f 25332/20851/17342 25047/20964/17675 25283/20878/17483 25643/20664/17341
f 25046/20845/17676 25045/20843/17677 25358/20826/17298 25557/20827/17299
f 25358/20826/17298 25045/20843/17677 25329/20842/17345 25666/20794/17297
f 25329/20842/17345 25045/20843/17677 25044/20844/17678 25547/20841/17344
f 25044/20844/17678 25045/20843/17677 25046/20845/17676 25546/20846/17343
f 25044/20844/17678 25043/20966/17680 25042/20960/17679 25547/20841/17344
f 25042/20960/17679 25043/20966/17680 25048/20965/17983 25665/20962/17665
f 25048/20965/17983 25043/20966/17680 25331/20850/17339 25549/20847/17892
f 25331/20850/17339 25043/20966/17680 25044/20844/17678 25546/20846/17343
f 25085/20949/17627 25041/20959/17984 25199/20905/17901 25695/20883/17515
f 25199/20905/17901 25041/20959/17984 25040/20839/17985 25602/20727/17837
f 25040/20839/17985 25041/20959/17984 25327/20854/17895 25545/20840/17896
f 25327/20854/17895 25041/20959/17984 25085/20949/17627 25562/20796/17349
f 25040/20839/17985 25039/20837/17986 25442/20725/17835 25602/20727/17837
f 25442/20725/17835 25039/20837/17986 25344/20836/17885 25675/20724/17834
f 25344/20836/17885 25039/20837/17986 25038/20838/17987 25551/20835/17884
f 25038/20838/17987 25039/20837/17986 25040/20839/17985 25545/20840/17896
f 25038/20838/17987 25037/20961/17988 25054/20963/17982 25551/20835/17884
f 25054/20963/17982 25037/20961/17988 25042/20960/17679 25665/20962/17665
f 25042/20960/17679 25037/20961/17988 25326/20853/17894 25547/20841/17344
f 25326/20853/17894 25037/20961/17988 25038/20838/17987 25545/20840/17896
f 25035/20933/17990 25036/20932/17989 25421/20752/17858 25533/20753/17859
f 25421/20752/17858 25036/20932/17989 25173/20916/17925 25592/20751/17857
f 25173/20916/17925 25036/20932/17989 25090/20921/17971 25591/20768/17924
f 25090/20921/17971 25036/20932/17989 25035/20933/17990 25532/20922/17970
f 25032/20748/17992 25034/20747/17991 25145/20752/17957 25527/20753/17958
f 25145/20752/17957 25034/20747/17991 25112/20750/17962 25586/20751/17944
f 25112/20750/17962 25034/20747/17991 25033/20746/17993 25569/20749/17961
f 25033/20746/17993 25034/20747/17991 25032/20748/17992 25526/20745/17994
f 25030/20802/17996 25031/20801/17995 25033/20746/17993 25526/20745/17994
f 25033/20746/17993 25031/20801/17997 25106/20804/17967 25569/20749/17961
f 25106/20804/17967 25031/20801/17995 25383/20800/17873 25570/20803/17876
f 25383/20800/17873 25031/20801/17998 25030/20802/17996 25525/20799/17872
f 25028/20931/18001 25029/20930/18000 25089/20918/17974 25531/20917/17999
f 25089/20918/17974 25029/20930/18002 25159/20927/17937 25594/20754/17860
f 25159/20927/17937 25029/20930/18000 25148/20929/18003 25674/20926/17936
f 25148/20929/18006 25029/20930/18005 25028/20931/18004 25530/20928/17946
f 25024/20968/18008 25027/20967/18007 25420/20748/17854 25534/20745/17851
f 25420/20748/17854 25027/20967/18007 25026/20969/18009 25533/20753/17859
f 25026/20969/18009 25027/20967/18007 25025/20971/18011 25544/20970/18010
f 25025/20971/18011 25027/20967/18007 25024/20968/18008 25535/20972/18012
f 25021/20976/18016 25023/20975/18015 25022/20974/18014 25543/20973/18013
f 25022/20974/18014 25023/20975/18015 25026/20969/18009 25544/20970/18010
f 25026/20969/18009 25023/20975/18015 25035/20933/17990 25533/20753/17859
f 25035/20933/17990 25023/20975/18015 25021/20976/18016 25532/20922/17970
f 25018/20980/18020 25020/20979/18019 25019/20978/18018 25539/20977/18017
f 25019/20978/18018 25020/20979/18019 25021/20976/18016 25543/20973/18013
f 25021/20976/18016 25020/20979/18019 25088/20920/17973 25532/20922/17970
f 25088/20920/17973 25020/20979/18019 25018/20980/18020 25531/20917/18021
f 25015/20984/18025 25017/20983/18024 25016/20982/18023 25538/20981/18022
f 25016/20982/18023 25017/20983/18024 25018/20980/18020 25539/20977/18017
f 25018/20980/18020 25017/20983/18024 25028/20931/18004 25531/20917/18026
f 25028/20931/18027 25017/20983/18024 25015/20984/18025 25530/20928/17946
f 25012/20980/18031 25014/20983/18030 25013/20982/18029 25536/20977/18028
f 25013/20982/18029 25014/20983/18030 25015/20984/18025 25538/20981/18022
f 25015/20984/18025 25014/20983/18030 25147/20931/18032 25530/20928/17946
f 25147/20931/17949 25014/20983/18030 25012/20980/18031 25529/20917/18033
f 25009/20976/18037 25011/20979/18036 25010/20978/18035 25537/20973/18034
f 25010/20978/18035 25011/20979/18036 25012/20980/18031 25536/20977/18028
f 25012/20980/18031 25011/20979/18036 25166/20920/17931 25529/20917/18038
f 25166/20920/17931 25011/20979/18036 25009/20976/18037 25528/20922/17933
f 25006/20969/18042 25008/20975/18041 25007/20974/18040 25542/20970/18039
f 25007/20974/18040 25008/20975/18041 25009/20976/18037 25537/20973/18034
f 25009/20976/18037 25008/20975/18041 25144/20933/17956 25528/20922/17933
f 25144/20933/17956 25008/20975/18041 25006/20969/18042 25527/20753/17958
f 25003/20968/18046 25005/20967/18045 25004/20971/18044 25541/20972/18043
f 25004/20971/18044 25005/20967/18045 25006/20969/18042 25542/20970/18039
f 25006/20969/18042 25005/20967/18045 25032/20748/17992 25527/20753/17958
f 25032/20748/17992 25005/20967/18045 25003/20968/18046 25526/20745/17994
f 25000/20988/18050 25002/20987/18049 25001/20986/18048 25540/20985/18047
f 25001/20986/18048 25002/20987/18049 25003/20968/18046 25541/20972/18043
f 25003/20968/18046 25002/20987/18049 25030/20802/17996 25526/20745/17994
f 25030/20802/17996 25002/20987/18049 25000/20988/18050 25525/20799/17872
f 25000/20988/18050 24999/20987/18051 25381/20802/17875 25525/20799/17872
f 25381/20802/17875 24999/20987/18051 25024/20968/18008 25534/20745/17851
f 25024/20968/18008 24999/20987/18051 24998/20986/18052 25535/20972/18012
f 24998/20986/18052 24999/20987/18051 25000/20988/18050 25540/20985/18047
f 25544/20970/18010 25025/20971/18011 24996/20990/18054 24997/20989/18053
f 25025/20971/18011 25535/20972/18012 24995/20991/18055 24996/20990/18054
f 25543/20973/18013 25022/20974/18014 24993/20993/18057 24994/20992/18056
f 25022/20974/18014 25544/20970/18010 24997/20989/18053 24993/20993/18057
f 25539/20977/18017 25019/20978/18018 24991/20995/18059 24992/20994/18058
f 25019/20978/18018 25543/20973/18013 24994/20992/18056 24991/20995/18059
f 25538/20981/18022 25016/20982/18023 24989/20997/18061 24990/20996/18060
f 25016/20982/18023 25539/20977/18017 24992/20994/18058 24989/20997/18061
f 25536/20977/18028 25013/20982/18029 24987/20997/18063 24988/20994/18062
f 25013/20982/18029 25538/20981/18022 24990/20996/18060 24987/20997/18063
f 25537/20973/18034 25010/20978/18035 24985/20995/18065 24986/20992/18064
f 25010/20978/18035 25536/20977/18028 24988/20994/18062 24985/20995/18065
f 25542/20970/18039 25007/20974/18040 24983/20993/18067 24984/20989/18066
f 25007/20974/18040 25537/20973/18034 24986/20992/18064 24983/20993/18067
f 25541/20972/18043 25004/20971/18044 24981/20990/18069 24982/20991/18068
f 25004/20971/18044 25542/20970/18039 24984/20989/18066 24981/20990/18069
f 25540/20985/18047 25001/20986/18048 24979/20999/18071 24980/20998/18070
f 25001/20986/18048 25541/20972/18043 24982/20991/18068 24979/20999/18071
f 25535/20972/18012 24998/20986/18052 24978/20999/18072 24995/20991/18055
f 24998/20986/18052 25540/20985/18047 24980/20998/18070 24978/20999/18072
f 24975/20909/17908 25194/20909/17833 24970/21000/17833
f 24973/20913/17833 25443/20723/17833 24977/20723/17833
f 25675/20724/17834 25343/20725/17888 25178/20726/17918
f 24970/21000/17833 25194/20909/17833 24971/20909/17833
f 24954/21002/18075 25440/20730/18075 25444/20726/18074 24955/21001/18073
f 24960/21003/18077 25196/20907/18076 25440/20730/18075 24954/21002/18075
f 24956/21004/18081 25675/20724/18080 25178/20726/18079 24957/21001/18078
f 24957/21001/18078 25178/20726/18079 25177/20730/18082 24958/21002/18082
f 24958/21002/18082 25177/20730/18082 25176/20907/18084 24959/21003/18083
f 24961/21005/18086 25676/20908/18085 25196/20907/18076 24960/21003/18077
f 24955/21001/18073 25444/20726/18074 25675/20724/18088 24956/21004/18087
f 24959/21003/18083 25176/20907/18084 25676/20908/18090 24961/21005/18089
f 24969/21007/18094 24975/20909/18093 24970/21000/18092 24968/21006/18091
f 24968/21006/18098 24970/21000/18097 24971/20909/18096 24967/21007/18095
f 24967/21007/18095 24971/20909/18096 24972/20722/18100 24966/21008/18099
f 24966/21008/18099 24972/20722/18100 24974/20723/18102 24965/21009/18101
f 24965/21009/18101 24974/20723/18102 24973/20913/18104 24964/21010/18103
f 24964/21010/18108 24973/20913/18107 24977/20723/18106 24963/21009/18105
f 24963/21009/18105 24977/20723/18106 24976/20722/18110 24962/21008/18109
f 24962/21008/18109 24976/20722/18110 24975/20909/18093 24969/21007/18094
f 24960/21003/18077 24969/21007/18094 24968/21006/18091 24961/21005/18086
f 24961/21005/18089 24968/21006/18098 24967/21007/18095 24959/21003/18083
f 24959/21003/18083 24967/21007/18095 24966/21008/18099 24958/21002/18082
f 24958/21002/18082 24966/21008/18099 24965/21009/18101 24957/21001/18078
f 24957/21001/18078 24965/21009/18101 24964/21010/18103 24956/21004/18081
f 24956/21004/18087 24964/21010/18108 24963/21009/18105 24955/21001/18073
f 24955/21001/18073 24963/21009/18105 24962/21008/18109 24954/21002/18075
f 24954/21002/18075 24962/21008/18109 24969/21007/18094 24960/21003/18077
f 24933/21014/18114 24937/21013/18113 24936/21012/18112 24953/21011/18111
f 24936/21012/18117 24937/21013/18113 24935/21016/18116 24952/21015/18115
f 24935/21016/18116 24937/21013/18113 24934/21012/18119 24951/21015/18118
f 24934/21012/18121 24937/21013/18113 24933/21014/18114 24950/21011/18120
f 24928/21020/18125 24932/21019/18124 24931/21018/18123 24949/21017/18122
f 24931/21018/18123 24932/21019/18124 24930/21022/18127 24948/21021/18126
f 24930/21022/18131 24932/21019/18130 24929/21018/18129 24947/21021/18128
f 24929/21018/18129 24932/21019/18130 24928/21020/18133 24946/21017/18132
f 24924/21026/18137 24927/21025/18136 24926/21024/18135 24940/21023/18134
f 24926/21024/18135 24927/21025/18136 24936/21012/18112 24952/21015/18115
f 24936/21012/18139 24927/21025/18136 24925/21027/18138 24953/21011/18111
f 24925/21027/18138 24927/21025/18136 24924/21026/18137 24941/21028/18140
f 24920/21026/18144 24923/21025/18143 24922/21027/18142 24939/21028/18141
f 24922/21027/18142 24923/21025/18143 24934/21012/18145 24950/21011/18120
f 24934/21012/18121 24923/21025/18143 24921/21024/18146 24951/21015/18118
f 24921/21024/18146 24923/21025/18143 24920/21026/18144 24938/21023/18147
f 24920/21026/18144 24919/21030/18148 24918/21029/18148 24938/21023/18147
f 24918/21029/18148 24919/21030/18148 24917/21032/18150 24942/21031/18149
f 24917/21032/18150 24919/21030/18148 24916/21034/18148 24943/21033/18151
f 24916/21034/18148 24919/21030/18148 24920/21026/18144 24939/21028/18141
f 24924/21026/18137 24915/21030/18152 24914/21034/18152 24941/21028/18140
f 24914/21034/18152 24915/21030/18152 24913/21032/18154 24945/21033/18153
f 24913/21032/18154 24915/21030/18152 24912/21029/18152 24944/21031/18155
f 24912/21029/18152 24915/21030/18152 24924/21026/18137 24940/21023/18134
f 24913/21032/18154 24911/21036/18157 24910/21035/18156 24945/21033/18153
f 24910/21035/18156 24911/21036/18157 24929/21018/18129 24946/21017/18132
f 24929/21018/18129 24911/21036/18157 24909/21037/18158 24947/21021/18128
f 24909/21037/18158 24911/21036/18157 24913/21032/18154 24944/21031/18155
f 24917/21032/18150 24908/21036/18160 24907/21037/18159 24942/21031/18149
f 24907/21037/18159 24908/21036/18160 24931/21018/18123 24948/21021/18126
f 24931/21018/18123 24908/21036/18160 24906/21035/18161 24949/21017/18122
f 24906/21035/18161 24908/21036/18160 24917/21032/18150 24943/21033/18151
f 24729/21041/18165 24905/21040/18164 24740/21039/18163 24741/21038/18162
f 24905/21040/18164 24904/21043/18167 24739/21042/18166 24740/21039/18163
f 24890/21047/18171 24889/21046/18170 24902/21045/18169 24903/21044/18168
f 24889/21046/18170 24888/21049/18173 24901/21048/18172 24902/21045/18169
f 24888/21049/18173 24887/21051/18175 24900/21050/18174 24901/21048/18172
f 24887/21051/18175 24886/21053/18177 24899/21052/18176 24900/21050/18174
f 24886/21053/18177 24885/21055/18179 24898/21054/18178 24899/21052/18176
f 24885/21055/18179 24884/21057/18181 24897/21056/18180 24898/21054/18178
f 24884/21057/18181 24883/21059/18183 24896/21058/18182 24897/21056/18180
f 24883/21059/18183 24882/21061/18185 24895/21060/18184 24896/21058/18182
f 24882/21061/18185 24881/21063/18187 24894/21062/18186 24895/21060/18184
f 24881/21063/18187 24880/21065/18189 24893/21064/18188 24894/21062/18186
f 24880/21065/18189 24892/21066/18190 24893/21064/18188
f 24904/21043/18167 24891/21068/18192 24738/21067/18191 24739/21042/18166
f 24891/21068/18192 24879/21070/18194 24737/21069/18193 24738/21067/18191
f 24878/21072/18196 24877/21071/18195 24889/21046/18170 24890/21047/18171
f 24877/21071/18195 24876/21073/18197 24888/21049/18173 24889/21046/18170
f 24876/21073/18197 24875/21074/18198 24887/21051/18175 24888/21049/18173
f 24875/21074/18198 24874/21075/18199 24886/21053/18177 24887/21051/18175
f 24874/21075/18199 24873/21041/18200 24885/21055/18179 24886/21053/18177
f 24873/21041/18200 24872/21040/18201 24884/21057/18181 24885/21055/18179
f 24872/21040/18201 24871/21043/18202 24883/21059/18183 24884/21057/18181
f 24871/21043/18202 24870/21068/18203 24882/21061/18185 24883/21059/18183
f 24870/21068/18203 24869/21070/18204 24881/21063/18187 24882/21061/18185
f 24869/21070/18204 24868/21076/18205 24880/21065/18189 24881/21063/18187
f 24868/21076/18205 24892/21066/18190 24880/21065/18189
f 24879/21070/18194 24867/21076/18207 24736/21077/18206 24737/21069/18193
f 24867/21076/18207 24892/21066/18190 24736/21077/18206
f 24866/21079/18209 24865/21078/18208 24877/21071/18195 24878/21072/18196
f 24865/21078/18208 24864/21080/18210 24876/21073/18197 24877/21071/18195
f 24864/21080/18210 24863/21081/18211 24875/21074/18198 24876/21073/18197
f 24863/21081/18211 24862/21082/18212 24874/21075/18199 24875/21074/18198
f 24862/21082/18212 24861/21038/18213 24873/21041/18200 24874/21075/18199
f 24861/21038/18213 24860/21039/18214 24872/21040/18201 24873/21041/18200
f 24860/21039/18214 24859/21042/18215 24871/21043/18202 24872/21040/18201
f 24859/21042/18215 24858/21067/18216 24870/21068/18203 24871/21043/18202
f 24858/21067/18216 24857/21069/18217 24869/21070/18204 24870/21068/18203
f 24857/21069/18217 24856/21077/18218 24868/21076/18205 24869/21070/18204
f 24856/21077/18218 24892/21066/18190 24868/21076/18205
f 24896/21058/18182 24895/21060/18184 24747/21061/18220 24759/21059/18219
f 24895/21060/18184 24894/21062/18186 24735/21063/18221 24747/21061/18220
f 24854/21084/18223 24853/21083/18222 24865/21078/18208 24866/21079/18209
f 24853/21083/18222 24852/21085/18224 24864/21080/18210 24865/21078/18208
f 24852/21085/18224 24851/21086/18225 24863/21081/18211 24864/21080/18210
f 24851/21086/18225 24850/21087/18226 24862/21082/18212 24863/21081/18211
f 24850/21087/18226 24849/21088/18227 24861/21038/18213 24862/21082/18212
f 24849/21088/18227 24848/21089/18228 24860/21039/18214 24861/21038/18213
f 24848/21089/18228 24847/21090/18229 24859/21042/18215 24860/21039/18214
f 24847/21090/18229 24846/21091/18230 24858/21067/18216 24859/21042/18215
f 24846/21091/18230 24845/21092/18231 24857/21069/18217 24858/21067/18216
f 24845/21092/18231 24844/21093/18232 24856/21077/18218 24857/21069/18217
f 24844/21093/18232 24892/21066/18190 24856/21077/18218
f 24843/21047/18236 24831/21046/18235 24733/21071/18234 24734/21072/18233
f 24831/21046/18235 24819/21049/18238 24732/21073/18237 24733/21071/18234
f 24842/21095/18240 24841/21094/18239 24853/21083/18222 24854/21084/18223
f 24841/21094/18239 24840/21096/18241 24852/21085/18224 24853/21083/18222
f 24840/21096/18241 24839/21097/18242 24851/21086/18225 24852/21085/18224
f 24839/21097/18242 24838/21098/18243 24850/21087/18226 24851/21086/18225
f 24838/21098/18243 24837/21099/18244 24849/21088/18227 24850/21087/18226
f 24837/21099/18244 24836/21100/18245 24848/21089/18228 24849/21088/18227
f 24836/21100/18245 24835/21101/18246 24847/21090/18229 24848/21089/18228
f 24835/21101/18246 24834/21102/18247 24846/21091/18230 24847/21090/18229
f 24834/21102/18247 24833/21103/18248 24845/21092/18231 24846/21091/18230
f 24833/21103/18248 24832/21104/18249 24844/21093/18232 24845/21092/18231
f 24832/21104/18249 24892/21066/18190 24844/21093/18232
f 24819/21049/18238 24807/21051/18251 24731/21074/18250 24732/21073/18237
f 24807/21051/18251 24795/21053/18253 24730/21075/18252 24731/21074/18250
f 24830/21106/18255 24829/21105/18254 24841/21094/18239 24842/21095/18240
f 24829/21105/18254 24828/21107/18256 24840/21096/18241 24841/21094/18239
f 24828/21107/18256 24827/21108/18257 24839/21097/18242 24840/21096/18241
f 24827/21108/18257 24826/21109/18258 24838/21098/18243 24839/21097/18242
f 24826/21109/18258 24825/21110/18259 24837/21099/18244 24838/21098/18243
f 24825/21110/18259 24824/21111/18260 24836/21100/18245 24837/21099/18244
f 24824/21111/18260 24823/21112/18261 24835/21101/18246 24836/21100/18245
f 24823/21112/18261 24822/21113/18262 24834/21102/18247 24835/21101/18246
f 24822/21113/18262 24821/21114/18263 24833/21103/18248 24834/21102/18247
f 24821/21114/18263 24820/21115/18264 24832/21104/18249 24833/21103/18248
f 24820/21115/18264 24892/21066/18190 24832/21104/18249
f 24795/21053/18253 24783/21055/18265 24729/21041/18165 24730/21075/18252
f 24783/21055/18265 24771/21057/18266 24905/21040/18164 24729/21041/18165
f 24818/21117/18268 24817/21116/18267 24829/21105/18254 24830/21106/18255
f 24817/21116/18267 24816/21118/18269 24828/21107/18256 24829/21105/18254
f 24816/21118/18269 24815/21119/18270 24827/21108/18257 24828/21107/18256
f 24815/21119/18270 24814/21120/18271 24826/21109/18258 24827/21108/18257
f 24814/21120/18271 24813/21121/18272 24825/21110/18259 24826/21109/18258
f 24813/21121/18272 24812/21122/18273 24824/21111/18260 24825/21110/18259
f 24812/21122/18273 24811/21123/18274 24823/21112/18261 24824/21111/18260
f 24811/21123/18274 24810/21124/18275 24822/21113/18262 24823/21112/18261
f 24810/21124/18275 24809/21125/18276 24821/21114/18263 24822/21113/18262
f 24809/21125/18276 24808/21126/18277 24820/21115/18264 24821/21114/18263
f 24808/21126/18277 24892/21066/18190 24820/21115/18264
f 24771/21057/18266 24759/21059/18219 24904/21043/18167 24905/21040/18164
f 24759/21059/18219 24747/21061/18220 24891/21068/18192 24904/21043/18167
f 24806/21128/18279 24805/21127/18278 24817/21116/18267 24818/21117/18268
f 24805/21127/18278 24804/21129/18280 24816/21118/18269 24817/21116/18267
f 24804/21129/18280 24803/21130/18281 24815/21119/18270 24816/21118/18269
f 24803/21130/18281 24802/21131/18282 24814/21120/18271 24815/21119/18270
f 24802/21131/18282 24801/21132/18283 24813/21121/18272 24814/21120/18271
f 24801/21132/18283 24800/21133/18284 24812/21122/18273 24813/21121/18272
f 24800/21133/18284 24799/21134/18285 24811/21123/18274 24812/21122/18273
f 24799/21134/18285 24798/21135/18286 24810/21124/18275 24811/21123/18274
f 24798/21135/18286 24797/21136/18287 24809/21125/18276 24810/21124/18275
f 24797/21136/18287 24796/21137/18288 24808/21126/18277 24809/21125/18276
f 24796/21137/18288 24892/21066/18190 24808/21126/18277
f 24747/21061/18220 24735/21063/18221 24879/21070/18194 24891/21068/18192
f 24735/21063/18221 24855/21065/18289 24867/21076/18207 24879/21070/18194
f 24794/21117/18291 24793/21116/18290 24805/21127/18278 24806/21128/18279
f 24793/21116/18290 24792/21118/18292 24804/21129/18280 24805/21127/18278
f 24792/21118/18292 24791/21119/18293 24803/21130/18281 24804/21129/18280
f 24791/21119/18293 24790/21120/18294 24802/21131/18282 24803/21130/18281
f 24790/21120/18294 24789/21121/18295 24801/21132/18283 24802/21131/18282
f 24789/21121/18295 24788/21122/18296 24800/21133/18284 24801/21132/18283
f 24788/21122/18296 24787/21123/18297 24799/21134/18285 24800/21133/18284
f 24787/21123/18297 24786/21124/18298 24798/21135/18286 24799/21134/18285
f 24786/21124/18298 24785/21125/18299 24797/21136/18287 24798/21135/18286
f 24785/21125/18299 24784/21126/18300 24796/21137/18288 24797/21136/18287
f 24784/21126/18300 24892/21066/18190 24796/21137/18288
f 24855/21065/18289 24892/21066/18190 24867/21076/18207
f 24894/21062/18186 24893/21064/18188 24855/21065/18289 24735/21063/18221
f 24782/21106/18302 24781/21105/18301 24793/21116/18290 24794/21117/18291
f 24781/21105/18301 24780/21107/18303 24792/21118/18292 24793/21116/18290
f 24780/21107/18303 24779/21108/18304 24791/21119/18293 24792/21118/18292
f 24779/21108/18304 24778/21109/18305 24790/21120/18294 24791/21119/18293
f 24778/21109/18305 24777/21110/18306 24789/21121/18295 24790/21120/18294
f 24777/21110/18306 24776/21111/18307 24788/21122/18296 24789/21121/18295
f 24776/21111/18307 24775/21112/18308 24787/21123/18297 24788/21122/18296
f 24775/21112/18308 24774/21113/18309 24786/21124/18298 24787/21123/18297
f 24774/21113/18309 24773/21114/18310 24785/21125/18299 24786/21124/18298
f 24773/21114/18310 24772/21115/18311 24784/21126/18300 24785/21125/18299
f 24772/21115/18311 24892/21066/18190 24784/21126/18300
f 24893/21064/18188 24892/21066/18190 24855/21065/18289
f 24903/21044/18168 24902/21045/18169 24831/21046/18235 24843/21047/18236
f 24770/21095/18313 24769/21094/18312 24781/21105/18301 24782/21106/18302
f 24769/21094/18312 24768/21096/18314 24780/21107/18303 24781/21105/18301
f 24768/21096/18314 24767/21097/18315 24779/21108/18304 24780/21107/18303
f 24767/21097/18315 24766/21098/18316 24778/21109/18305 24779/21108/18304
f 24766/21098/18316 24765/21099/18317 24777/21110/18306 24778/21109/18305
f 24765/21099/18317 24764/21100/18318 24776/21111/18307 24777/21110/18306
f 24764/21100/18318 24763/21101/18319 24775/21112/18308 24776/21111/18307
f 24763/21101/18319 24762/21102/18320 24774/21113/18309 24775/21112/18308
f 24762/21102/18320 24761/21103/18321 24773/21114/18310 24774/21113/18309
f 24761/21103/18321 24760/21104/18322 24772/21115/18311 24773/21114/18310
f 24760/21104/18322 24892/21066/18190 24772/21115/18311
f 24902/21045/18169 24901/21048/18172 24819/21049/18238 24831/21046/18235
f 24901/21048/18172 24900/21050/18174 24807/21051/18251 24819/21049/18238
f 24758/21084/18324 24757/21083/18323 24769/21094/18312 24770/21095/18313
f 24757/21083/18323 24756/21085/18325 24768/21096/18314 24769/21094/18312
f 24756/21085/18325 24755/21086/18326 24767/21097/18315 24768/21096/18314
f 24755/21086/18326 24754/21087/18327 24766/21098/18316 24767/21097/18315
f 24754/21087/18327 24753/21088/18328 24765/21099/18317 24766/21098/18316
f 24753/21088/18328 24752/21089/18329 24764/21100/18318 24765/21099/18317
f 24752/21089/18329 24751/21090/18330 24763/21101/18319 24764/21100/18318
f 24751/21090/18330 24750/21091/18331 24762/21102/18320 24763/21101/18319
f 24750/21091/18331 24749/21092/18332 24761/21103/18321 24762/21102/18320
f 24749/21092/18332 24748/21093/18333 24760/21104/18322 24761/21103/18321
f 24748/21093/18333 24892/21066/18190 24760/21104/18322
f 24900/21050/18174 24899/21052/18176 24795/21053/18253 24807/21051/18251
f 24899/21052/18176 24898/21054/18178 24783/21055/18265 24795/21053/18253
f 24746/21079/18335 24745/21078/18334 24757/21083/18323 24758/21084/18324
f 24745/21078/18334 24744/21080/18336 24756/21085/18325 24757/21083/18323
f 24744/21080/18336 24743/21081/18337 24755/21086/18326 24756/21085/18325
f 24743/21081/18337 24742/21082/18338 24754/21087/18327 24755/21086/18326
f 24742/21082/18338 24741/21038/18162 24753/21088/18328 24754/21087/18327
f 24741/21038/18162 24740/21039/18163 24752/21089/18329 24753/21088/18328
f 24740/21039/18163 24739/21042/18166 24751/21090/18330 24752/21089/18329
f 24739/21042/18166 24738/21067/18191 24750/21091/18331 24751/21090/18330
f 24738/21067/18191 24737/21069/18193 24749/21092/18332 24750/21091/18331
f 24737/21069/18193 24736/21077/18206 24748/21093/18333 24749/21092/18332
f 24736/21077/18206 24892/21066/18190 24748/21093/18333
f 24898/21054/18178 24897/21056/18180 24771/21057/18266 24783/21055/18265
f 24897/21056/18180 24896/21058/18182 24759/21059/18219 24771/21057/18266
f 24734/21072/18233 24733/21071/18234 24745/21078/18334 24746/21079/18335
f 24733/21071/18234 24732/21073/18237 24744/21080/18336 24745/21078/18334
f 24732/21073/18237 24731/21074/18250 24743/21081/18337 24744/21080/18336
f 24731/21074/18250 24730/21075/18252 24742/21082/18338 24743/21081/18337
f 24730/21075/18252 24729/21041/18165 24741/21038/18162 24742/21082/18338
f 24725/21140/18341 24727/21139/18340 24728/21138/18339
f 24725/21140/18341 24724/21142/18343 24726/21141/18342 24727/21139/18340
f 24723/21143/18344 24725/21140/18341 24728/21138/18339
f 24723/21143/18344 24722/21144/18345 24724/21142/18343 24725/21140/18341
f 24721/21145/18346 24723/21143/18344 24728/21138/18339
f 24721/21145/18346 24720/21146/18347 24722/21144/18345 24723/21143/18344
f 24719/21147/18348 24721/21145/18346 24728/21138/18339
f 24719/21147/18348 24718/21148/18349 24720/21146/18347 24721/21145/18346
f 24717/21149/18350 24719/21147/18348 24728/21138/18339
f 24717/21149/18350 24716/21150/18351 24718/21148/18349 24719/21147/18348
f 24715/21151/18352 24717/21149/18350 24728/21138/18339
f 24715/21151/18352 24714/21152/18353 24716/21150/18351 24717/21149/18350
f 24713/21153/18354 24715/21151/18352 24728/21138/18339
f 24713/21153/18354 24712/21154/18355 24714/21152/18353 24715/21151/18352
f 24711/21155/18356 24713/21153/18354 24728/21138/18339
f 24711/21155/18356 24710/21156/18357 24712/21154/18355 24713/21153/18354
f 24709/21153/18358 24711/21155/18356 24728/21138/18339
f 24709/21153/18358 24708/21154/18359 24710/21156/18357 24711/21155/18356
f 24707/21151/18360 24709/21153/18358 24728/21138/18339
f 24707/21151/18360 24706/21152/18361 24708/21154/18359 24709/21153/18358
f 24705/21149/18362 24707/21151/18360 24728/21138/18339
f 24705/21149/18362 24704/21150/18363 24706/21152/18361 24707/21151/18360
f 24703/21147/18364 24705/21149/18362 24728/21138/18339
f 24703/21147/18364 24702/21148/18365 24704/21150/18363 24705/21149/18362
f 24701/21145/18366 24703/21147/18364 24728/21138/18339
f 24701/21145/18366 24700/21146/18367 24702/21148/18365 24703/21147/18364
f 24699/21143/18368 24701/21145/18366 24728/21138/18339
f 24699/21143/18368 24698/21144/18369 24700/21146/18367 24701/21145/18366
f 24697/21140/18370 24699/21143/18368 24728/21138/18339
f 24697/21140/18370 24696/21142/18371 24698/21144/18369 24699/21143/18368
f 24727/21139/18340 24697/21140/18370 24728/21138/18339
f 24727/21139/18340 24726/21141/18342 24696/21142/18371 24697/21140/18370
f 24687/21158/18373 24720/21146/18347 24718/21148/18349 24688/21157/18372
f 24686/21159/18374 24722/21144/18345 24720/21146/18347 24687/21158/18373
f 24685/21160/18375 24724/21142/18343 24722/21144/18345 24686/21159/18374
f 24684/21161/18376 24726/21141/18342 24724/21142/18343 24685/21160/18375
f 24683/21160/18377 24696/21142/18371 24726/21141/18342 24684/21161/18376
f 24682/21159/18378 24698/21144/18369 24696/21142/18371 24683/21160/18377
f 24681/21158/18379 24700/21146/18367 24698/21144/18369 24682/21159/18378
f 24680/21157/18380 24702/21148/18365 24700/21146/18367 24681/21158/18379
f 24695/21162/18381 24704/21150/18363 24702/21148/18365 24680/21157/18380
f 24694/21163/18382 24706/21152/18361 24704/21150/18363 24695/21162/18381
f 24693/21164/18383 24708/21154/18359 24706/21152/18361 24694/21163/18382
f 24692/21165/18384 24710/21156/18357 24708/21154/18359 24693/21164/18383
f 24691/21164/18385 24712/21154/18355 24710/21156/18357 24692/21165/18384
f 24690/21163/18386 24714/21152/18353 24712/21154/18355 24691/21164/18385
f 24689/21162/18387 24716/21150/18351 24714/21152/18353 24690/21163/18386
f 24688/21157/18372 24718/21148/18349 24716/21150/18351 24689/21162/18387
f 24695/21162/18381 24770/21095/18313 24782/21106/18302 24694/21163/18382
f 24694/21163/18382 24782/21106/18302 24794/21117/18291 24693/21164/18383
f 24693/21164/18383 24794/21117/18291 24806/21128/18279 24692/21165/18384
f 24692/21165/18384 24806/21128/18279 24818/21117/18268 24691/21164/18385
f 24691/21164/18385 24818/21117/18268 24830/21106/18255 24690/21163/18386
f 24690/21163/18386 24830/21106/18255 24842/21095/18240 24689/21162/18387
f 24689/21162/18387 24842/21095/18240 24854/21084/18223 24688/21157/18372
f 24688/21157/18372 24854/21084/18223 24866/21079/18209 24687/21158/18373
f 24687/21158/18373 24866/21079/18209 24878/21072/18196 24686/21159/18374
f 24686/21159/18374 24878/21072/18196 24890/21047/18171 24685/21160/18375
f 24685/21160/18375 24890/21047/18171 24903/21044/18168 24684/21161/18376
f 24684/21161/18376 24903/21044/18168 24843/21047/18236 24683/21160/18377
f 24683/21160/18377 24843/21047/18236 24734/21072/18233 24682/21159/18378
f 24682/21159/18378 24734/21072/18233 24746/21079/18335 24681/21158/18379
f 24681/21158/18379 24746/21079/18335 24758/21084/18324 24680/21157/18380
f 24680/21157/18380 24758/21084/18324 24770/21095/18313 24695/21162/18381
f 24621/21169/18391 24627/21168/18390 24623/21167/18389 24624/21166/18388
f 24627/21168/18390 24628/21171/18393 24622/21170/18392 24623/21167/18389
f 24628/21171/18393 24670/21172/18394 24622/21170/18392
f 24667/21176/18398 24668/21175/18397 24653/21174/18396 24652/21173/18395
f 24608/21180/18402 24675/21179/18401 24666/21178/18400 24609/21177/18399
f 24665/21184/18406 24664/21183/18405 24673/21182/18404 24674/21181/18403
f 24664/21183/18405 24663/21186/18408 24672/21185/18407 24673/21182/18404
f 24663/21186/18408 24662/21188/18410 24671/21187/18409 24672/21185/18407
f 24662/21188/18410 24670/21172/18394 24671/21187/18409
f 24668/21175/18397 24670/21172/18394 24653/21174/18396
f 24673/21182/18404 24672/21185/18407 24678/21186/18412 24677/21183/18411
f 24672/21185/18407 24671/21187/18409 24679/21188/18413 24678/21186/18412
f 24615/21192/18417 24619/21191/18416 24629/21190/18415 24616/21189/18414
f 24609/21177/18399 24666/21178/18400 24658/21194/18419 24610/21193/18418
f 24657/21196/18421 24656/21195/18420 24664/21183/18405 24665/21184/18406
f 24656/21195/18420 24655/21176/18422 24663/21186/18408 24664/21183/18405
f 24655/21176/18422 24654/21175/18423 24662/21188/18410 24663/21186/18408
f 24654/21175/18423 24670/21172/18394 24662/21188/18410
f 24635/21199/18426 24636/21198/18425 24621/21169/18391 24620/21197/18424
f 24636/21198/18425 24637/21200/18427 24627/21168/18390 24621/21169/18391
f 24637/21200/18427 24643/21201/18428 24628/21171/18393 24627/21168/18390
f 24643/21201/18428 24670/21172/18394 24628/21171/18393
f 24610/21193/18418 24658/21194/18419 24650/21203/18430 24611/21202/18429
f 24649/21205/18432 24648/21204/18431 24656/21195/18420 24657/21196/18421
f 24648/21204/18431 24647/21173/18433 24655/21176/18422 24656/21195/18420
f 24647/21173/18433 24646/21174/18434 24654/21175/18423 24655/21176/18422
f 24646/21174/18434 24670/21172/18394 24654/21175/18423
f 24671/21187/18409 24670/21172/18394 24679/21188/18413
f 24607/21177/18436 24669/21178/18435 24675/21179/18401 24608/21180/18402
f 24618/21193/18438 24659/21194/18437 24669/21178/18435 24607/21177/18436
f 24676/21184/18441 24677/21183/18411 24661/21195/18440 24660/21196/18439
f 24611/21202/18429 24650/21203/18430 24642/21190/18443 24612/21189/18442
f 24641/21199/18445 24640/21198/18444 24648/21204/18431 24649/21205/18432
f 24640/21198/18444 24639/21200/18446 24647/21173/18433 24648/21204/18431
f 24639/21200/18446 24638/21201/18447 24646/21174/18434 24647/21173/18433
f 24638/21201/18447 24670/21172/18394 24646/21174/18434
f 24616/21189/18414 24629/21190/18415 24644/21203/18449 24617/21202/18448
f 24645/21205/18451 24651/21204/18450 24636/21198/18425 24635/21199/18426
f 24651/21204/18450 24652/21173/18395 24637/21200/18427 24636/21198/18425
f 24652/21173/18395 24653/21174/18396 24643/21201/18428 24637/21200/18427
f 24612/21189/18442 24642/21190/18443 24634/21191/18453 24613/21192/18452
f 24633/21197/18455 24632/21169/18454 24640/21198/18444 24641/21199/18445
f 24632/21169/18454 24631/21168/18456 24639/21200/18446 24640/21198/18444
f 24631/21168/18456 24630/21171/18457 24638/21201/18447 24639/21200/18446
f 24630/21171/18457 24670/21172/18394 24638/21201/18447
f 24653/21174/18396 24670/21172/18394 24643/21201/18428
f 24677/21183/18411 24678/21186/18412 24667/21176/18398 24661/21195/18440
f 24678/21186/18412 24679/21188/18413 24668/21175/18397 24667/21176/18398
f 24679/21188/18413 24670/21172/18394 24668/21175/18397
f 24613/21192/18452 24634/21191/18453 24626/21207/18459 24614/21206/18458
f 24625/21208/18460 24624/21166/18388 24632/21169/18454 24633/21197/18455
f 24624/21166/18388 24623/21167/18389 24631/21168/18456 24632/21169/18454
f 24623/21167/18389 24622/21170/18392 24630/21171/18457 24631/21168/18456
f 24622/21170/18392 24670/21172/18394 24630/21171/18457
f 24674/21181/18403 24673/21182/18404 24677/21183/18411 24676/21184/18441
f 24617/21202/18448 24644/21203/18449 24659/21194/18437 24618/21193/18438
f 24660/21196/18439 24661/21195/18440 24651/21204/18450 24645/21205/18451
f 24661/21195/18440 24667/21176/18398 24652/21173/18395 24651/21204/18450
f 24614/21206/18458 24626/21207/18459 24619/21191/18416 24615/21192/18417
f 24620/21197/18424 24621/21169/18391 24624/21166/18388 24625/21208/18460
f 24605/21210/18448 24617/21202/18448 24618/21193/18438 24606/21209/18438
f 24604/21211/18414 24616/21189/18414 24617/21202/18448 24605/21210/18448
f 24603/21212/18417 24615/21192/18417 24616/21189/18414 24604/21211/18414
f 24602/21213/18458 24614/21206/18458 24615/21192/18417 24603/21212/18417
f 24601/21212/18452 24613/21192/18452 24614/21206/18458 24602/21213/18458
f 24600/21211/18442 24612/21189/18442 24613/21192/18452 24601/21212/18452
f 24599/21210/18429 24611/21202/18429 24612/21189/18442 24600/21211/18442
f 24598/21209/18418 24610/21193/18418 24611/21202/18429 24599/21210/18429
f 24597/21214/18399 24609/21177/18399 24610/21193/18418 24598/21209/18418
f 24596/21215/18402 24608/21180/18402 24609/21177/18399 24597/21214/18399
f 24595/21214/18436 24607/21177/18436 24608/21180/18402 24596/21215/18402
f 24606/21209/18438 24618/21193/18438 24607/21177/18436 24595/21214/18436
f 24581/21219/18462 24594/21218/18462 24593/21217/18461 24582/21216/18461
f 24582/21216/18461 24593/21217/18461 24592/21221/18463 24571/21220/18463
f 24571/21220/18463 24592/21221/18463 24591/21223/18464 24572/21222/18464
f 24572/21222/18464 24591/21223/18464 24590/21225/18466 24573/21224/18465
f 24573/21224/18465 24590/21225/18466 24589/21223/18467 24574/21222/18467
f 24574/21222/18467 24589/21223/18467 24588/21221/18468 24575/21220/18468
f 24575/21220/18468 24588/21221/18468 24587/21217/18469 24576/21216/18469
f 24576/21216/18469 24587/21217/18469 24586/21218/18470 24577/21219/18470
f 24577/21219/18470 24586/21218/18470 24585/21227/18471 24578/21226/18471
f 24578/21226/18471 24585/21227/18471 24584/21229/18472 24579/21228/18472
f 24579/21228/18472 24584/21229/18472 24583/21227/18473 24580/21226/18473
f 24580/21226/18473 24583/21227/18473 24594/21218/18462 24581/21219/18462
f 24594/21218/18462 24660/21196/18439 24645/21205/18451 24593/21217/18461
f 24593/21217/18461 24645/21205/18451 24635/21199/18426 24592/21221/18463
f 24592/21221/18463 24635/21199/18426 24620/21197/18424 24591/21223/18464
f 24591/21223/18464 24620/21197/18424 24625/21208/18460 24590/21225/18466
f 24590/21225/18466 24625/21208/18460 24633/21197/18455 24589/21223/18467
f 24589/21223/18467 24633/21197/18455 24641/21199/18445 24588/21221/18468
f 24588/21221/18468 24641/21199/18445 24649/21205/18432 24587/21217/18469
f 24587/21217/18469 24649/21205/18432 24657/21196/18421 24586/21218/18470
f 24586/21218/18470 24657/21196/18421 24665/21184/18406 24585/21227/18471
f 24585/21227/18471 24665/21184/18406 24674/21181/18403 24584/21229/18472
f 24584/21229/18472 24674/21181/18403 24676/21184/18441 24583/21227/18473
f 24583/21227/18473 24676/21184/18441 24660/21196/18439 24594/21218/18462
f 24582/21216/18461 24605/21210/18448 24606/21209/18438 24581/21219/18462
f 24581/21219/18462 24606/21209/18438 24595/21214/18436 24580/21226/18473
f 24580/21226/18473 24595/21214/18436 24596/21215/18402 24579/21228/18472
f 24579/21228/18472 24596/21215/18402 24597/21214/18399 24578/21226/18471
f 24578/21226/18471 24597/21214/18399 24598/21209/18418 24577/21219/18470
f 24577/21219/18470 24598/21209/18418 24599/21210/18429 24576/21216/18469
f 24576/21216/18469 24599/21210/18429 24600/21211/18442 24575/21220/18468
f 24575/21220/18468 24600/21211/18442 24601/21212/18452 24574/21222/18467
f 24574/21222/18467 24601/21212/18452 24602/21213/18458 24573/21224/18465
f 24573/21224/18465 24602/21213/18458 24603/21212/18417 24572/21222/18464
f 24572/21222/18464 24603/21212/18417 24604/21211/18414 24571/21220/18463
f 24571/21220/18463 24604/21211/18414 24605/21210/18448 24582/21216/18461
f 24569/21233/18475 24556/21232/18475 24545/21231/18474 24558/21230/18474
f 24558/21230/18474 24545/21231/18474 24546/21235/18476 24559/21234/18476
f 24559/21234/18476 24546/21235/18476 24547/21237/18477 24560/21236/18477
f 24560/21236/18477 24547/21237/18477 24548/21239/18478 24561/21238/18478
f 24561/21238/18478 24548/21239/18478 24549/21241/18479 24562/21240/18479
f 24562/21240/18479 24549/21241/18479 24550/21243/18480 24563/21242/18480
f 24563/21242/18480 24550/21243/18480 24551/21241/18481 24564/21240/18481
f 24564/21240/18481 24551/21241/18481 24552/21239/18482 24565/21238/18482
f 24565/21238/18482 24552/21239/18482 24553/21237/18483 24566/21236/18483
f 24566/21236/18483 24553/21237/18483 24554/21235/18484 24567/21234/18484
f 24567/21234/18484 24554/21235/18484 24557/21231/18485 24568/21230/18485
f 24568/21230/18485 24557/21231/18485 24556/21232/18475 24569/21233/18475
f 24555/21237/18487 24556/21232/18486 24557/21231/18486
f 24555/21237/18487 24557/21231/18486 24554/21235/18486
f 24555/21237/18487 24554/21235/18486 24553/21237/18486
f 24555/21237/18487 24553/21237/18486 24552/21239/18487
f 24555/21237/18487 24552/21239/18487 24551/21241/18486
f 24555/21237/18487 24551/21241/18486 24550/21243/18486
f 24555/21237/18487 24550/21243/18486 24549/21241/18487
f 24555/21237/18487 24549/21241/18487 24548/21239/18486
f 24555/21237/18487 24548/21239/18486 24547/21237/18486
f 24555/21237/18487 24547/21237/18486 24546/21235/18487
f 24555/21237/18487 24546/21235/18487 24545/21231/18487
f 24555/21237/18487 24545/21231/18487 24556/21232/18486
f 24543/21247/18475 24530/21246/18475 24519/21245/18474 24532/21244/18474
f 24532/21244/18474 24519/21245/18474 24520/21249/18476 24533/21248/18476
f 24533/21248/18476 24520/21249/18476 24521/21251/18449 24534/21250/18449
f 24534/21250/18449 24521/21251/18449 24522/21253/18478 24535/21252/18478
f 24535/21252/18478 24522/21253/18478 24523/21255/18479 24536/21254/18479
f 24536/21254/18479 24523/21255/18479 24524/21257/18480 24537/21256/18480
f 24537/21256/18480 24524/21257/18480 24525/21255/18481 24538/21254/18481
f 24538/21254/18481 24525/21255/18481 24526/21253/18482 24539/21252/18482
f 24539/21252/18482 24526/21253/18482 24527/21251/18430 24540/21250/18430
f 24540/21250/18430 24527/21251/18430 24528/21249/18484 24541/21248/18484
f 24541/21248/18484 24528/21249/18484 24531/21245/18485 24542/21244/18485
f 24542/21244/18485 24531/21245/18485 24530/21246/18475 24543/21247/18475
f 24529/21251/18487 24530/21246/18486 24531/21245/18486
f 24529/21251/18487 24531/21245/18486 24528/21249/18486
f 24529/21251/18487 24528/21249/18486 24527/21251/18486
f 24529/21251/18487 24527/21251/18486 24526/21253/18486
f 24529/21251/18487 24526/21253/18486 24525/21255/18487
f 24529/21251/18487 24525/21255/18487 24524/21257/18487
f 24529/21251/18487 24524/21257/18487 24523/21255/18486
f 24529/21251/18487 24523/21255/18486 24522/21253/18487
f 24529/21251/18487 24522/21253/18487 24521/21251/18486
f 24529/21251/18487 24521/21251/18486 24520/21249/18487
f 24529/21251/18487 24520/21249/18487 24519/21245/18487
f 24529/21251/18487 24519/21245/18487 24530/21246/18486
f 24517/21261/18475 24504/21260/18475 24493/21259/18474 24506/21258/18474
f 24506/21258/18474 24493/21259/18474 24494/21263/18476 24507/21262/18476
f 24507/21262/18476 24494/21263/18476 24495/21265/18449 24508/21264/18449
f 24508/21264/18449 24495/21265/18449 24496/21267/18478 24509/21266/18478
f 24509/21266/18478 24496/21267/18478 24497/21269/18479 24510/21268/18479
f 24510/21268/18479 24497/21269/18479 24498/21271/18480 24511/21270/18480
f 24511/21270/18480 24498/21271/18480 24499/21269/18481 24512/21268/18481
f 24512/21268/18481 24499/21269/18481 24500/21267/18482 24513/21266/18482
f 24513/21266/18482 24500/21267/18482 24501/21265/18488 24514/21264/18488
f 24514/21264/18488 24501/21265/18488 24502/21263/18484 24515/21262/18484
f 24515/21262/18484 24502/21263/18484 24505/21259/18485 24516/21258/18485
f 24516/21258/18485 24505/21259/18485 24504/21260/18475 24517/21261/18475
f 24503/21265/18487 24504/21260/18486 24505/21259/18486
f 24503/21265/18487 24505/21259/18486 24502/21263/18487
f 24503/21265/18487 24502/21263/18487 24501/21265/18486
f 24503/21265/18487 24501/21265/18486 24500/21267/18487
f 24503/21265/18487 24500/21267/18487 24499/21269/18487
f 24503/21265/18487 24499/21269/18487 24498/21271/18486
f 24503/21265/18487 24498/21271/18486 24497/21269/18486
f 24503/21265/18487 24497/21269/18486 24496/21267/18486
f 24503/21265/18487 24496/21267/18486 24495/21265/18486
f 24503/21265/18487 24495/21265/18486 24494/21263/18486
f 24503/21265/18487 24494/21263/18486 24493/21259/18487
f 24503/21265/18487 24493/21259/18487 24504/21260/18486
f 24491/21275/18489 24478/21274/18489 24467/21273/18474 24480/21272/18474
f 24480/21272/18474 24467/21273/18474 24468/21277/18476 24481/21276/18476
f 24481/21276/18476 24468/21277/18476 24469/21279/18477 24482/21278/18477
f 24482/21278/18477 24469/21279/18477 24470/21281/18478 24483/21280/18478
f 24483/21280/18478 24470/21281/18478 24471/21283/18479 24484/21282/18479
f 24484/21282/18479 24471/21283/18479 24472/21285/18490 24485/21284/18490
f 24485/21284/18490 24472/21285/18490 24473/21283/18481 24486/21282/18481
f 24486/21282/18481 24473/21283/18481 24474/21281/18482 24487/21280/18482
f 24487/21280/18482 24474/21281/18482 24475/21279/18488 24488/21278/18488
f 24488/21278/18488 24475/21279/18488 24476/21277/18484 24489/21276/18484
f 24489/21276/18484 24476/21277/18484 24479/21273/18485 24490/21272/18485
f 24490/21272/18485 24479/21273/18485 24478/21274/18489 24491/21275/18489
f 24477/21279/18486 24478/21274/18487 24479/21273/18486
f 24477/21279/18486 24479/21273/18486 24476/21277/18487
f 24477/21279/18486 24476/21277/18487 24475/21279/18486
f 24477/21279/18486 24475/21279/18486 24474/21281/18486
f 24477/21279/18486 24474/21281/18486 24473/21283/18487
f 24477/21279/18486 24473/21283/18487 24472/21285/18486
f 24477/21279/18486 24472/21285/18486 24471/21283/18486
f 24477/21279/18486 24471/21283/18486 24470/21281/18487
f 24477/21279/18486 24470/21281/18487 24469/21279/18486
f 24477/21279/18486 24469/21279/18486 24468/21277/18486
f 24477/21279/18486 24468/21277/18486 24467/21273/18487
f 24477/21279/18486 24467/21273/18487 24478/21274/18487
f 24465/21275/18489 24452/21274/18489 24441/21273/18474 24454/21272/18474
f 24454/21272/18474 24441/21273/18474 24442/21277/18476 24455/21276/18476
f 24455/21276/18476 24442/21277/18476 24443/21279/18449 24456/21278/18449
f 24456/21278/18449 24443/21279/18449 24444/21281/18478 24457/21280/18478
f 24457/21280/18478 24444/21281/18478 24445/21283/18479 24458/21282/18479
f 24458/21282/18479 24445/21283/18479 24446/21285/18480 24459/21284/18480
f 24459/21284/18480 24446/21285/18480 24447/21283/18481 24460/21282/18481
f 24460/21282/18481 24447/21283/18481 24448/21281/18482 24461/21280/18482
f 24461/21280/18482 24448/21281/18482 24449/21279/18483 24462/21278/18483
f 24462/21278/18483 24449/21279/18483 24450/21277/18484 24463/21276/18484
f 24463/21276/18484 24450/21277/18484 24453/21273/18485 24464/21272/18485
f 24464/21272/18485 24453/21273/18485 24452/21274/18489 24465/21275/18489
f 24451/21279/18486 24452/21274/18487 24453/21273/18486
f 24451/21279/18486 24453/21273/18486 24450/21277/18487
f 24451/21279/18486 24450/21277/18487 24449/21279/18486
f 24451/21279/18486 24449/21279/18486 24448/21281/18486
f 24451/21279/18486 24448/21281/18486 24447/21283/18487
f 24451/21279/18486 24447/21283/18487 24446/21285/18487
f 24451/21279/18486 24446/21285/18487 24445/21283/18486
f 24451/21279/18486 24445/21283/18486 24444/21281/18487
f 24451/21279/18486 24444/21281/18487 24443/21279/18486
f 24451/21279/18486 24443/21279/18486 24442/21277/18486
f 24451/21279/18486 24442/21277/18486 24441/21273/18487
f 24451/21279/18486 24441/21273/18487 24452/21274/18487
f 24219/21289/18494 24348/21288/18493 24428/21287/18492 24091/21286/18491
f 24270/21293/18498 24068/21292/18497 24061/21291/18496 24269/21290/18495
f 24314/21295/18501 24219/21289/18494 24091/21286/18500 24311/21294/18499
f 24289/21299/18505 24141/21298/18504 24103/21297/18503 24292/21296/18502
f 24245/21303/18507 24165/21302/18507 24209/21301/18506 24246/21300/18506
f 24141/21298/18504 24287/21305/18506 24392/21304/18507 24103/21297/18503
f 24107/21307/18509 24289/21299/18505 24292/21296/18502 24157/21306/18508
f 24160/21311/18513 24300/21310/18512 24412/21309/18511 24089/21308/18510
f 24157/21306/18508 24409/21313/18515 24288/21312/18514 24107/21307/18509
f 24289/21299/18505 24107/21307/18509 24195/21315/18517 24299/21314/18516
f 24417/21319/18521 24120/21318/18520 24158/21317/18519 24315/21316/18518
f 24318/21323/18525 24206/21322/18524 24231/21321/18523 24316/21320/18522
f 24316/21320/18522 24231/21321/18523 24143/21322/18527 24324/21323/18526
f 24231/21321/18523 24370/21325/18529 24437/21324/18528 24143/21322/18527
f 24107/21307/18509 24288/21312/18514 24412/21309/18530 24195/21315/18517
f 24267/21329/18534 24082/21328/18533 24083/21327/18532 24272/21326/18531
f 24158/21317/18519 24316/21320/18522 24324/21323/18526 24075/21318/18535
f 24075/21318/18535 24419/21319/18536 24315/21316/18518 24158/21317/18519
f 24389/21333/18538 24109/21332/18538 24204/21331/18537 24298/21330/18537
f 24319/21337/18542 24114/21336/18541 24176/21335/18540 24321/21334/18539
f 24114/21336/18541 24317/21339/18544 24418/21338/18543 24176/21335/18540
f 24283/21343/18548 24056/21342/18547 24159/21341/18546 24286/21340/18545
f 24393/21347/18551 24153/21346/18551 24133/21345/18550 24249/21344/18549
f 24396/21351/18555 24220/21350/18554 24190/21349/18553 24252/21348/18552
f 24141/21298/18504 24289/21299/18505 24299/21314/18516 24058/21352/18556
f 24257/21356/18560 24123/21355/18559 24147/21354/18558 24254/21353/18557
f 24401/21358/18563 24142/21292/18562 24061/21291/18496 24354/21357/18561
f 24142/21292/18562 24401/21358/18563 24353/21359/18564 24082/21328/18533
f 24393/21347/18538 24135/21362/18566 24105/21361/18565 24247/21360/18537
f 24240/21363/18551 24109/21332/18551 24130/21301/18549 24241/21300/18550
f 24058/21352/18556 24391/21333/18567 24287/21305/18506 24141/21298/18504
f 24144/21365/18569 24319/21337/18542 24321/21334/18539 24179/21364/18568
f 24219/21289/18494 24314/21295/18501 24313/21294/18571 24136/21286/18570
f 24179/21364/18568 24429/21367/18573 24351/21366/18572 24144/21365/18569
f 24268/21293/18576 24154/21369/18575 24117/21368/18574 24269/21290/18495
f 24319/21337/18542 24144/21365/18569 24206/21322/18578 24318/21323/18577
f 24144/21365/18569 24351/21366/18572 24436/21324/18579 24206/21322/18578
f 24250/21373/18583 24161/21372/18582 24137/21371/18581 24248/21370/18580
f 24404/21374/18584 24083/21327/18532 24082/21328/18533 24353/21359/18564
f 24390/21304/18586 24074/21297/18585 24234/21376/18553 24290/21375/18552
f 24114/21336/18541 24319/21337/18542 24318/21323/18577 24120/21318/18587
f 24266/21380/18589 24124/21379/18589 24203/21378/18588 24265/21377/18588
f 24120/21318/18587 24417/21319/18590 24317/21339/18544 24114/21336/18541
f 24296/21296/18594 24106/21306/18593 24129/21382/18592 24293/21381/18591
f 24322/21384/18596 24134/21383/18596 24229/21335/18595 24325/21334/18595
f 24134/21383/18596 24320/21385/18596 24420/21338/18595 24229/21335/18595
f 24414/21387/18599 24151/21355/18598 24147/21354/18558 24305/21386/18597
f 24198/21388/18596 24322/21384/18596 24325/21334/18595 24077/21364/18595
f 24232/21392/18603 24312/21391/18602 24415/21390/18601 24148/21389/18600
f 24409/21313/18606 24157/21306/18605 24129/21382/18592 24291/21393/18604
f 24077/21364/18595 24430/21367/18608 24364/21394/18607 24198/21388/18596
f 24429/21367/18610 24179/21364/18609 24198/21388/18596 24364/21394/18607
f 24253/21356/18611 24146/21350/18585 24190/21349/18553 24254/21353/18557
f 24321/21334/18609 24176/21335/18609 24134/21383/18596 24322/21384/18596
f 24406/21396/18614 24108/21369/18613 24117/21368/18574 24277/21395/18612
f 24218/21328/18618 24271/21329/18617 24273/21326/18616 24222/21327/18615
f 24292/21296/18619 24103/21297/18554 24234/21376/18553 24293/21381/18591
f 24297/21299/18623 24111/21298/18622 24150/21352/18621 24301/21314/18620
f 24326/21337/18627 24217/21336/18626 24075/21318/18625 24324/21323/18624
f 24217/21336/18626 24323/21339/18629 24419/21319/18628 24075/21318/18625
f 24111/21298/18622 24294/21305/18549 24389/21333/18551 24150/21352/18621
f 24268/21293/18576 24142/21292/18562 24082/21328/18533 24267/21329/18534
f 24392/21304/18555 24165/21302/18555 24238/21397/18630 24290/21375/18552
f 24163/21307/18632 24297/21299/18623 24301/21314/18620 24192/21315/18631
f 24237/21398/18628 24419/21319/18628 24323/21339/18629 24124/21379/18589
f 24113/21365/18634 24326/21337/18627 24324/21323/18624 24143/21322/18633
f 24192/21315/18631 24411/21309/18636 24295/21312/18635 24163/21307/18632
f 24297/21299/18623 24163/21307/18632 24106/21306/18638 24296/21296/18637
f 24245/21303/18555 24210/21401/18555 24180/21400/18552 24243/21399/18630
f 24163/21307/18632 24295/21312/18635 24410/21313/18639 24106/21306/18638
f 24416/21390/18641 24127/21372/18640 24137/21371/18581 24312/21391/18602
f 24264/21402/18628 24237/21398/18628 24124/21379/18589 24266/21380/18589
f 24222/21327/18615 24403/21374/18643 24355/21359/18642 24218/21328/18618
f 24402/21358/18644 24068/21292/18497 24218/21328/18618 24355/21359/18642
f 24395/21347/18567 24138/21362/18646 24145/21403/18645 24255/21344/18506
f 24256/21373/18650 24127/21372/18649 24112/21405/18648 24258/21404/18647
f 24320/21385/18596 24134/21383/18596 24176/21335/18609 24418/21338/18609
f 24179/21364/18609 24321/21334/18609 24322/21384/18596 24198/21388/18596
f 24111/21298/18622 24297/21299/18623 24296/21296/18637 24074/21297/18651
f 24143/21322/18633 24437/21324/18653 24358/21366/18652 24113/21365/18634
f 24270/21293/18498 24108/21369/18613 24201/21406/18654 24271/21329/18617
f 24271/21329/18617 24201/21406/18654 24162/21407/18655 24273/21326/18616
f 24201/21406/18654 24280/21409/18657 24407/21408/18656 24162/21407/18655
f 24139/21406/18660 24275/21409/18659 24405/21396/18658 24154/21369/18575
f 24074/21297/18651 24390/21304/18661 24294/21305/18549 24111/21298/18622
f 24391/21333/18664 24058/21352/18663 24175/21410/18662 24298/21330/18537
f 24370/21325/18666 24231/21321/18523 24206/21322/18524 24436/21324/18665
f 24120/21318/18520 24318/21323/18525 24316/21320/18522 24158/21317/18519
f 24299/21314/18670 24195/21315/18669 24177/21412/18668 24302/21411/18667
f 24348/21288/18493 24219/21289/18494 24136/21286/18672 24427/21287/18671
f 24326/21337/18627 24113/21365/18634 24077/21364/18674 24325/21334/18673
f 24113/21365/18634 24358/21366/18652 24430/21367/18675 24077/21364/18674
f 24413/21387/18678 24123/21355/18677 24112/21405/18648 24303/21413/18676
f 24118/21414/18680 24295/21312/18635 24411/21309/18636 24131/21308/18679
f 24272/21326/18531 24083/21327/18532 24211/21416/18682 24274/21415/18681
f 24411/21309/18684 24192/21315/18683 24177/21412/18668 24300/21310/18512
f 24217/21336/18626 24326/21337/18627 24325/21334/18673 24229/21335/18685
f 24282/21417/18687 24118/21414/18680 24131/21308/18679 24285/21343/18686
f 24301/21314/18688 24150/21352/18566 24175/21410/18662 24302/21411/18667
f 24229/21335/18685 24420/21338/18588 24323/21339/18629 24217/21336/18626
f 24327/21421/18690 24182/21420/18690 24186/21419/18689 24328/21418/18689
f 24257/21356/18692 24220/21350/18691 24145/21403/18645 24258/21404/18647
f 24182/21420/18690 24375/21423/18690 24421/21422/18689 24186/21419/18689
f 24403/21374/18643 24222/21327/18615 24211/21416/18682 24356/21424/18693
f 24135/21362/18695 24393/21347/18551 24249/21344/18549 24155/21403/18694
f 24192/21315/18683 24301/21314/18688 24302/21411/18667 24177/21412/18668
f 24300/21310/18512 24177/21412/18668 24195/21315/18669 24412/21309/18696
f 24058/21352/18663 24299/21314/18670 24302/21411/18667 24175/21410/18662
f 24227/21426/18690 24327/21421/18690 24328/21418/18689 24189/21425/18689
f 24273/21326/18616 24162/21407/18655 24166/21427/18697 24274/21415/18681
f 24250/21373/18699 24135/21362/18695 24155/21403/18694 24251/21404/18698
f 24189/21425/18689 24434/21429/18689 24387/21428/18690 24227/21426/18690
f 24290/21375/18552 24234/21376/18553 24103/21297/18554 24392/21304/18555
f 24157/21306/18605 24292/21296/18619 24293/21381/18591 24129/21382/18592
f 24291/21393/18604 24129/21382/18592 24106/21306/18593 24410/21313/18700
f 24074/21297/18585 24296/21296/18594 24293/21381/18591 24234/21376/18553
f 24397/21433/18521 24099/21432/18521 24063/21431/18518 24346/21430/18518
f 24327/21421/18690 24227/21426/18690 24110/21435/18701 24332/21434/18701
f 24227/21426/18690 24387/21428/18690 24435/21436/18701 24110/21435/18701
f 24150/21352/18566 24389/21333/18538 24298/21330/18537 24175/21410/18662
f 24089/21308/18510 24283/21343/18548 24286/21340/18545 24160/21311/18513
f 24300/21310/18512 24160/21311/18513 24131/21308/18679 24411/21309/18702
f 24213/21345/18506 24255/21344/18506 24396/21351/18507 24210/21401/18507
f 24199/21440/18706 24304/21439/18705 24306/21438/18704 24069/21437/18703
f 24260/21402/18521 24073/21398/18521 24055/21442/18707 24259/21441/18707
f 24160/21311/18513 24286/21340/18545 24285/21343/18686 24131/21308/18679
f 24408/21408/18710 24156/21407/18709 24166/21427/18697 24284/21443/18708
f 24182/21420/18690 24327/21421/18690 24332/21434/18701 24121/21444/18701
f 24246/21300/18506 24213/21345/18506 24210/21401/18507 24245/21303/18507
f 24069/21437/18703 24413/21387/18678 24303/21413/18676 24199/21440/18706
f 24304/21439/18705 24199/21440/18706 24196/21389/18711 24311/21294/18499
f 24121/21444/18701 24424/21445/18701 24375/21423/18690 24182/21420/18690
f 24278/21448/18715 24140/21447/18714 24235/21446/18713 24276/21417/18712
f 24199/21440/18706 24303/21413/18676 24416/21390/18641 24196/21389/18711
f 24115/21452/18588 24400/21451/18588 24335/21450/18589 24125/21449/18589
f 24140/21447/18714 24405/21396/18658 24275/21409/18659 24235/21446/18713
f 24156/21407/18709 24272/21326/18531 24274/21415/18681 24166/21427/18697
f 24284/21443/18708 24166/21427/18697 24162/21407/18655 24407/21408/18656
f 24222/21327/18615 24273/21326/18616 24274/21415/18681 24211/21416/18682
f 24356/21424/18693 24211/21416/18682 24083/21327/18532 24404/21374/18584
f 24419/21319/18536 24237/21398/18536 24055/21442/18707 24315/21316/18518
f 24280/21409/18657 24201/21406/18654 24108/21369/18613 24406/21396/18614
f 24068/21292/18497 24270/21293/18498 24271/21329/18617 24218/21328/18618
f 24194/21453/18717 24304/21439/18705 24311/21294/18499 24091/21286/18716
f 24108/21369/18613 24270/21293/18498 24269/21290/18495 24117/21368/18574
f 24277/21395/18612 24117/21368/18574 24154/21369/18575 24405/21396/18658
f 24142/21292/18562 24268/21293/18576 24269/21290/18495 24061/21291/18496
f 24354/21357/18561 24061/21291/18496 24068/21292/18497 24402/21358/18644
f 24276/21417/18712 24235/21446/18713 24056/21342/18547 24283/21343/18548
f 24264/21402/18536 24202/21432/18536 24063/21431/18518 24259/21441/18707
f 24265/21377/18588 24115/21452/18588 24125/21449/18589 24266/21380/18589
f 24235/21446/18713 24275/21409/18659 24408/21408/18710 24056/21342/18547
f 24267/21329/18534 24139/21406/18660 24154/21369/18575 24268/21293/18576
f 24116/21414/18718 24276/21417/18712 24283/21343/18548 24089/21308/18510
f 24156/21407/18709 24408/21408/18710 24275/21409/18659 24139/21406/18660
f 24089/21308/18510 24412/21309/18530 24288/21312/18514 24116/21414/18718
f 24329/21455/18721 24188/21454/18720 24081/21419/18719 24330/21418/18719
f 24188/21454/18720 24372/21456/18720 24422/21422/18719 24081/21419/18719
f 24091/21286/18724 24428/21287/18723 24336/21457/18722 24194/21453/18717
f 24304/21439/18705 24194/21453/18717 24126/21458/18725 24306/21438/18704
f 24398/21451/18543 24085/21452/18543 24187/21449/18726 24342/21450/18726
f 24276/21417/18712 24116/21414/18718 24078/21459/18727 24278/21448/18715
f 24409/21313/18515 24078/21459/18727 24116/21414/18718 24288/21312/18514
f 24085/21452/18543 24262/21377/18543 24261/21380/18544 24187/21449/18726
f 24346/21430/18518 24063/21431/18518 24202/21432/18536 24399/21433/18536
f 24237/21398/18536 24264/21402/18536 24259/21441/18707 24055/21442/18707
f 24315/21316/18518 24055/21442/18707 24073/21398/18521 24417/21319/18521
f 24099/21432/18521 24260/21402/18521 24259/21441/18707 24063/21431/18518
f 24255/21344/18506 24145/21403/18645 24220/21350/18691 24396/21351/18507
f 24123/21355/18728 24257/21356/18692 24258/21404/18647 24112/21405/18648
f 24303/21413/18676 24112/21405/18648 24127/21372/18729 24416/21390/18641
f 24138/21362/18646 24256/21373/18650 24258/21404/18647 24145/21403/18645
f 24252/21348/18552 24190/21349/18553 24146/21350/18585 24394/21351/18586
f 24151/21355/18730 24253/21356/18611 24254/21353/18557 24147/21354/18558
f 24305/21386/18597 24147/21354/18558 24123/21355/18731 24413/21387/18678
f 24220/21350/18554 24257/21356/18560 24254/21353/18557 24190/21349/18553
f 24262/21377/18543 24060/21378/18543 24132/21379/18726 24261/21380/18544
f 24060/21378/18543 24418/21338/18543 24317/21339/18544 24132/21379/18726
f 24314/21295/18501 24232/21392/18603 24148/21389/18600 24313/21294/18571
f 24281/21448/18735 24071/21447/18734 24104/21461/18733 24279/21460/18732
f 24194/21453/18717 24336/21457/18722 24425/21462/18737 24126/21458/18736
f 24127/21372/18739 24256/21373/18738 24248/21370/18580 24137/21371/18581
f 24312/21391/18602 24137/21371/18581 24161/21372/18740 24415/21390/18601
f 24135/21362/18566 24250/21373/18583 24248/21370/18580 24105/21361/18565
f 24287/21305/18506 24209/21301/18506 24165/21302/18507 24392/21304/18507
f 24071/21447/18734 24406/21396/18614 24277/21395/18612 24104/21461/18733
f 24261/21380/18544 24132/21379/18726 24073/21398/18590 24260/21402/18590
f 24417/21319/18590 24073/21398/18590 24132/21379/18726 24317/21339/18544
f 24191/21463/18721 24329/21455/18721 24330/21418/18719 24152/21425/18719
f 24196/21389/18711 24416/21390/18641 24312/21391/18602 24232/21392/18603
f 24252/21348/18552 24180/21400/18552 24210/21401/18555 24396/21351/18555
f 24165/21302/18555 24245/21303/18555 24243/21399/18630 24238/21397/18630
f 24294/21305/18549 24130/21301/18549 24109/21332/18551 24389/21333/18551
f 24153/21346/18551 24240/21363/18551 24241/21300/18550 24133/21345/18550
f 24249/21344/18549 24133/21345/18550 24062/21401/18661 24394/21351/18661
f 24279/21460/18732 24104/21461/18733 24140/21447/18714 24278/21448/18715
f 24152/21425/18719 24439/21429/18719 24388/21464/18720 24191/21463/18721
f 24329/21455/18721 24191/21463/18721 24189/21425/18741 24328/21418/18741
f 24434/21429/18741 24189/21425/18741 24191/21463/18721 24388/21464/18720
f 24109/21332/18538 24240/21363/18538 24239/21465/18537 24204/21331/18537
f 24230/21467/18745 24423/21445/18744 24380/21423/18743 24228/21466/18742
f 24243/21399/18630 24180/21400/18552 24062/21401/18586 24242/21303/18586
f 24228/21466/18742 24384/21469/18747 24383/21468/18746 24230/21467/18745
f 24328/21418/18741 24186/21419/18741 24188/21454/18720 24329/21455/18721
f 24224/21472/18750 24382/21471/18749 24437/21324/18653 24223/21470/18748
f 24384/21469/18747 24224/21472/18750 24223/21470/18748 24383/21468/18746
f 24221/21474/18752 24440/21473/18751 24382/21471/18749 24224/21472/18750
f 24256/21373/18738 24138/21362/18663 24105/21361/18565 24248/21370/18580
f 24224/21472/18750 24384/21469/18747 24381/21475/18753 24221/21474/18752
f 24138/21362/18663 24395/21347/18664 24247/21360/18537 24105/21361/18565
f 24228/21466/18742 24380/21423/18743 24422/21422/18754 24216/21476/18754
f 24384/21469/18747 24228/21466/18742 24216/21476/18754 24381/21475/18753
f 24214/21476/18689 24421/21422/18689 24375/21423/18690 24212/21466/18755
f 24251/21404/18698 24155/21403/18694 24146/21350/18757 24253/21356/18756
f 24212/21466/18755 24379/21469/18759 24378/21475/18758 24214/21476/18689
f 24309/21438/18763 24064/21437/18762 24128/21478/18761 24307/21477/18760
f 24208/21472/18767 24377/21471/18766 24433/21473/18765 24207/21474/18764
f 24379/21469/18759 24208/21472/18767 24207/21474/18764 24378/21475/18758
f 24205/21470/18768 24436/21324/18579 24377/21471/18766 24208/21472/18767
f 24394/21351/18586 24062/21401/18586 24180/21400/18552 24252/21348/18552
f 24208/21472/18767 24379/21469/18759 24376/21468/18769 24205/21470/18768
f 24186/21419/18741 24421/21422/18741 24372/21456/18720 24188/21454/18720
f 24212/21466/18755 24375/21423/18690 24424/21445/18701 24200/21467/18770
f 24379/21469/18759 24212/21466/18755 24200/21467/18770 24376/21468/18769
f 24216/21476/18719 24422/21422/18719 24372/21456/18720 24197/21479/18721
f 24064/21437/18762 24414/21387/18599 24305/21386/18597 24128/21478/18761
f 24197/21479/18721 24374/21480/18720 24381/21475/18719 24216/21476/18719
f 24307/21477/18760 24128/21478/18761 24069/21437/18703 24306/21438/18704
f 24193/21482/18720 24373/21481/18772 24440/21473/18771 24221/21474/18719
f 24374/21480/18720 24193/21482/18720 24221/21474/18719 24381/21475/18719
f 24207/21474/18741 24433/21473/18773 24373/21481/18772 24193/21482/18720
f 24331/21421/18743 24149/21420/18743 24097/21444/18744 24333/21434/18744
f 24193/21482/18720 24374/21480/18720 24378/21475/18741 24207/21474/18741
f 24149/21420/18743 24380/21423/18743 24423/21445/18744 24097/21444/18744
f 24197/21479/18721 24372/21456/18720 24421/21422/18741 24214/21476/18741
f 24374/21480/18720 24197/21479/18721 24214/21476/18741 24378/21475/18741
f 24200/21467/18777 24424/21445/18776 24369/21484/18775 24185/21483/18774
f 24215/21346/18567 24395/21347/18567 24255/21344/18506 24213/21345/18506
f 24185/21483/18774 24371/21485/18779 24376/21468/18778 24200/21467/18777
f 24164/21426/18743 24331/21421/18743 24333/21434/18744 24098/21435/18744
f 24181/21486/18782 24370/21325/18781 24436/21324/18665 24205/21470/18780
f 24371/21485/18779 24181/21486/18782 24205/21470/18780 24376/21468/18778
f 24223/21470/18784 24437/21324/18528 24370/21325/18783 24181/21486/18782
f 24413/21387/18678 24069/21437/18703 24128/21478/18761 24305/21386/18597
f 24181/21486/18782 24371/21485/18779 24383/21468/18785 24223/21470/18784
f 24306/21438/18704 24126/21458/18787 24087/21487/18786 24307/21477/18760
f 24185/21483/18774 24369/21484/18775 24423/21445/18789 24230/21467/18788
f 24371/21485/18779 24185/21483/18774 24230/21467/18788 24383/21468/18785
f 24240/21363/18538 24153/21346/18538 24225/21488/18537 24239/21465/18537
f 24153/21346/18538 24393/21347/18538 24247/21360/18537 24225/21488/18537
f 24239/21465/18537 24225/21488/18537 24215/21346/18664 24244/21363/18664
f 24126/21458/18792 24425/21462/18791 24339/21489/18790 24087/21487/18786
f 24395/21347/18664 24215/21346/18664 24225/21488/18537 24247/21360/18537
f 24307/21477/18760 24087/21487/18786 24236/21458/18793 24309/21438/18763
f 24244/21363/18664 24233/21332/18664 24204/21331/18537 24239/21465/18537
f 24233/21332/18664 24391/21333/18664 24298/21330/18537 24204/21331/18537
f 24241/21300/18550 24130/21301/18549 24226/21302/18661 24242/21303/18661
f 24405/21396/18658 24140/21447/18714 24104/21461/18733 24277/21395/18612
f 24390/21304/18661 24226/21302/18661 24130/21301/18549 24294/21305/18549
f 24133/21345/18550 24241/21300/18550 24242/21303/18661 24062/21401/18661
f 24244/21363/18567 24215/21346/18567 24213/21345/18506 24246/21300/18506
f 24394/21351/18661 24146/21350/18757 24155/21403/18694 24249/21344/18549
f 24367/21493/18797 24366/21492/18796 24432/21491/18795 24363/21490/18794
f 24098/21435/18744 24438/21436/18744 24385/21428/18743 24164/21426/18743
f 24426/21462/18799 24236/21458/18798 24087/21487/18786 24339/21489/18790
f 24366/21492/18802 24367/21493/18797 24365/21490/18801 24431/21491/18800
f 24067/21440/18804 24310/21439/18803 24313/21294/18571 24148/21389/18600
f 24242/21303/18586 24226/21302/18586 24238/21397/18630 24243/21399/18630
f 24367/21493/18797 24364/21394/18607 24430/21367/18608 24365/21490/18805
f 24226/21302/18586 24390/21304/18586 24290/21375/18552 24238/21397/18630
f 24331/21421/18743 24164/21426/18743 24152/21425/18754 24330/21418/18754
f 24364/21394/18607 24367/21493/18797 24363/21490/18806 24429/21367/18610
f 24164/21426/18743 24385/21428/18743 24439/21429/18754 24152/21425/18754
f 24260/21402/18590 24099/21432/18590 24187/21449/18726 24261/21380/18544
f 24362/21495/18808 24373/21481/18772 24433/21473/18773 24360/21494/18807
f 24099/21432/18590 24397/21433/18590 24342/21450/18726 24187/21449/18726
f 24159/21341/18546 24284/21443/18708 24407/21408/18656 24094/21342/18809
f 24373/21481/18772 24362/21495/18808 24361/21494/18810 24440/21473/18771
f 24148/21389/18600 24415/21390/18601 24308/21413/18811 24067/21440/18804
f 24278/21448/18715 24078/21459/18727 24122/21496/18812 24279/21460/18732
f 24362/21495/18808 24366/21492/18814 24431/21491/18800 24361/21494/18813
f 24078/21459/18727 24409/21313/18815 24291/21393/18604 24122/21496/18812
f 24399/21433/18628 24202/21432/18628 24125/21449/18589 24335/21450/18589
f 24366/21492/18817 24362/21495/18808 24360/21494/18816 24432/21491/18795
f 24253/21356/18756 24151/21355/18819 24092/21405/18818 24251/21404/18698
f 24263/21498/18820 24178/21497/18820 24115/21452/18595 24265/21377/18595
f 24361/21494/18822 24359/21499/18821 24382/21471/18749 24440/21473/18751
f 24310/21439/18803 24067/21440/18804 24064/21437/18762 24309/21438/18763
f 24246/21300/18506 24209/21301/18506 24233/21332/18567 24244/21363/18567
f 24359/21499/18821 24358/21366/18652 24437/21324/18653 24382/21471/18749
f 24400/21451/18595 24115/21452/18595 24178/21497/18820 24338/21500/18820
f 24279/21460/18732 24122/21496/18812 24090/21459/18823 24281/21448/18735
f 24358/21366/18652 24359/21499/18821 24365/21490/18824 24430/21367/18675
f 24149/21420/18743 24331/21421/18743 24330/21418/18754 24081/21419/18754
f 24151/21355/18825 24414/21387/18599 24308/21413/18811 24092/21405/18818
f 24359/21499/18821 24361/21494/18827 24431/21491/18800 24365/21490/18826
f 24067/21440/18804 24308/21413/18811 24414/21387/18599 24064/21437/18762
f 24286/21340/18545 24159/21341/18546 24094/21342/18809 24285/21343/18686
f 24357/21501/18828 24356/21424/18693 24404/21374/18584 24353/21359/18564
f 24265/21377/18595 24203/21378/18595 24076/21502/18820 24263/21498/18820
f 24415/21390/18601 24161/21372/18829 24092/21405/18818 24308/21413/18811
f 24356/21424/18693 24357/21501/18828 24355/21359/18642 24403/21374/18643
f 24081/21419/18754 24422/21422/18754 24380/21423/18743 24149/21420/18743
f 24410/21313/18830 24090/21459/18823 24122/21496/18812 24291/21393/18604
f 24357/21501/18828 24354/21357/18561 24402/21358/18644 24355/21359/18642
f 24119/21446/18831 24282/21417/18687 24285/21343/18686 24094/21342/18809
f 24183/21453/18833 24310/21439/18803 24309/21438/18763 24236/21458/18832
f 24354/21357/18561 24357/21501/18828 24353/21359/18564 24401/21358/18563
f 24391/21333/18567 24233/21332/18567 24209/21301/18506 24287/21305/18506
f 24203/21378/18595 24420/21338/18595 24320/21385/18596 24076/21502/18820
f 24351/21366/18572 24352/21499/18834 24377/21471/18766 24436/21324/18579
f 24263/21498/18820 24076/21502/18820 24060/21378/18609 24262/21377/18609
f 24251/21404/18698 24092/21405/18818 24161/21372/18835 24250/21373/18699
f 24352/21499/18834 24360/21494/18836 24433/21473/18765 24377/21471/18766
f 24334/21504/18837 24184/21503/18775 24121/21444/18776 24332/21434/18776
f 24272/21326/18531 24156/21407/18709 24139/21406/18660 24267/21329/18534
f 24360/21494/18839 24352/21499/18834 24363/21490/18838 24432/21491/18795
f 24094/21342/18809 24407/21408/18656 24280/21409/18657 24119/21446/18831
f 24418/21338/18609 24060/21378/18609 24076/21502/18820 24320/21385/18596
f 24352/21499/18834 24351/21366/18572 24429/21367/18573 24363/21490/18840
f 24102/21506/18842 24397/21433/18521 24346/21430/18518 24100/21505/18841
f 24424/21445/18776 24121/21444/18776 24184/21503/18775 24369/21484/18775
f 24100/21505/18841 24350/21508/18844 24349/21507/18843 24102/21506/18842
f 24332/21434/18776 24110/21435/18776 24101/21509/18775 24334/21504/18837
f 24096/21511/18846 24348/21288/18493 24427/21287/18671 24095/21510/18845
f 24350/21508/18844 24096/21511/18846 24095/21510/18845 24349/21507/18843
f 24093/21510/18847 24428/21287/18492 24348/21288/18493 24096/21511/18846
f 24056/21342/18547 24408/21408/18710 24284/21443/18708 24159/21341/18546
f 24096/21511/18846 24350/21508/18844 24347/21507/18848 24093/21510/18847
f 24236/21458/18851 24426/21462/18850 24343/21457/18849 24183/21453/18833
f 24100/21505/18841 24346/21430/18518 24399/21433/18536 24088/21506/18852
f 24350/21508/18844 24100/21505/18841 24088/21506/18852 24347/21507/18848
f 24086/21513/18854 24398/21451/18543 24342/21450/18726 24084/21512/18853
f 24282/21417/18687 24119/21446/18831 24071/21447/18734 24281/21448/18735
f 24084/21512/18853 24345/21515/18856 24344/21514/18855 24086/21513/18854
f 24406/21396/18614 24071/21447/18734 24119/21446/18831 24280/21409/18657
f 24080/21517/18858 24343/21457/18849 24426/21462/18850 24079/21516/18857
f 24345/21515/18856 24080/21517/18858 24079/21516/18857 24344/21514/18855
f 24095/21510/18860 24427/21287/18859 24343/21457/18849 24080/21517/18858
f 24110/21435/18776 24435/21436/18776 24386/21518/18775 24101/21509/18775
f 24080/21517/18858 24345/21515/18856 24349/21507/18861 24095/21510/18860
f 24262/21377/18609 24085/21452/18609 24178/21497/18820 24263/21498/18820
f 24084/21512/18853 24342/21450/18726 24397/21433/18590 24102/21506/18862
f 24345/21515/18856 24084/21512/18853 24102/21506/18862 24349/21507/18861
f 24072/21513/18864 24400/21451/18595 24338/21500/18820 24070/21519/18863
f 24310/21439/18803 24183/21453/18833 24136/21286/18865 24313/21294/18571
f 24070/21519/18863 24341/21520/18867 24340/21514/18866 24072/21513/18864
f 24183/21453/18833 24343/21457/18849 24427/21287/18859 24136/21286/18868
f 24066/21521/18870 24339/21489/18790 24425/21462/18791 24065/21516/18869
f 24341/21520/18867 24066/21521/18870 24065/21516/18869 24340/21514/18866
f 24079/21516/18871 24426/21462/18799 24339/21489/18790 24066/21521/18870
f 24334/21504/18837 24101/21509/18775 24098/21435/18789 24333/21434/18789
f 24066/21521/18870 24341/21520/18867 24344/21514/18872 24079/21516/18871
f 24101/21509/18775 24386/21518/18775 24438/21436/18789 24098/21435/18789
f 24070/21519/18863 24338/21500/18820 24398/21451/18609 24086/21513/18873
f 24341/21520/18867 24070/21519/18863 24086/21513/18873 24344/21514/18872
f 24088/21506/18875 24399/21433/18628 24335/21450/18589 24057/21512/18874
f 24085/21452/18609 24398/21451/18609 24338/21500/18820 24178/21497/18820
f 24057/21512/18874 24337/21515/18877 24347/21507/18876 24088/21506/18875
f 24266/21380/18589 24125/21449/18589 24202/21432/18628 24264/21402/18628
f 24059/21517/18879 24336/21457/18722 24428/21287/18723 24093/21510/18878
f 24337/21515/18877 24059/21517/18879 24093/21510/18878 24347/21507/18876
f 24065/21516/18880 24425/21462/18737 24336/21457/18722 24059/21517/18879
f 24281/21448/18735 24090/21459/18823 24118/21414/18680 24282/21417/18687
f 24059/21517/18879 24337/21515/18877 24340/21514/18881 24065/21516/18880
f 24090/21459/18823 24410/21313/18639 24295/21312/18635 24118/21414/18680
f 24057/21512/18874 24335/21450/18589 24400/21451/18588 24072/21513/18882
f 24337/21515/18877 24057/21512/18874 24072/21513/18882 24340/21514/18881
f 24097/21444/18789 24423/21445/18789 24369/21484/18775 24184/21503/18775
f 24420/21338/18588 24203/21378/18588 24124/21379/18589 24323/21339/18629
f 24184/21503/18775 24334/21504/18837 24333/21434/18789 24097/21444/18789
f 24311/21294/18499 24196/21389/18711 24232/21392/18603 24314/21295/18501
f 23833/21289/18884 23962/21288/18883 24042/21287/18492 23705/21286/18491
f 23884/21293/18498 23682/21292/18497 23675/21291/18886 23883/21290/18885
f 23928/21295/18501 23833/21289/18884 23705/21286/18500 23925/21294/18499
f 23903/21299/18505 23755/21298/18888 23717/21297/18887 23906/21296/18502
f 23859/21303/18890 23779/21302/18890 23823/21301/18889 23860/21300/18889
f 23755/21298/18888 23901/21305/18506 24006/21304/18890 23717/21297/18887
f 23721/21307/18892 23903/21299/18505 23906/21296/18502 23771/21306/18891
f 23774/21311/18894 23914/21310/18893 24026/21309/18511 23703/21308/18510
f 23771/21306/18891 24023/21313/18896 23902/21312/18895 23721/21307/18892
f 23903/21299/18505 23721/21307/18892 23809/21315/18897 23913/21314/18516
f 24031/21319/18521 23734/21318/18520 23772/21317/18898 23929/21316/18518
f 23932/21323/18525 23820/21322/18524 23845/21321/18523 23930/21320/18899
f 23930/21320/18899 23845/21321/18523 23757/21322/18527 23938/21323/18526
f 23845/21321/18523 23984/21325/18529 24051/21324/18528 23757/21322/18527
f 23721/21307/18892 23902/21312/18895 24026/21309/18900 23809/21315/18897
f 23881/21329/18534 23696/21328/18533 23697/21327/18532 23886/21326/18531
f 23772/21317/18898 23930/21320/18899 23938/21323/18526 23689/21318/18535
f 23689/21318/18535 24033/21319/18536 23929/21316/18518 23772/21317/18898
f 24003/21333/18538 23723/21332/18538 23818/21331/18537 23912/21330/18537
f 23933/21337/18542 23728/21336/18541 23790/21335/18540 23935/21334/18539
f 23728/21336/18541 23931/21339/18544 24032/21338/18543 23790/21335/18540
f 23897/21343/18548 23670/21342/18547 23773/21341/18902 23900/21340/18901
f 24007/21347/18903 23767/21346/18903 23747/21345/18549 23863/21344/18549
f 24010/21351/18555 23834/21350/18554 23804/21349/18553 23866/21348/18552
f 23755/21298/18888 23903/21299/18505 23913/21314/18516 23672/21352/18904
f 23871/21356/18560 23737/21355/18559 23761/21354/18906 23868/21353/18905
f 24015/21358/18563 23756/21292/18562 23675/21291/18886 23968/21357/18907
f 23756/21292/18562 24015/21358/18563 23967/21359/18564 23696/21328/18533
f 24007/21347/18538 23749/21362/18566 23719/21361/18565 23861/21360/18537
f 23854/21363/18903 23723/21332/18903 23744/21301/18549 23855/21300/18549
f 23672/21352/18904 24005/21333/18908 23901/21305/18506 23755/21298/18888
f 23758/21365/18569 23933/21337/18542 23935/21334/18539 23793/21364/18568
f 23833/21289/18884 23928/21295/18501 23927/21294/18571 23750/21286/18570
f 23793/21364/18568 24043/21367/18573 23965/21366/18572 23758/21365/18569
f 23882/21293/18576 23768/21369/18575 23731/21368/18909 23883/21290/18885
f 23933/21337/18542 23758/21365/18569 23820/21322/18578 23932/21323/18577
f 23758/21365/18569 23965/21366/18572 24050/21324/18579 23820/21322/18578
f 23864/21373/18583 23775/21372/18582 23751/21371/18911 23862/21370/18910
f 24018/21374/18584 23697/21327/18532 23696/21328/18533 23967/21359/18564
f 24004/21304/18586 23688/21297/18585 23848/21376/18553 23904/21375/18552
f 23728/21336/18541 23933/21337/18542 23932/21323/18577 23734/21318/18587
f 23880/21380/18629 23738/21379/18589 23817/21378/18588 23879/21377/18588
f 23734/21318/18587 24031/21319/18590 23931/21339/18544 23728/21336/18541
f 23910/21296/18594 23720/21306/18593 23743/21382/18912 23907/21381/18591
f 23936/21384/18596 23748/21383/18596 23843/21335/18595 23939/21334/18595
f 23748/21383/18596 23934/21385/18596 24034/21338/18595 23843/21335/18595
f 24028/21387/18599 23765/21355/18598 23761/21354/18906 23919/21386/18913
f 23812/21388/18596 23936/21384/18596 23939/21334/18595 23691/21364/18595
f 23846/21392/18603 23926/21391/18914 24029/21390/18601 23762/21389/18600
f 24023/21313/18606 23771/21306/18605 23743/21382/18912 23905/21393/18915
f 23691/21364/18595 24044/21367/18608 23978/21394/18607 23812/21388/18596
f 24043/21367/18610 23793/21364/18609 23812/21388/18596 23978/21394/18607
f 23867/21356/18611 23760/21350/18585 23804/21349/18553 23868/21353/18905
f 23935/21334/18609 23790/21335/18609 23748/21383/18596 23936/21384/18596
f 24020/21396/18614 23722/21369/18613 23731/21368/18909 23891/21395/18916
f 23832/21328/18618 23885/21329/18617 23887/21326/18616 23836/21327/18615
f 23906/21296/18619 23717/21297/18554 23848/21376/18553 23907/21381/18591
f 23911/21299/18919 23725/21298/18622 23764/21352/18918 23915/21314/18917
f 23940/21337/18921 23831/21336/18626 23689/21318/18625 23938/21323/18920
f 23831/21336/18626 23937/21339/18629 24033/21319/18628 23689/21318/18625
f 23725/21298/18622 23908/21305/18549 24003/21333/18903 23764/21352/18918
f 23882/21293/18576 23756/21292/18562 23696/21328/18533 23881/21329/18534
f 24006/21304/18555 23779/21302/18555 23852/21397/18552 23904/21375/18552
f 23777/21307/18632 23911/21299/18919 23915/21314/18917 23806/21315/18631
f 23851/21398/18628 24033/21319/18628 23937/21339/18629 23738/21379/18589
f 23727/21365/18634 23940/21337/18921 23938/21323/18920 23757/21322/18633
f 23806/21315/18631 24025/21309/18636 23909/21312/18635 23777/21307/18632
f 23911/21299/18919 23777/21307/18632 23720/21306/18638 23910/21296/18922
f 23859/21303/18555 23824/21401/18555 23794/21400/18552 23857/21399/18552
f 23777/21307/18632 23909/21312/18635 24024/21313/18639 23720/21306/18638
f 24030/21390/18924 23741/21372/18923 23751/21371/18911 23926/21391/18914
f 23878/21402/18628 23851/21398/18628 23738/21379/18589 23880/21380/18629
f 23836/21327/18615 24017/21374/18643 23969/21359/18642 23832/21328/18618
f 24016/21358/18644 23682/21292/18497 23832/21328/18618 23969/21359/18642
f 24009/21347/18908 23752/21362/18646 23759/21403/18645 23869/21344/18506
f 23870/21373/18928 23741/21372/18927 23726/21405/18926 23872/21404/18925
f 23934/21385/18596 23748/21383/18596 23790/21335/18609 24032/21338/18609
f 23793/21364/18609 23935/21334/18609 23936/21384/18596 23812/21388/18596
f 23725/21298/18622 23911/21299/18919 23910/21296/18922 23688/21297/18929
f 23757/21322/18633 24051/21324/18653 23972/21366/18652 23727/21365/18634
f 23884/21293/18498 23722/21369/18613 23815/21406/18930 23885/21329/18617
f 23885/21329/18617 23815/21406/18930 23776/21407/18655 23887/21326/18616
f 23815/21406/18930 23894/21409/18657 24021/21408/18656 23776/21407/18655
f 23753/21406/18660 23889/21409/18659 24019/21396/18658 23768/21369/18575
f 23688/21297/18929 24004/21304/18931 23908/21305/18549 23725/21298/18622
f 24005/21333/18664 23672/21352/18663 23789/21410/18565 23912/21330/18537
f 23984/21325/18666 23845/21321/18523 23820/21322/18524 24050/21324/18665
f 23734/21318/18520 23932/21323/18525 23930/21320/18899 23772/21317/18898
f 23913/21314/18670 23809/21315/18669 23791/21412/18668 23916/21411/18667
f 23962/21288/18883 23833/21289/18884 23750/21286/18672 24041/21287/18671
f 23940/21337/18921 23727/21365/18634 23691/21364/18674 23939/21334/18882
f 23727/21365/18634 23972/21366/18652 24044/21367/18675 23691/21364/18674
f 24027/21387/18934 23737/21355/18677 23726/21405/18933 23917/21413/18932
f 23732/21414/18680 23909/21312/18635 24025/21309/18636 23745/21308/18679
f 23886/21326/18531 23697/21327/18532 23825/21416/18936 23888/21415/18935
f 24025/21309/18684 23806/21315/18683 23791/21412/18668 23914/21310/18893
f 23831/21336/18626 23940/21337/18921 23939/21334/18882 23843/21335/18685
f 23896/21417/18687 23732/21414/18680 23745/21308/18679 23899/21343/18686
f 23915/21314/18688 23764/21352/18566 23789/21410/18565 23916/21411/18667
f 23843/21335/18685 24034/21338/18588 23937/21339/18629 23831/21336/18626
f 23941/21421/18937 23796/21420/18937 23800/21419/18689 23942/21418/18689
f 23871/21356/18938 23834/21350/18691 23759/21403/18645 23872/21404/18925
f 23796/21420/18937 23989/21423/18937 24035/21422/18689 23800/21419/18689
f 24017/21374/18643 23836/21327/18615 23825/21416/18936 23970/21424/18939
f 23749/21362/18695 24007/21347/18903 23863/21344/18549 23769/21403/18694
f 23806/21315/18683 23915/21314/18688 23916/21411/18667 23791/21412/18668
f 23914/21310/18893 23791/21412/18668 23809/21315/18669 24026/21309/18696
f 23672/21352/18663 23913/21314/18670 23916/21411/18667 23789/21410/18565
f 23841/21426/18937 23941/21421/18937 23942/21418/18689 23803/21425/18689
f 23887/21326/18616 23776/21407/18655 23780/21427/18940 23888/21415/18935
f 23864/21373/18699 23749/21362/18695 23769/21403/18694 23865/21404/18698
f 23803/21425/18689 24048/21429/18689 24001/21428/18937 23841/21426/18937
f 23904/21375/18552 23848/21376/18553 23717/21297/18554 24006/21304/18555
f 23771/21306/18605 23906/21296/18619 23907/21381/18591 23743/21382/18912
f 23905/21393/18915 23743/21382/18912 23720/21306/18593 24024/21313/18700
f 23688/21297/18585 23910/21296/18594 23907/21381/18591 23848/21376/18553
f 24011/21433/18521 23713/21432/18521 23677/21431/18518 23960/21430/18518
f 23941/21421/18937 23841/21426/18937 23724/21435/18701 23946/21434/18701
f 23841/21426/18937 24001/21428/18937 24049/21436/18701 23724/21435/18701
f 23764/21352/18566 24003/21333/18538 23912/21330/18537 23789/21410/18565
f 23703/21308/18510 23897/21343/18548 23900/21340/18901 23774/21311/18894
f 23914/21310/18893 23774/21311/18894 23745/21308/18679 24025/21309/18702
f 23827/21345/18941 23869/21344/18506 24010/21351/18890 23824/21401/18890
f 23813/21440/18706 23918/21439/18705 23920/21438/18704 23683/21437/18703
f 23874/21402/18521 23687/21398/18521 23669/21442/18518 23873/21441/18518
f 23774/21311/18894 23900/21340/18901 23899/21343/18686 23745/21308/18679
f 24022/21408/18710 23770/21407/18709 23780/21427/18940 23898/21443/18942
f 23796/21420/18937 23941/21421/18937 23946/21434/18701 23735/21444/18701
f 23860/21300/18889 23827/21345/18941 23824/21401/18890 23859/21303/18890
f 23683/21437/18703 24027/21387/18934 23917/21413/18932 23813/21440/18706
f 23918/21439/18705 23813/21440/18706 23810/21389/18711 23925/21294/18499
f 23735/21444/18701 24038/21445/18701 23989/21423/18937 23796/21420/18937
f 23892/21448/18715 23754/21447/18714 23849/21446/18713 23890/21417/18943
f 23813/21440/18706 23917/21413/18932 24030/21390/18924 23810/21389/18711
f 23729/21452/18588 24014/21451/18588 23949/21450/18589 23739/21449/18589
f 23754/21447/18714 24019/21396/18658 23889/21409/18659 23849/21446/18713
f 23770/21407/18709 23886/21326/18531 23888/21415/18935 23780/21427/18940
f 23898/21443/18942 23780/21427/18940 23776/21407/18655 24021/21408/18656
f 23836/21327/18615 23887/21326/18616 23888/21415/18935 23825/21416/18936
f 23970/21424/18939 23825/21416/18936 23697/21327/18532 24018/21374/18584
f 24033/21319/18536 23851/21398/18536 23669/21442/18518 23929/21316/18518
f 23894/21409/18657 23815/21406/18930 23722/21369/18613 24020/21396/18614
f 23682/21292/18497 23884/21293/18498 23885/21329/18617 23832/21328/18618
f 23808/21453/18717 23918/21439/18705 23925/21294/18499 23705/21286/18716
f 23722/21369/18613 23884/21293/18498 23883/21290/18885 23731/21368/18909
f 23891/21395/18916 23731/21368/18909 23768/21369/18575 24019/21396/18658
f 23756/21292/18562 23882/21293/18576 23883/21290/18885 23675/21291/18886
f 23968/21357/18907 23675/21291/18886 23682/21292/18497 24016/21358/18644
f 23890/21417/18943 23849/21446/18713 23670/21342/18547 23897/21343/18548
f 23878/21402/18536 23816/21432/18536 23677/21431/18518 23873/21441/18518
f 23879/21377/18588 23729/21452/18588 23739/21449/18589 23880/21380/18629
f 23849/21446/18713 23889/21409/18659 24022/21408/18710 23670/21342/18547
f 23881/21329/18534 23753/21406/18660 23768/21369/18575 23882/21293/18576
f 23730/21414/18718 23890/21417/18943 23897/21343/18548 23703/21308/18510
f 23770/21407/18709 24022/21408/18710 23889/21409/18659 23753/21406/18660
f 23703/21308/18510 24026/21309/18900 23902/21312/18895 23730/21414/18718
f 23943/21455/18720 23802/21454/18720 23695/21419/18719 23944/21418/18719
f 23802/21454/18720 23986/21456/18720 24036/21422/18719 23695/21419/18719
f 23705/21286/18724 24042/21287/18723 23950/21457/18722 23808/21453/18717
f 23918/21439/18705 23808/21453/18717 23740/21458/18725 23920/21438/18704
f 24012/21451/18543 23699/21452/18543 23801/21449/18726 23956/21450/18544
f 23890/21417/18943 23730/21414/18718 23692/21459/18727 23892/21448/18715
f 24023/21313/18896 23692/21459/18727 23730/21414/18718 23902/21312/18895
f 23699/21452/18543 23876/21377/18543 23875/21380/18544 23801/21449/18726
f 23960/21430/18518 23677/21431/18518 23816/21432/18536 24013/21433/18536
f 23851/21398/18536 23878/21402/18536 23873/21441/18518 23669/21442/18518
f 23929/21316/18518 23669/21442/18518 23687/21398/18521 24031/21319/18521
f 23713/21432/18521 23874/21402/18521 23873/21441/18518 23677/21431/18518
f 23869/21344/18506 23759/21403/18645 23834/21350/18691 24010/21351/18890
f 23737/21355/18728 23871/21356/18938 23872/21404/18925 23726/21405/18944
f 23917/21413/18932 23726/21405/18945 23741/21372/18729 24030/21390/18924
f 23752/21362/18646 23870/21373/18928 23872/21404/18925 23759/21403/18645
f 23866/21348/18552 23804/21349/18553 23760/21350/18585 24008/21351/18586
f 23765/21355/18730 23867/21356/18611 23868/21353/18905 23761/21354/18906
f 23919/21386/18913 23761/21354/18906 23737/21355/18946 24027/21387/18934
f 23834/21350/18554 23871/21356/18560 23868/21353/18905 23804/21349/18553
f 23876/21377/18543 23674/21378/18543 23746/21379/18544 23875/21380/18544
f 23674/21378/18543 24032/21338/18543 23931/21339/18544 23746/21379/18544
f 23928/21295/18501 23846/21392/18603 23762/21389/18600 23927/21294/18571
f 23895/21448/18735 23685/21447/18734 23718/21461/18948 23893/21460/18947
f 23808/21453/18717 23950/21457/18722 24039/21462/18737 23740/21458/18736
f 23741/21372/18739 23870/21373/18738 23862/21370/18910 23751/21371/18911
f 23926/21391/18914 23751/21371/18911 23775/21372/18740 24029/21390/18601
f 23749/21362/18566 23864/21373/18583 23862/21370/18910 23719/21361/18565
f 23901/21305/18506 23823/21301/18889 23779/21302/18890 24006/21304/18890
f 23685/21447/18734 24020/21396/18614 23891/21395/18916 23718/21461/18948
f 23875/21380/18544 23746/21379/18544 23687/21398/18590 23874/21402/18590
f 24031/21319/18590 23687/21398/18590 23746/21379/18544 23931/21339/18544
f 23805/21463/18720 23943/21455/18720 23944/21418/18719 23766/21425/18719
f 23810/21389/18711 24030/21390/18924 23926/21391/18914 23846/21392/18603
f 23866/21348/18552 23794/21400/18552 23824/21401/18555 24010/21351/18555
f 23779/21302/18555 23859/21303/18555 23857/21399/18552 23852/21397/18552
f 23908/21305/18549 23744/21301/18549 23723/21332/18903 24003/21333/18903
f 23767/21346/18903 23854/21363/18903 23855/21300/18549 23747/21345/18549
f 23863/21344/18549 23747/21345/18549 23676/21401/18931 24008/21351/18931
f 23893/21460/18947 23718/21461/18948 23754/21447/18714 23892/21448/18715
f 23766/21425/18719 24053/21429/18719 24002/21464/18720 23805/21463/18720
f 23943/21455/18720 23805/21463/18720 23803/21425/18741 23942/21418/18741
f 24048/21429/18741 23803/21425/18741 23805/21463/18720 24002/21464/18720
f 23723/21332/18538 23854/21363/18538 23853/21465/18537 23818/21331/18537
f 23844/21467/18745 24037/21445/18744 23994/21423/18949 23842/21466/18742
f 23857/21399/18552 23794/21400/18552 23676/21401/18586 23856/21303/18586
f 23842/21466/18742 23998/21469/18747 23997/21468/18746 23844/21467/18745
f 23942/21418/18741 23800/21419/18741 23802/21454/18720 23943/21455/18720
f 23838/21472/18750 23996/21471/18749 24051/21324/18653 23837/21470/18748
f 23998/21469/18747 23838/21472/18750 23837/21470/18748 23997/21468/18746
f 23835/21474/18752 24054/21473/18751 23996/21471/18749 23838/21472/18750
f 23870/21373/18738 23752/21362/18663 23719/21361/18565 23862/21370/18910
f 23838/21472/18750 23998/21469/18747 23995/21475/18753 23835/21474/18752
f 23752/21362/18663 24009/21347/18664 23861/21360/18537 23719/21361/18565
f 23842/21466/18742 23994/21423/18949 24036/21422/18754 23830/21476/18754
f 23998/21469/18747 23842/21466/18742 23830/21476/18754 23995/21475/18753
f 23828/21476/18689 24035/21422/18689 23989/21423/18937 23826/21466/18755
f 23865/21404/18698 23769/21403/18694 23760/21350/18757 23867/21356/18756
f 23826/21466/18755 23993/21469/18759 23992/21475/18758 23828/21476/18689
f 23923/21438/18763 23678/21437/18762 23742/21478/18950 23921/21477/18760
f 23822/21472/18767 23991/21471/18766 24047/21473/18765 23821/21474/18764
f 23993/21469/18759 23822/21472/18767 23821/21474/18764 23992/21475/18758
f 23819/21470/18768 24050/21324/18579 23991/21471/18766 23822/21472/18767
f 24008/21351/18586 23676/21401/18586 23794/21400/18552 23866/21348/18552
f 23822/21472/18767 23993/21469/18759 23990/21468/18769 23819/21470/18768
f 23800/21419/18741 24035/21422/18741 23986/21456/18720 23802/21454/18720
f 23826/21466/18755 23989/21423/18937 24038/21445/18701 23814/21467/18770
f 23993/21469/18759 23826/21466/18755 23814/21467/18770 23990/21468/18769
f 23830/21476/18719 24036/21422/18719 23986/21456/18720 23811/21479/18720
f 23678/21437/18762 24028/21387/18599 23919/21386/18913 23742/21478/18950
f 23811/21479/18720 23988/21480/18720 23995/21475/18719 23830/21476/18719
f 23921/21477/18760 23742/21478/18950 23683/21437/18703 23920/21438/18704
f 23807/21482/18720 23987/21481/18951 24054/21473/18771 23835/21474/18719
f 23988/21480/18720 23807/21482/18720 23835/21474/18719 23995/21475/18719
f 23821/21474/18741 24047/21473/18773 23987/21481/18951 23807/21482/18720
f 23945/21421/18949 23763/21420/18949 23711/21444/18744 23947/21434/18744
f 23807/21482/18720 23988/21480/18720 23992/21475/18741 23821/21474/18741
f 23763/21420/18949 23994/21423/18949 24037/21445/18744 23711/21444/18744
f 23811/21479/18720 23986/21456/18720 24035/21422/18741 23828/21476/18741
f 23988/21480/18720 23811/21479/18720 23828/21476/18741 23992/21475/18741
f 23814/21467/18777 24038/21445/18776 23983/21484/18837 23799/21483/18774
f 23829/21346/18908 24009/21347/18908 23869/21344/18506 23827/21345/18941
f 23799/21483/18774 23985/21485/18952 23990/21468/18778 23814/21467/18777
f 23778/21426/18949 23945/21421/18949 23947/21434/18744 23712/21435/18744
f 23795/21486/18953 23984/21325/18781 24050/21324/18665 23819/21470/18780
f 23985/21485/18952 23795/21486/18953 23819/21470/18780 23990/21468/18778
f 23837/21470/18784 24051/21324/18528 23984/21325/18783 23795/21486/18953
f 24027/21387/18934 23683/21437/18703 23742/21478/18950 23919/21386/18913
f 23795/21486/18953 23985/21485/18952 23997/21468/18785 23837/21470/18784
f 23920/21438/18704 23740/21458/18787 23701/21487/18954 23921/21477/18760
f 23799/21483/18774 23983/21484/18837 24037/21445/18789 23844/21467/18788
f 23985/21485/18952 23799/21483/18774 23844/21467/18788 23997/21468/18785
f 23854/21363/18538 23767/21346/18538 23839/21488/18537 23853/21465/18537
f 23767/21346/18538 24007/21347/18538 23861/21360/18537 23839/21488/18537
f 23853/21465/18537 23839/21488/18537 23829/21346/18664 23858/21363/18664
f 23740/21458/18792 24039/21462/18791 23953/21489/18955 23701/21487/18954
f 24009/21347/18664 23829/21346/18664 23839/21488/18537 23861/21360/18537
f 23921/21477/18760 23701/21487/18954 23850/21458/18793 23923/21438/18763
f 23858/21363/18664 23847/21332/18664 23818/21331/18537 23853/21465/18537
f 23847/21332/18664 24005/21333/18664 23912/21330/18537 23818/21331/18537
f 23855/21300/18549 23744/21301/18549 23840/21302/18931 23856/21303/18931
f 24019/21396/18658 23754/21447/18714 23718/21461/18948 23891/21395/18916
f 24004/21304/18931 23840/21302/18931 23744/21301/18549 23908/21305/18549
f 23747/21345/18549 23855/21300/18549 23856/21303/18931 23676/21401/18931
f 23858/21363/18908 23829/21346/18908 23827/21345/18941 23860/21300/18889
f 24008/21351/18931 23760/21350/18757 23769/21403/18694 23863/21344/18549
f 23981/21493/18797 23980/21492/18796 24046/21491/18795 23977/21490/18794
f 23712/21435/18744 24052/21436/18744 23999/21428/18743 23778/21426/18949
f 24040/21462/18799 23850/21458/18798 23701/21487/18954 23953/21489/18955
f 23980/21492/18802 23981/21493/18797 23979/21490/18801 24045/21491/18800
f 23681/21440/18804 23924/21439/18803 23927/21294/18571 23762/21389/18600
f 23856/21303/18586 23840/21302/18586 23852/21397/18552 23857/21399/18552
f 23981/21493/18797 23978/21394/18607 24044/21367/18608 23979/21490/18805
f 23840/21302/18586 24004/21304/18586 23904/21375/18552 23852/21397/18552
f 23945/21421/18949 23778/21426/18949 23766/21425/18754 23944/21418/18754
f 23978/21394/18607 23981/21493/18797 23977/21490/18806 24043/21367/18610
f 23778/21426/18949 23999/21428/18743 24053/21429/18754 23766/21425/18754
f 23874/21402/18590 23713/21432/18590 23801/21449/18726 23875/21380/18544
f 23976/21495/18956 23987/21481/18951 24047/21473/18773 23974/21494/18807
f 23713/21432/18590 24011/21433/18590 23956/21450/18544 23801/21449/18726
f 23773/21341/18902 23898/21443/18942 24021/21408/18656 23708/21342/18809
f 23987/21481/18951 23976/21495/18956 23975/21494/18810 24054/21473/18771
f 23762/21389/18600 24029/21390/18601 23922/21413/18811 23681/21440/18804
f 23892/21448/18715 23692/21459/18727 23736/21496/18957 23893/21460/18947
f 23976/21495/18956 23980/21492/18814 24045/21491/18800 23975/21494/18813
f 23692/21459/18727 24023/21313/18815 23905/21393/18915 23736/21496/18957
f 24013/21433/18628 23816/21432/18628 23739/21449/18589 23949/21450/18589
f 23980/21492/18817 23976/21495/18956 23974/21494/18816 24046/21491/18795
f 23867/21356/18756 23765/21355/18819 23706/21405/18958 23865/21404/18698
f 23877/21498/18596 23792/21497/18596 23729/21452/18595 23879/21377/18595
f 23975/21494/18822 23973/21499/18821 23996/21471/18749 24054/21473/18751
f 23924/21439/18803 23681/21440/18804 23678/21437/18762 23923/21438/18763
f 23860/21300/18889 23823/21301/18889 23847/21332/18908 23858/21363/18908
f 23973/21499/18821 23972/21366/18652 24051/21324/18653 23996/21471/18749
f 24014/21451/18595 23729/21452/18595 23792/21497/18596 23952/21500/18596
f 23893/21460/18947 23736/21496/18957 23704/21459/18823 23895/21448/18735
f 23972/21366/18652 23973/21499/18821 23979/21490/18824 24044/21367/18675
f 23763/21420/18949 23945/21421/18949 23944/21418/18754 23695/21419/18754
f 23765/21355/18825 24028/21387/18599 23922/21413/18811 23706/21405/18959
f 23973/21499/18821 23975/21494/18827 24045/21491/18800 23979/21490/18826
f 23681/21440/18804 23922/21413/18811 24028/21387/18599 23678/21437/18762
f 23900/21340/18901 23773/21341/18902 23708/21342/18809 23899/21343/18686
f 23971/21501/18960 23970/21424/18939 24018/21374/18584 23967/21359/18564
f 23879/21377/18595 23817/21378/18595 23690/21502/18596 23877/21498/18596
f 24029/21390/18601 23775/21372/18829 23706/21405/18961 23922/21413/18811
f 23970/21424/18939 23971/21501/18960 23969/21359/18642 24017/21374/18643
f 23695/21419/18754 24036/21422/18754 23994/21423/18949 23763/21420/18949
f 24024/21313/18830 23704/21459/18823 23736/21496/18957 23905/21393/18915
f 23971/21501/18960 23968/21357/18907 24016/21358/18644 23969/21359/18642
f 23733/21446/18831 23896/21417/18687 23899/21343/18686 23708/21342/18809
f 23797/21453/18833 23924/21439/18803 23923/21438/18763 23850/21458/18832
f 23968/21357/18907 23971/21501/18960 23967/21359/18564 24015/21358/18563
f 24005/21333/18908 23847/21332/18908 23823/21301/18889 23901/21305/18506
f 23817/21378/18595 24034/21338/18595 23934/21385/18596 23690/21502/18596
f 23965/21366/18572 23966/21499/18834 23991/21471/18766 24050/21324/18579
f 23877/21498/18596 23690/21502/18596 23674/21378/18609 23876/21377/18609
f 23865/21404/18698 23706/21405/18962 23775/21372/18835 23864/21373/18699
f 23966/21499/18834 23974/21494/18836 24047/21473/18765 23991/21471/18766
f 23948/21504/18837 23798/21503/18837 23735/21444/18776 23946/21434/18776
f 23886/21326/18531 23770/21407/18709 23753/21406/18660 23881/21329/18534
f 23974/21494/18839 23966/21499/18834 23977/21490/18838 24046/21491/18795
f 23708/21342/18809 24021/21408/18656 23894/21409/18657 23733/21446/18831
f 24032/21338/18609 23674/21378/18609 23690/21502/18596 23934/21385/18596
f 23966/21499/18834 23965/21366/18572 24043/21367/18573 23977/21490/18840
f 23716/21506/18842 24011/21433/18521 23960/21430/18518 23714/21505/18841
f 24038/21445/18776 23735/21444/18776 23798/21503/18837 23983/21484/18837
f 23714/21505/18841 23964/21508/18963 23963/21507/18843 23716/21506/18842
f 23946/21434/18776 23724/21435/18776 23715/21509/18837 23948/21504/18837
f 23710/21511/18964 23962/21288/18883 24041/21287/18671 23709/21510/18845
f 23964/21508/18963 23710/21511/18964 23709/21510/18845 23963/21507/18843
f 23707/21510/18847 24042/21287/18492 23962/21288/18883 23710/21511/18964
f 23670/21342/18547 24022/21408/18710 23898/21443/18942 23773/21341/18902
f 23710/21511/18964 23964/21508/18963 23961/21507/18848 23707/21510/18847
f 23850/21458/18851 24040/21462/18850 23957/21457/18849 23797/21453/18833
f 23714/21505/18841 23960/21430/18518 24013/21433/18536 23702/21506/18852
f 23964/21508/18963 23714/21505/18841 23702/21506/18852 23961/21507/18848
f 23700/21513/18854 24012/21451/18543 23956/21450/18544 23698/21512/18853
f 23896/21417/18687 23733/21446/18831 23685/21447/18734 23895/21448/18735
f 23698/21512/18853 23959/21515/18856 23958/21514/18855 23700/21513/18854
f 24020/21396/18614 23685/21447/18734 23733/21446/18831 23894/21409/18657
f 23694/21517/18858 23957/21457/18849 24040/21462/18850 23693/21516/18857
f 23959/21515/18856 23694/21517/18858 23693/21516/18857 23958/21514/18855
f 23709/21510/18860 24041/21287/18859 23957/21457/18849 23694/21517/18858
f 23724/21435/18776 24049/21436/18776 24000/21518/18837 23715/21509/18837
f 23694/21517/18858 23959/21515/18856 23963/21507/18861 23709/21510/18860
f 23876/21377/18609 23699/21452/18609 23792/21497/18596 23877/21498/18596
f 23698/21512/18853 23956/21450/18544 24011/21433/18590 23716/21506/18862
f 23959/21515/18856 23698/21512/18853 23716/21506/18862 23963/21507/18861
f 23686/21513/18864 24014/21451/18595 23952/21500/18596 23684/21519/18965
f 23924/21439/18803 23797/21453/18833 23750/21286/18865 23927/21294/18571
f 23684/21519/18965 23955/21520/18867 23954/21514/18866 23686/21513/18864
f 23797/21453/18833 23957/21457/18849 24041/21287/18859 23750/21286/18868
f 23680/21521/18870 23953/21489/18955 24039/21462/18791 23679/21516/18869
f 23955/21520/18867 23680/21521/18870 23679/21516/18869 23954/21514/18866
f 23693/21516/18871 24040/21462/18799 23953/21489/18955 23680/21521/18870
f 23948/21504/18837 23715/21509/18837 23712/21435/18789 23947/21434/18789
f 23680/21521/18870 23955/21520/18867 23958/21514/18872 23693/21516/18871
f 23715/21509/18837 24000/21518/18837 24052/21436/18789 23712/21435/18789
f 23684/21519/18965 23952/21500/18596 24012/21451/18609 23700/21513/18873
f 23955/21520/18867 23684/21519/18965 23700/21513/18873 23958/21514/18872
f 23702/21506/18875 24013/21433/18628 23949/21450/18589 23671/21512/18874
f 23699/21452/18609 24012/21451/18609 23952/21500/18596 23792/21497/18596
f 23671/21512/18874 23951/21515/18877 23961/21507/18876 23702/21506/18875
f 23880/21380/18629 23739/21449/18589 23816/21432/18628 23878/21402/18628
f 23673/21517/18879 23950/21457/18722 24042/21287/18723 23707/21510/18878
f 23951/21515/18877 23673/21517/18879 23707/21510/18878 23961/21507/18876
f 23679/21516/18880 24039/21462/18737 23950/21457/18722 23673/21517/18879
f 23895/21448/18735 23704/21459/18823 23732/21414/18680 23896/21417/18687
f 23673/21517/18879 23951/21515/18877 23954/21514/18881 23679/21516/18880
f 23704/21459/18823 24024/21313/18639 23909/21312/18635 23732/21414/18680
f 23671/21512/18874 23949/21450/18589 24014/21451/18588 23686/21513/18882
f 23951/21515/18877 23671/21512/18874 23686/21513/18882 23954/21514/18881
f 23711/21444/18789 24037/21445/18789 23983/21484/18837 23798/21503/18837
f 24034/21338/18588 23817/21378/18588 23738/21379/18589 23937/21339/18629
f 23798/21503/18837 23948/21504/18837 23947/21434/18789 23711/21444/18789
f 23925/21294/18499 23810/21389/18711 23846/21392/18603 23928/21295/18501
f 23656/21287/18671 23576/21288/18493 23447/21289/18884 23319/21286/18672
f 23289/21291/18886 23296/21292/18562 23498/21293/18576 23497/21290/18885
f 23319/21286/18570 23447/21289/18884 23542/21295/18501 23539/21294/18571
f 23331/21297/18651 23369/21298/18622 23517/21299/18623 23520/21296/18637
f 23437/21301/18549 23393/21302/18661 23473/21303/18661 23474/21300/18550
f 23620/21304/18661 23515/21305/18549 23369/21298/18622 23331/21297/18651
f 23520/21296/18637 23517/21299/18623 23335/21307/18632 23385/21306/18638
f 23640/21309/18702 23528/21310/18893 23388/21311/18894 23317/21308/18679
f 23516/21312/18635 23637/21313/18639 23385/21306/18638 23335/21307/18632
f 23423/21315/18631 23335/21307/18632 23517/21299/18623 23527/21314/18620
f 23386/21317/18898 23348/21318/18535 23645/21319/18536 23543/21316/18518
f 23459/21321/18523 23434/21322/18527 23546/21323/18526 23544/21320/18899
f 23371/21322/18524 23459/21321/18523 23544/21320/18899 23552/21323/18525
f 23665/21324/18665 23598/21325/18666 23459/21321/18523 23371/21322/18524
f 23640/21309/18636 23516/21312/18635 23335/21307/18632 23423/21315/18631
f 23311/21327/18615 23310/21328/18618 23495/21329/18617 23500/21326/18616
f 23552/21323/18525 23544/21320/18899 23386/21317/18898 23303/21318/18520
f 23543/21316/18518 23647/21319/18521 23303/21318/18520 23386/21317/18898
f 23432/21331/18537 23337/21332/18664 23617/21333/18664 23526/21330/18537
f 23404/21335/18685 23342/21336/18626 23547/21337/18921 23549/21334/18882
f 23646/21338/18588 23545/21339/18629 23342/21336/18626 23404/21335/18685
f 23387/21341/18902 23284/21342/18809 23511/21343/18686 23514/21340/18901
f 23361/21345/18506 23381/21346/18567 23621/21347/18567 23477/21344/18506
f 23418/21349/18553 23448/21350/18585 23624/21351/18586 23480/21348/18552
f 23527/21314/18620 23517/21299/18623 23369/21298/18622 23286/21352/18621
f 23375/21354/18558 23351/21355/18730 23485/21356/18611 23482/21353/18905
f 23289/21291/18886 23370/21292/18497 23629/21358/18644 23582/21357/18907
f 23581/21359/18642 23629/21358/18644 23370/21292/18497 23310/21328/18618
f 23333/21361/18565 23363/21362/18663 23621/21347/18664 23475/21360/18537
f 23358/21301/18506 23337/21332/18567 23468/21363/18567 23469/21300/18941
f 23515/21305/18549 23619/21333/18551 23286/21352/18621 23369/21298/18622
f 23549/21334/18882 23547/21337/18921 23372/21365/18967 23407/21364/18966
f 23541/21294/18499 23542/21295/18501 23447/21289/18884 23364/21286/18500
f 23579/21366/18652 23657/21367/18675 23407/21364/18966 23372/21365/18967
f 23345/21368/18909 23382/21369/18613 23496/21293/18498 23497/21290/18885
f 23434/21322/18968 23372/21365/18967 23547/21337/18921 23546/21323/18920
f 23664/21324/18653 23579/21366/18652 23372/21365/18967 23434/21322/18968
f 23365/21371/18911 23389/21372/18739 23478/21373/18738 23476/21370/18910
f 23310/21328/18618 23311/21327/18615 23632/21374/18643 23581/21359/18642
f 23462/21376/18969 23302/21297/18554 23618/21304/18555 23518/21375/18552
f 23546/21323/18920 23547/21337/18921 23342/21336/18626 23348/21318/18625
f 23431/21378/18543 23352/21379/18544 23494/21380/18726 23493/21377/18543
f 23545/21339/18629 23645/21319/18628 23348/21318/18625 23342/21336/18626
f 23357/21382/18912 23334/21306/18605 23524/21296/18619 23521/21381/18970
f 23457/21335/18609 23362/21383/18820 23550/21384/18596 23553/21334/18609
f 23648/21338/18609 23548/21385/18820 23362/21383/18820 23457/21335/18609
f 23375/21354/18558 23379/21355/18731 23642/21387/18678 23533/21386/18913
f 23553/21334/18609 23550/21384/18596 23426/21388/18820 23305/21364/18609
f 23643/21390/18641 23540/21391/18914 23460/21392/18603 23376/21389/18711
f 23357/21382/18912 23385/21306/18593 23637/21313/18700 23519/21393/18915
f 23592/21394/18607 23658/21367/18610 23305/21364/18609 23426/21388/18820
f 23426/21388/18820 23407/21364/18595 23657/21367/18608 23592/21394/18607
f 23418/21349/18553 23374/21350/18554 23481/21356/18560 23482/21353/18905
f 23362/21383/18820 23404/21335/18595 23549/21334/18595 23550/21384/18596
f 23345/21368/18909 23336/21369/18575 23634/21396/18658 23505/21395/18916
f 23501/21326/18531 23499/21329/18534 23446/21328/18533 23450/21327/18532
f 23462/21376/18969 23331/21297/18585 23520/21296/18594 23521/21381/18970
f 23378/21352/18556 23339/21298/18504 23525/21299/18505 23529/21314/18516
f 23303/21318/18587 23445/21336/18541 23554/21337/18972 23552/21323/18971
f 23647/21319/18590 23551/21339/18726 23445/21336/18541 23303/21318/18587
f 23617/21333/18567 23522/21305/18506 23339/21298/18504 23378/21352/18556
f 23310/21328/18618 23370/21292/18497 23496/21293/18498 23495/21329/18617
f 23466/21397/18552 23393/21302/18586 23620/21304/18586 23518/21375/18552
f 23529/21314/18516 23525/21299/18505 23391/21307/18509 23420/21315/18517
f 23551/21339/18726 23647/21319/18590 23465/21398/18590 23352/21379/18544
f 23552/21323/18971 23554/21337/18972 23341/21365/18974 23371/21322/18973
f 23523/21312/18514 23639/21309/18530 23420/21315/18517 23391/21307/18509
f 23334/21306/18508 23391/21307/18509 23525/21299/18505 23524/21296/18502
f 23408/21400/18552 23438/21401/18586 23473/21303/18586 23471/21399/18552
f 23638/21313/18515 23523/21312/18514 23391/21307/18509 23334/21306/18508
f 23365/21371/18911 23355/21372/18740 23644/21390/18601 23540/21391/18914
f 23352/21379/18544 23465/21398/18590 23492/21402/18590 23494/21380/18726
f 23583/21359/18564 23631/21374/18584 23450/21327/18532 23446/21328/18533
f 23446/21328/18533 23296/21292/18562 23630/21358/18563 23583/21359/18564
f 23373/21403/18694 23366/21362/18695 23623/21347/18551 23483/21344/18549
f 23340/21405/18818 23355/21372/18835 23484/21373/18699 23486/21404/18698
f 23404/21335/18595 23362/21383/18820 23548/21385/18820 23646/21338/18595
f 23550/21384/18596 23549/21334/18595 23407/21364/18595 23426/21388/18820
f 23524/21296/18502 23525/21299/18505 23339/21298/18504 23302/21297/18503
f 23586/21366/18572 23665/21324/18579 23371/21322/18973 23341/21365/18974
f 23429/21406/18660 23336/21369/18575 23498/21293/18576 23499/21329/18534
f 23390/21407/18709 23429/21406/18660 23499/21329/18534 23501/21326/18531
f 23635/21408/18710 23508/21409/18659 23429/21406/18660 23390/21407/18709
f 23633/21396/18614 23503/21409/18657 23367/21406/18654 23382/21369/18613
f 23522/21305/18506 23618/21304/18507 23302/21297/18503 23339/21298/18504
f 23403/21410/18565 23286/21352/18566 23619/21333/18538 23526/21330/18537
f 23434/21322/18527 23459/21321/18523 23598/21325/18529 23664/21324/18528
f 23544/21320/18899 23546/21323/18526 23348/21318/18535 23386/21317/18898
f 23405/21412/18975 23423/21315/18683 23527/21314/18688 23530/21411/18667
f 23364/21286/18491 23447/21289/18884 23576/21288/18493 23655/21287/18492
f 23305/21364/18568 23341/21365/18974 23554/21337/18972 23553/21334/18976
f 23658/21367/18573 23586/21366/18572 23341/21365/18974 23305/21364/18568
f 23340/21405/18818 23351/21355/18825 23641/21387/18599 23531/21413/18811
f 23639/21309/18530 23523/21312/18514 23346/21414/18718 23359/21308/18510
f 23439/21416/18936 23311/21327/18615 23500/21326/18616 23502/21415/18935
f 23405/21412/18975 23420/21315/18669 23639/21309/18696 23528/21310/18893
f 23553/21334/18976 23554/21337/18972 23445/21336/18541 23457/21335/18540
f 23359/21308/18510 23346/21414/18718 23510/21417/18712 23513/21343/18548
f 23403/21410/18565 23378/21352/18663 23529/21314/18670 23530/21411/18667
f 23551/21339/18726 23648/21338/18543 23457/21335/18540 23445/21336/18541
f 23414/21419/18754 23410/21420/18978 23555/21421/18977 23556/21418/18754
f 23373/21403/18694 23448/21350/18757 23485/21356/18756 23486/21404/18698
f 23649/21422/18754 23603/21423/18949 23410/21420/18978 23414/21419/18754
f 23439/21416/18936 23450/21327/18532 23631/21374/18584 23584/21424/18939
f 23477/21344/18506 23621/21347/18567 23363/21362/18646 23383/21403/18645
f 23530/21411/18667 23529/21314/18670 23420/21315/18669 23405/21412/18975
f 23423/21315/18683 23405/21412/18975 23528/21310/18893 23640/21309/18684
f 23530/21411/18667 23527/21314/18688 23286/21352/18566 23403/21410/18565
f 23556/21418/18754 23555/21421/18977 23455/21426/18977 23417/21425/18754
f 23394/21427/18940 23390/21407/18709 23501/21326/18531 23502/21415/18935
f 23383/21403/18645 23363/21362/18646 23478/21373/18650 23479/21404/18647
f 23615/21428/18977 23662/21429/18754 23417/21425/18754 23455/21426/18977
f 23331/21297/18585 23462/21376/18969 23518/21375/18552 23620/21304/18586
f 23521/21381/18970 23520/21296/18594 23385/21306/18593 23357/21382/18912
f 23334/21306/18605 23357/21382/18912 23519/21393/18915 23638/21313/18606
f 23521/21381/18970 23524/21296/18619 23302/21297/18554 23462/21376/18969
f 23291/21431/18518 23327/21432/18536 23625/21433/18536 23574/21430/18518
f 23338/21435/18744 23455/21426/18977 23555/21421/18977 23560/21434/18744
f 23663/21436/18744 23615/21428/18977 23455/21426/18977 23338/21435/18744
f 23526/21330/18537 23617/21333/18664 23378/21352/18663 23403/21410/18565
f 23514/21340/18901 23511/21343/18686 23317/21308/18679 23388/21311/18894
f 23359/21308/18510 23388/21311/18894 23528/21310/18893 23639/21309/18511
f 23624/21351/18661 23483/21344/18549 23441/21345/18549 23438/21401/18661
f 23534/21438/18763 23532/21439/18803 23427/21440/18804 23297/21437/18762
f 23283/21442/18707 23301/21398/18536 23488/21402/18536 23487/21441/18518
f 23513/21343/18548 23514/21340/18901 23388/21311/18894 23359/21308/18510
f 23394/21427/18940 23384/21407/18655 23636/21408/18656 23512/21443/18942
f 23560/21434/18744 23555/21421/18977 23410/21420/18978 23349/21444/18744
f 23438/21401/18661 23441/21345/18549 23474/21300/18550 23473/21303/18661
f 23531/21413/18811 23641/21387/18599 23297/21437/18762 23427/21440/18804
f 23424/21389/18600 23427/21440/18804 23532/21439/18803 23539/21294/18571
f 23603/21423/18949 23652/21445/18744 23349/21444/18744 23410/21420/18978
f 23463/21446/18831 23368/21447/18734 23506/21448/18735 23504/21417/18687
f 23644/21390/18601 23531/21413/18811 23427/21440/18804 23424/21389/18600
f 23563/21450/18726 23628/21451/18543 23343/21452/18543 23353/21449/18726
f 23503/21409/18657 23633/21396/18614 23368/21447/18734 23463/21446/18831
f 23502/21415/18935 23500/21326/18616 23384/21407/18655 23394/21427/18940
f 23390/21407/18709 23394/21427/18940 23512/21443/18942 23635/21408/18710
f 23502/21415/18935 23501/21326/18531 23450/21327/18532 23439/21416/18936
f 23311/21327/18615 23439/21416/18936 23584/21424/18939 23632/21374/18643
f 23283/21442/18707 23465/21398/18521 23647/21319/18521 23543/21316/18518
f 23336/21369/18575 23429/21406/18660 23508/21409/18659 23634/21396/18658
f 23499/21329/18534 23498/21293/18576 23296/21292/18562 23446/21328/18533
f 23539/21294/18571 23532/21439/18803 23422/21453/18833 23319/21286/18865
f 23497/21290/18885 23498/21293/18576 23336/21369/18575 23345/21368/18909
f 23382/21369/18613 23345/21368/18909 23505/21395/18916 23633/21396/18614
f 23497/21290/18885 23496/21293/18498 23370/21292/18497 23289/21291/18886
f 23296/21292/18562 23289/21291/18886 23582/21357/18907 23630/21358/18563
f 23284/21342/18809 23463/21446/18831 23504/21417/18687 23511/21343/18686
f 23291/21431/18518 23430/21432/18521 23492/21402/18521 23487/21441/18518
f 23353/21449/18726 23343/21452/18543 23493/21377/18543 23494/21380/18726
f 23636/21408/18656 23503/21409/18657 23463/21446/18831 23284/21342/18809
f 23382/21369/18613 23367/21406/18654 23495/21329/18617 23496/21293/18498
f 23511/21343/18686 23504/21417/18687 23344/21414/18680 23317/21308/18679
f 23503/21409/18657 23636/21408/18656 23384/21407/18655 23367/21406/18654
f 23516/21312/18635 23640/21309/18636 23317/21308/18679 23344/21414/18680
f 23309/21419/18741 23416/21454/18720 23557/21455/18720 23558/21418/18741
f 23650/21422/18741 23600/21456/18720 23416/21454/18720 23309/21419/18741
f 23564/21457/18849 23656/21287/18859 23319/21286/18868 23422/21453/18833
f 23354/21458/18832 23422/21453/18833 23532/21439/18803 23534/21438/18763
f 23415/21449/18629 23313/21452/18588 23626/21451/18588 23570/21450/18589
f 23306/21459/18823 23344/21414/18680 23504/21417/18687 23506/21448/18735
f 23344/21414/18680 23306/21459/18823 23637/21313/18639 23516/21312/18635
f 23489/21380/18589 23490/21377/18588 23313/21452/18588 23415/21449/18629
f 23430/21432/18521 23291/21431/18518 23574/21430/18518 23627/21433/18521
f 23487/21441/18518 23492/21402/18521 23465/21398/18521 23283/21442/18707
f 23301/21398/18536 23283/21442/18707 23543/21316/18518 23645/21319/18536
f 23487/21441/18518 23488/21402/18536 23327/21432/18536 23291/21431/18518
f 23448/21350/18757 23373/21403/18694 23483/21344/18549 23624/21351/18661
f 23486/21404/18698 23485/21356/18756 23351/21355/18819 23340/21405/18818
f 23355/21372/18829 23340/21405/18818 23531/21413/18811 23644/21390/18601
f 23486/21404/18698 23484/21373/18699 23366/21362/18695 23373/21403/18694
f 23374/21350/18554 23418/21349/18553 23480/21348/18552 23622/21351/18555
f 23482/21353/18905 23481/21356/18560 23379/21355/18559 23375/21354/18558
f 23351/21355/18598 23375/21354/18558 23533/21386/18913 23641/21387/18599
f 23482/21353/18905 23485/21356/18611 23448/21350/18585 23418/21349/18553
f 23360/21379/18629 23288/21378/18588 23490/21377/18588 23489/21380/18589
f 23545/21339/18629 23646/21338/18588 23288/21378/18588 23360/21379/18629
f 23376/21389/18711 23460/21392/18603 23542/21295/18501 23541/21294/18499
f 23332/21461/18948 23299/21447/18714 23509/21448/18715 23507/21460/18947
f 23653/21462/18850 23564/21457/18849 23422/21453/18833 23354/21458/18851
f 23476/21370/18910 23484/21373/18583 23355/21372/18582 23365/21371/18911
f 23389/21372/18640 23365/21371/18911 23540/21391/18914 23643/21390/18641
f 23476/21370/18910 23478/21373/18738 23363/21362/18663 23333/21361/18565
f 23393/21302/18661 23437/21301/18549 23515/21305/18549 23620/21304/18661
f 23505/21395/18916 23634/21396/18658 23299/21447/18714 23332/21461/18948
f 23301/21398/18628 23360/21379/18629 23489/21380/18589 23488/21402/18628
f 23360/21379/18629 23301/21398/18628 23645/21319/18628 23545/21339/18629
f 23558/21418/18741 23557/21455/18720 23419/21463/18720 23380/21425/18741
f 23540/21391/18914 23644/21390/18601 23424/21389/18600 23460/21392/18603
f 23438/21401/18586 23408/21400/18552 23480/21348/18552 23624/21351/18586
f 23471/21399/18552 23473/21303/18586 23393/21302/18586 23466/21397/18552
f 23337/21332/18567 23358/21301/18506 23522/21305/18506 23617/21333/18567
f 23469/21300/18941 23468/21363/18567 23381/21346/18567 23361/21345/18506
f 23290/21401/18507 23361/21345/18506 23477/21344/18506 23622/21351/18507
f 23368/21447/18734 23332/21461/18948 23507/21460/18947 23506/21448/18735
f 23616/21464/18720 23667/21429/18741 23380/21425/18741 23419/21463/18720
f 23417/21425/18719 23419/21463/18720 23557/21455/18720 23556/21418/18719
f 23419/21463/18720 23417/21425/18719 23662/21429/18719 23616/21464/18720
f 23467/21465/18979 23468/21363/18664 23337/21332/18664 23432/21331/18537
f 23608/21423/18980 23651/21445/18701 23458/21467/18770 23456/21466/18755
f 23290/21401/18555 23408/21400/18552 23471/21399/18552 23470/21303/18555
f 23611/21468/18769 23612/21469/18759 23456/21466/18755 23458/21467/18770
f 23416/21454/18720 23414/21419/18719 23556/21418/18719 23557/21455/18720
f 23665/21324/18579 23610/21471/18766 23452/21472/18767 23451/21470/18768
f 23451/21470/18768 23452/21472/18767 23612/21469/18759 23611/21468/18769
f 23610/21471/18766 23668/21473/18765 23449/21474/18764 23452/21472/18767
f 23333/21361/18565 23366/21362/18566 23484/21373/18583 23476/21370/18910
f 23609/21475/18758 23612/21469/18759 23452/21472/18767 23449/21474/18764
f 23475/21360/18537 23623/21347/18538 23366/21362/18566 23333/21361/18565
f 23650/21422/18689 23608/21423/18980 23456/21466/18755 23444/21476/18689
f 23444/21476/18689 23456/21466/18755 23612/21469/18759 23609/21475/18758
f 23603/21423/18949 23649/21422/18754 23442/21476/18754 23440/21466/18742
f 23374/21350/18691 23383/21403/18645 23479/21404/18647 23481/21356/18692
f 23606/21475/18753 23607/21469/18747 23440/21466/18742 23442/21476/18754
f 23356/21478/18950 23292/21437/18703 23537/21438/18704 23535/21477/18760
f 23661/21473/18751 23605/21471/18749 23436/21472/18750 23435/21474/18752
f 23435/21474/18752 23436/21472/18750 23607/21469/18747 23606/21475/18753
f 23605/21471/18749 23664/21324/18653 23433/21470/18748 23436/21472/18750
f 23408/21400/18552 23290/21401/18555 23622/21351/18555 23480/21348/18552
f 23604/21468/18746 23607/21469/18747 23436/21472/18750 23433/21470/18748
f 23600/21456/18720 23649/21422/18719 23414/21419/18719 23416/21454/18720
f 23652/21445/18744 23603/21423/18949 23440/21466/18742 23428/21467/18745
f 23428/21467/18745 23440/21466/18742 23607/21469/18747 23604/21468/18746
f 23600/21456/18720 23650/21422/18741 23444/21476/18741 23425/21479/18721
f 23533/21386/18913 23642/21387/18678 23292/21437/18703 23356/21478/18950
f 23609/21475/18741 23602/21480/18720 23425/21479/18721 23444/21476/18741
f 23297/21437/18762 23356/21478/18950 23535/21477/18760 23534/21438/18763
f 23668/21473/18773 23601/21481/18951 23421/21482/18720 23449/21474/18741
f 23449/21474/18741 23421/21482/18720 23602/21480/18720 23609/21475/18741
f 23601/21481/18951 23661/21473/18771 23435/21474/18719 23421/21482/18720
f 23325/21444/18701 23377/21420/18980 23559/21421/18980 23561/21434/18701
f 23606/21475/18719 23602/21480/18720 23421/21482/18720 23435/21474/18719
f 23651/21445/18701 23608/21423/18980 23377/21420/18980 23325/21444/18701
f 23649/21422/18719 23600/21456/18720 23425/21479/18721 23442/21476/18719
f 23442/21476/18719 23425/21479/18721 23602/21480/18720 23606/21475/18719
f 23597/21484/18775 23652/21445/18789 23428/21467/18788 23413/21483/18981
f 23483/21344/18549 23623/21347/18551 23443/21346/18551 23441/21345/18549
f 23604/21468/18785 23599/21485/18952 23413/21483/18981 23428/21467/18788
f 23561/21434/18701 23559/21421/18980 23392/21426/18982 23326/21435/18701
f 23664/21324/18528 23598/21325/18783 23409/21486/18953 23433/21470/18784
f 23433/21470/18784 23409/21486/18953 23599/21485/18952 23604/21468/18785
f 23598/21325/18781 23665/21324/18665 23451/21470/18780 23409/21486/18953
f 23356/21478/18950 23297/21437/18762 23641/21387/18599 23533/21386/18913
f 23611/21468/18778 23599/21485/18952 23409/21486/18953 23451/21470/18780
f 23315/21487/18954 23354/21458/18793 23534/21438/18763 23535/21477/18760
f 23651/21445/18776 23597/21484/18775 23413/21483/18981 23458/21467/18777
f 23458/21467/18777 23413/21483/18981 23599/21485/18952 23611/21468/18778
f 23453/21488/18537 23381/21346/18664 23468/21363/18664 23467/21465/18979
f 23475/21360/18537 23621/21347/18664 23381/21346/18664 23453/21488/18537
f 23443/21346/18538 23453/21488/18537 23467/21465/18979 23472/21363/18538
f 23567/21489/18790 23653/21462/18799 23354/21458/18798 23315/21487/18954
f 23453/21488/18537 23443/21346/18538 23623/21347/18538 23475/21360/18537
f 23464/21458/18787 23315/21487/18954 23535/21477/18760 23537/21438/18704
f 23432/21331/18537 23461/21332/18538 23472/21363/18538 23467/21465/18979
f 23526/21330/18537 23619/21333/18538 23461/21332/18538 23432/21331/18537
f 23454/21302/18507 23358/21301/18506 23469/21300/18941 23470/21303/18507
f 23332/21461/18948 23368/21447/18734 23633/21396/18614 23505/21395/18916
f 23358/21301/18506 23454/21302/18507 23618/21304/18507 23522/21305/18506
f 23470/21303/18507 23469/21300/18941 23361/21345/18506 23290/21401/18507
f 23441/21345/18549 23443/21346/18551 23472/21363/18551 23474/21300/18550
f 23383/21403/18645 23374/21350/18691 23622/21351/18507 23477/21344/18506
f 23660/21491/18800 23594/21492/18802 23595/21493/18797 23591/21490/18801
f 23613/21428/18982 23666/21436/18701 23326/21435/18701 23392/21426/18982
f 23315/21487/18954 23464/21458/18792 23654/21462/18791 23567/21489/18790
f 23593/21490/18794 23595/21493/18797 23594/21492/18796 23659/21491/18795
f 23541/21294/18499 23538/21439/18705 23295/21440/18706 23376/21389/18711
f 23466/21397/18552 23454/21302/18555 23470/21303/18555 23471/21399/18552
f 23658/21367/18610 23592/21394/18607 23595/21493/18797 23593/21490/18806
f 23518/21375/18552 23618/21304/18555 23454/21302/18555 23466/21397/18552
f 23380/21425/18689 23392/21426/18982 23559/21421/18980 23558/21418/18689
f 23591/21490/18805 23595/21493/18797 23592/21394/18607 23657/21367/18608
f 23667/21429/18689 23613/21428/18982 23392/21426/18982 23380/21425/18689
f 23415/21449/18629 23327/21432/18628 23488/21402/18628 23489/21380/18589
f 23661/21473/18771 23601/21481/18951 23590/21495/18956 23588/21494/18810
f 23570/21450/18589 23625/21433/18628 23327/21432/18628 23415/21449/18629
f 23635/21408/18710 23512/21443/18942 23387/21341/18902 23322/21342/18547
f 23589/21494/18807 23590/21495/18956 23601/21481/18951 23668/21473/18773
f 23536/21413/18676 23643/21390/18641 23376/21389/18711 23295/21440/18706
f 23350/21496/18957 23306/21459/18823 23506/21448/18735 23507/21460/18947
f 23659/21491/18795 23594/21492/18817 23590/21495/18956 23589/21494/18816
f 23519/21393/18915 23637/21313/18830 23306/21459/18823 23350/21496/18957
f 23353/21449/18726 23430/21432/18590 23627/21433/18590 23563/21450/18726
f 23588/21494/18813 23590/21495/18956 23594/21492/18814 23660/21491/18800
f 23320/21405/18648 23379/21355/18728 23481/21356/18692 23479/21404/18647
f 23343/21452/18609 23406/21497/18820 23491/21498/18820 23493/21377/18609
f 23610/21471/18766 23587/21499/18834 23589/21494/18836 23668/21473/18765
f 23292/21437/18703 23295/21440/18706 23538/21439/18705 23537/21438/18704
f 23461/21332/18551 23437/21301/18549 23474/21300/18550 23472/21363/18551
f 23665/21324/18579 23586/21366/18572 23587/21499/18834 23610/21471/18766
f 23406/21497/18820 23343/21452/18609 23628/21451/18609 23566/21500/18820
f 23318/21459/18727 23350/21496/18957 23507/21460/18947 23509/21448/18715
f 23593/21490/18840 23587/21499/18834 23586/21366/18572 23658/21367/18573
f 23558/21418/18689 23559/21421/18980 23377/21420/18980 23309/21419/18689
f 23536/21413/18676 23642/21387/18678 23379/21355/18677 23320/21405/18648
f 23659/21491/18795 23589/21494/18839 23587/21499/18834 23593/21490/18838
f 23642/21387/18678 23536/21413/18676 23295/21440/18706 23292/21437/18703
f 23322/21342/18547 23387/21341/18902 23514/21340/18901 23513/21343/18548
f 23632/21374/18643 23584/21424/18939 23585/21501/18960 23581/21359/18642
f 23304/21502/18820 23431/21378/18609 23493/21377/18609 23491/21498/18820
f 23320/21405/18648 23389/21372/18729 23643/21390/18641 23536/21413/18676
f 23583/21359/18564 23585/21501/18960 23584/21424/18939 23631/21374/18584
f 23608/21423/18980 23650/21422/18689 23309/21419/18689 23377/21420/18980
f 23350/21496/18957 23318/21459/18727 23638/21313/18815 23519/21393/18915
f 23630/21358/18563 23582/21357/18907 23585/21501/18960 23583/21359/18564
f 23513/21343/18548 23510/21417/18712 23347/21446/18713 23322/21342/18547
f 23537/21438/18704 23538/21439/18705 23411/21453/18717 23464/21458/18725
f 23581/21359/18642 23585/21501/18960 23582/21357/18907 23629/21358/18644
f 23437/21301/18549 23461/21332/18551 23619/21333/18551 23515/21305/18549
f 23548/21385/18820 23648/21338/18609 23431/21378/18609 23304/21502/18820
f 23605/21471/18749 23580/21499/18821 23579/21366/18652 23664/21324/18653
f 23288/21378/18595 23304/21502/18820 23491/21498/18820 23490/21377/18595
f 23389/21372/18649 23320/21405/18648 23479/21404/18647 23478/21373/18650
f 23661/21473/18751 23588/21494/18822 23580/21499/18821 23605/21471/18749
f 23349/21444/18789 23412/21503/18837 23562/21504/18837 23560/21434/18789
f 23367/21406/18654 23384/21407/18655 23500/21326/18616 23495/21329/18617
f 23591/21490/18826 23580/21499/18821 23588/21494/18827 23660/21491/18800
f 23508/21409/18659 23635/21408/18710 23322/21342/18547 23347/21446/18713
f 23304/21502/18820 23288/21378/18595 23646/21338/18595 23548/21385/18820
f 23657/21367/18675 23579/21366/18652 23580/21499/18821 23591/21490/18824
f 23574/21430/18518 23625/21433/18536 23330/21506/18852 23328/21505/18983
f 23412/21503/18837 23349/21444/18789 23652/21445/18789 23597/21484/18775
f 23577/21507/18848 23578/21508/18844 23328/21505/18983 23330/21506/18852
f 23329/21509/18837 23338/21435/18789 23560/21434/18789 23562/21504/18837
f 23655/21287/18492 23576/21288/18493 23324/21511/18846 23323/21510/18847
f 23323/21510/18847 23324/21511/18846 23578/21508/18844 23577/21507/18848
f 23576/21288/18493 23656/21287/18671 23321/21510/18845 23324/21511/18846
f 23512/21443/18942 23636/21408/18656 23284/21342/18809 23387/21341/18902
f 23575/21507/18843 23578/21508/18844 23324/21511/18846 23321/21510/18845
f 23571/21457/18722 23654/21462/18737 23464/21458/18736 23411/21453/18717
f 23627/21433/18521 23574/21430/18518 23328/21505/18983 23316/21506/18842
f 23316/21506/18842 23328/21505/18983 23578/21508/18844 23575/21507/18843
f 23570/21450/18589 23626/21451/18588 23314/21513/18882 23312/21512/18874
f 23299/21447/18714 23347/21446/18713 23510/21417/18712 23509/21448/18715
f 23572/21514/18881 23573/21515/18877 23312/21512/18874 23314/21513/18882
f 23347/21446/18713 23299/21447/18714 23634/21396/18658 23508/21409/18659
f 23654/21462/18737 23571/21457/18722 23308/21517/18879 23307/21516/18880
f 23307/21516/18880 23308/21517/18879 23573/21515/18877 23572/21514/18881
f 23571/21457/18722 23655/21287/18723 23323/21510/18878 23308/21517/18879
f 23614/21518/18837 23663/21436/18789 23338/21435/18789 23329/21509/18837
f 23577/21507/18876 23573/21515/18877 23308/21517/18879 23323/21510/18878
f 23406/21497/18820 23313/21452/18595 23490/21377/18595 23491/21498/18820
f 23625/21433/18628 23570/21450/18589 23312/21512/18874 23330/21506/18875
f 23330/21506/18875 23312/21512/18874 23573/21515/18877 23577/21507/18876
f 23566/21500/18820 23628/21451/18609 23300/21513/18873 23298/21519/18965
f 23364/21286/18716 23411/21453/18717 23538/21439/18705 23541/21294/18499
f 23568/21514/18872 23569/21520/18867 23298/21519/18965 23300/21513/18873
f 23655/21287/18723 23571/21457/18722 23411/21453/18717 23364/21286/18724
f 23653/21462/18799 23567/21489/18790 23294/21521/18984 23293/21516/18871
f 23293/21516/18871 23294/21521/18984 23569/21520/18867 23568/21514/18872
f 23567/21489/18790 23654/21462/18791 23307/21516/18869 23294/21521/18984
f 23326/21435/18776 23329/21509/18837 23562/21504/18837 23561/21434/18776
f 23572/21514/18866 23569/21520/18867 23294/21521/18984 23307/21516/18869
f 23666/21436/18776 23614/21518/18837 23329/21509/18837 23326/21435/18776
f 23626/21451/18595 23566/21500/18820 23298/21519/18965 23314/21513/18864
f 23314/21513/18864 23298/21519/18965 23569/21520/18867 23572/21514/18866
f 23563/21450/18726 23627/21433/18590 23316/21506/18862 23285/21512/18853
f 23566/21500/18820 23626/21451/18595 23313/21452/18595 23406/21497/18820
f 23575/21507/18861 23565/21515/18856 23285/21512/18853 23316/21506/18862
f 23430/21432/18590 23353/21449/18726 23494/21380/18726 23492/21402/18590
f 23656/21287/18859 23564/21457/18849 23287/21517/18858 23321/21510/18860
f 23321/21510/18860 23287/21517/18858 23565/21515/18856 23575/21507/18861
f 23564/21457/18849 23653/21462/18850 23293/21516/18857 23287/21517/18858
f 23346/21414/18718 23318/21459/18727 23509/21448/18715 23510/21417/18712
f 23568/21514/18855 23565/21515/18856 23287/21517/18858 23293/21516/18857
f 23523/21312/18514 23638/21313/18515 23318/21459/18727 23346/21414/18718
f 23628/21451/18543 23563/21450/18726 23285/21512/18853 23300/21513/18539
f 23300/21513/18539 23285/21512/18853 23565/21515/18856 23568/21514/18855
f 23597/21484/18775 23651/21445/18776 23325/21444/18776 23412/21503/18837
f 23352/21379/18544 23431/21378/18543 23648/21338/18543 23551/21339/18726
f 23561/21434/18776 23562/21504/18837 23412/21503/18837 23325/21444/18776
f 23460/21392/18603 23424/21389/18600 23539/21294/18571 23542/21295/18501
f 23270/21287/18671 23190/21288/18493 23061/21289/18494 22933/21286/18672
f 22903/21291/18496 22910/21292/18562 23112/21293/18576 23111/21290/18495
f 22933/21286/18570 23061/21289/18494 23156/21295/18985 23153/21294/18571
f 22945/21297/18987 22983/21298/18986 23131/21299/18623 23134/21296/18637
f 23051/21301/18549 23007/21302/18931 23087/21303/18931 23088/21300/18549
f 23234/21304/18931 23129/21305/18549 22983/21298/18986 22945/21297/18987
f 23134/21296/18637 23131/21299/18623 22949/21307/18989 22999/21306/18988
f 23254/21309/18702 23142/21310/18512 23002/21311/18513 22931/21308/18679
f 23130/21312/18635 23251/21313/18639 22999/21306/18988 22949/21307/18989
f 23037/21315/18990 22949/21307/18989 23131/21299/18623 23141/21314/18620
f 23000/21317/18519 22962/21318/18535 23259/21319/18536 23157/21316/18707
f 23073/21321/18991 23048/21322/18527 23160/21323/18526 23158/21320/18522
f 22985/21322/18524 23073/21321/18991 23158/21320/18522 23166/21323/18525
f 23279/21324/18665 23212/21325/18666 23073/21321/18991 22985/21322/18524
f 23254/21309/18636 23130/21312/18635 22949/21307/18989 23037/21315/18990
f 22925/21327/18615 22924/21328/18618 23109/21329/18617 23114/21326/18616
f 23166/21323/18525 23158/21320/18522 23000/21317/18519 22917/21318/18520
f 23157/21316/18707 23261/21319/18521 22917/21318/18520 23000/21317/18519
f 23046/21331/18979 22951/21332/18664 23231/21333/18664 23140/21330/18979
f 23018/21335/18685 22956/21336/18626 23161/21337/18921 23163/21334/18882
f 23260/21338/18588 23159/21339/18589 22956/21336/18626 23018/21335/18685
f 23001/21341/18546 22898/21342/18809 23125/21343/18686 23128/21340/18545
f 22975/21345/18941 22995/21346/18908 23235/21347/18908 23091/21344/18506
f 23032/21349/18969 23062/21350/18585 23238/21351/18586 23094/21348/18630
f 23141/21314/18620 23131/21299/18623 22983/21298/18986 22900/21352/18992
f 22989/21354/18558 22965/21355/18730 23099/21356/18611 23096/21353/18557
f 22903/21291/18496 22984/21292/18497 23243/21358/18644 23196/21357/18561
f 23195/21359/18642 23243/21358/18644 22984/21292/18497 22924/21328/18618
f 22947/21361/18662 22977/21362/18663 23235/21347/18664 23089/21360/18979
f 22972/21301/18506 22951/21332/18908 23082/21363/18908 23083/21300/18506
f 23129/21305/18549 23233/21333/18903 22900/21352/18992 22983/21298/18986
f 23163/21334/18882 23161/21337/18921 22986/21365/18967 23021/21364/18966
f 23155/21294/18499 23156/21295/18985 23061/21289/18494 22978/21286/18500
f 23193/21366/18652 23271/21367/18675 23021/21364/18966 22986/21365/18967
f 22959/21368/18574 22996/21369/18613 23110/21293/18498 23111/21290/18495
f 23048/21322/18968 22986/21365/18967 23161/21337/18921 23160/21323/18920
f 23278/21324/18653 23193/21366/18652 22986/21365/18967 23048/21322/18968
f 22979/21371/18581 23003/21372/18739 23092/21373/18738 23090/21370/18580
f 22924/21328/18618 22925/21327/18615 23246/21374/18643 23195/21359/18642
f 23076/21376/18969 22916/21297/18554 23232/21304/18555 23132/21375/18630
f 23160/21323/18920 23161/21337/18921 22956/21336/18626 22962/21318/18625
f 23045/21378/18543 22966/21379/18544 23108/21380/18993 23107/21377/18543
f 23159/21339/18589 23259/21319/18628 22962/21318/18625 22956/21336/18626
f 22971/21382/18912 22948/21306/18605 23138/21296/18619 23135/21381/18970
f 23071/21335/18609 22976/21383/18820 23164/21384/18820 23167/21334/18609
f 23262/21338/18609 23162/21385/18820 22976/21383/18820 23071/21335/18609
f 22989/21354/18558 22993/21355/18731 23256/21387/18678 23147/21386/18597
f 23167/21334/18609 23164/21384/18820 23040/21388/18820 22919/21364/18609
f 23257/21390/18641 23154/21391/18602 23074/21392/18994 22990/21389/18711
f 22971/21382/18912 22999/21306/18593 23251/21313/18700 23133/21393/18604
f 23206/21394/18995 23272/21367/18610 22919/21364/18609 23040/21388/18820
f 23040/21388/18820 23021/21364/18595 23271/21367/18608 23206/21394/18995
f 23032/21349/18969 22988/21350/18554 23095/21356/18560 23096/21353/18557
f 22976/21383/18820 23018/21335/18595 23163/21334/18595 23164/21384/18820
f 22959/21368/18574 22950/21369/18575 23248/21396/18658 23119/21395/18612
f 23115/21326/18531 23113/21329/18534 23060/21328/18533 23064/21327/18532
f 23076/21376/18969 22945/21297/18585 23134/21296/18594 23135/21381/18970
f 22992/21352/18998 22953/21298/18504 23139/21299/18997 23143/21314/18996
f 22917/21318/18587 23059/21336/18541 23168/21337/18542 23166/21323/18577
f 23261/21319/18590 23165/21339/18544 23059/21336/18541 22917/21318/18587
f 23231/21333/18908 23136/21305/18506 22953/21298/18504 22992/21352/18998
f 22924/21328/18618 22984/21292/18497 23110/21293/18498 23109/21329/18617
f 23080/21397/18630 23007/21302/18586 23234/21304/18586 23132/21375/18630
f 23143/21314/18996 23139/21299/18997 23005/21307/18509 23034/21315/18517
f 23165/21339/18544 23261/21319/18590 23079/21398/18590 22966/21379/18544
f 23166/21323/18577 23168/21337/18542 22955/21365/18569 22985/21322/18578
f 23137/21312/18999 23253/21309/18530 23034/21315/18517 23005/21307/18509
f 22948/21306/18508 23005/21307/18509 23139/21299/18997 23138/21296/19000
f 23022/21400/18630 23052/21401/18586 23087/21303/18586 23085/21399/18630
f 23252/21313/18515 23137/21312/18999 23005/21307/18509 22948/21306/18508
f 22979/21371/18581 22969/21372/19002 23258/21390/19001 23154/21391/18602
f 22966/21379/18544 23079/21398/18590 23106/21402/18590 23108/21380/18993
f 23197/21359/18564 23245/21374/18584 23064/21327/18532 23060/21328/18533
f 23060/21328/18533 22910/21292/18562 23244/21358/18563 23197/21359/18564
f 22987/21403/18694 22980/21362/18695 23237/21347/18903 23097/21344/18549
f 22954/21405/19006 22969/21372/19005 23098/21373/19004 23100/21404/19003
f 23018/21335/18595 22976/21383/18820 23162/21385/18820 23260/21338/18595
f 23164/21384/18820 23163/21334/18595 23021/21364/18595 23040/21388/18820
f 23138/21296/19000 23139/21299/18997 22953/21298/18504 22916/21297/19007
f 23200/21366/18572 23279/21324/18579 22985/21322/18578 22955/21365/18569
f 23043/21406/19008 22950/21369/18575 23112/21293/18576 23113/21329/18534
f 23004/21407/18709 23043/21406/19008 23113/21329/18534 23115/21326/18531
f 23249/21408/18710 23122/21409/18659 23043/21406/19008 23004/21407/18709
f 23247/21396/18614 23117/21409/18657 22981/21406/18654 22996/21369/18613
f 23136/21305/18506 23232/21304/18890 22916/21297/19007 22953/21298/18504
f 23017/21410/18662 22900/21352/18566 23233/21333/18538 23140/21330/18979
f 23048/21322/18527 23073/21321/18991 23212/21325/18529 23278/21324/18528
f 23158/21320/18522 23160/21323/18526 22962/21318/18535 23000/21317/18519
f 23019/21412/18668 23037/21315/18683 23141/21314/18688 23144/21411/19009
f 22978/21286/18491 23061/21289/18494 23190/21288/18493 23269/21287/18492
f 22919/21364/18568 22955/21365/18569 23168/21337/18542 23167/21334/18539
f 23272/21367/18573 23200/21366/18572 22955/21365/18569 22919/21364/18568
f 22954/21405/19012 22965/21355/18825 23255/21387/19011 23145/21413/19010
f 23253/21309/18530 23137/21312/18999 22960/21414/18718 22973/21308/18510
f 23053/21416/18682 22925/21327/18615 23114/21326/18616 23116/21415/18681
f 23019/21412/18668 23034/21315/18669 23253/21309/18696 23142/21310/18512
f 23167/21334/18539 23168/21337/18542 23059/21336/18541 23071/21335/18540
f 22973/21308/18510 22960/21414/18718 23124/21417/18712 23127/21343/18548
f 23017/21410/18662 22992/21352/18663 23143/21314/18670 23144/21411/19009
f 23165/21339/18544 23262/21338/18543 23071/21335/18540 23059/21336/18541
f 23028/21419/19013 23024/21420/18978 23169/21421/18978 23170/21418/19013
f 22987/21403/18694 23062/21350/18757 23099/21356/19014 23100/21404/19003
f 23263/21422/19013 23217/21423/18977 23024/21420/18978 23028/21419/19013
f 23053/21416/18682 23064/21327/18532 23245/21374/18584 23198/21424/18693
f 23091/21344/18506 23235/21347/18908 22977/21362/18646 22997/21403/18645
f 23144/21411/19009 23143/21314/18670 23034/21315/18669 23019/21412/18668
f 23037/21315/18683 23019/21412/18668 23142/21310/18512 23254/21309/18684
f 23144/21411/19009 23141/21314/18688 22900/21352/18566 23017/21410/18662
f 23170/21418/19013 23169/21421/18978 23069/21426/18978 23031/21425/19013
f 23008/21427/18697 23004/21407/18709 23115/21326/18531 23116/21415/18681
f 22997/21403/18645 22977/21362/18646 23092/21373/18650 23093/21404/18647
f 23229/21428/18978 23276/21429/19013 23031/21425/19013 23069/21426/18978
f 22945/21297/18585 23076/21376/18969 23132/21375/18630 23234/21304/18586
f 23135/21381/18970 23134/21296/18594 22999/21306/18593 22971/21382/18912
f 22948/21306/18605 22971/21382/18912 23133/21393/18604 23252/21313/18606
f 23135/21381/18970 23138/21296/18619 22916/21297/18554 23076/21376/18969
f 22905/21431/18707 22941/21432/18536 23239/21433/18536 23188/21430/18707
f 22952/21435/18744 23069/21426/18978 23169/21421/18978 23174/21434/18744
f 23277/21436/18744 23229/21428/18978 23069/21426/18978 22952/21435/18744
f 23140/21330/18979 23231/21333/18664 22992/21352/18663 23017/21410/18662
f 23128/21340/18545 23125/21343/18686 22931/21308/18679 23002/21311/18513
f 22973/21308/18510 23002/21311/18513 23142/21310/18512 23253/21309/18511
f 23238/21351/18931 23097/21344/18549 23055/21345/18550 23052/21401/18931
f 23148/21438/18763 23146/21439/18803 23041/21440/18804 22911/21437/18762
f 22897/21442/18707 22915/21398/18536 23102/21402/18536 23101/21441/18707
f 23127/21343/18548 23128/21340/18545 23002/21311/18513 22973/21308/18510
f 23008/21427/18697 22998/21407/18655 23250/21408/18656 23126/21443/18708
f 23174/21434/18744 23169/21421/18978 23024/21420/18978 22963/21444/18744
f 23052/21401/18931 23055/21345/18550 23088/21300/18549 23087/21303/18931
f 23145/21413/19010 23255/21387/19011 22911/21437/18762 23041/21440/18804
f 23038/21389/18600 23041/21440/18804 23146/21439/18803 23153/21294/18571
f 23217/21423/18977 23266/21445/18744 22963/21444/18744 23024/21420/18978
f 23077/21446/18831 22982/21447/18734 23120/21448/18735 23118/21417/18687
f 23258/21390/19001 23145/21413/19010 23041/21440/18804 23038/21389/18600
f 23177/21450/18726 23242/21451/18543 22957/21452/18543 22967/21449/18544
f 23117/21409/18657 23247/21396/18614 22982/21447/18734 23077/21446/18831
f 23116/21415/18681 23114/21326/18616 22998/21407/18655 23008/21427/18697
f 23004/21407/18709 23008/21427/18697 23126/21443/18708 23249/21408/18710
f 23116/21415/18681 23115/21326/18531 23064/21327/18532 23053/21416/18682
f 22925/21327/18615 23053/21416/18682 23198/21424/18693 23246/21374/18643
f 22897/21442/18707 23079/21398/18521 23261/21319/18521 23157/21316/18707
f 22950/21369/18575 23043/21406/19008 23122/21409/18659 23248/21396/18658
f 23113/21329/18534 23112/21293/18576 22910/21292/18562 23060/21328/18533
f 23153/21294/18571 23146/21439/18803 23036/21453/18833 22933/21286/18865
f 23111/21290/18495 23112/21293/18576 22950/21369/18575 22959/21368/18574
f 22996/21369/18613 22959/21368/18574 23119/21395/18612 23247/21396/18614
f 23111/21290/18495 23110/21293/18498 22984/21292/18497 22903/21291/18496
f 22910/21292/18562 22903/21291/18496 23196/21357/18561 23244/21358/18563
f 22898/21342/18809 23077/21446/18831 23118/21417/18687 23125/21343/18686
f 22905/21431/18707 23044/21432/18521 23106/21402/18521 23101/21441/18707
f 22967/21449/18544 22957/21452/18543 23107/21377/18543 23108/21380/18993
f 23250/21408/18656 23117/21409/18657 23077/21446/18831 22898/21342/18809
f 22996/21369/18613 22981/21406/18654 23109/21329/18617 23110/21293/18498
f 23125/21343/18686 23118/21417/18687 22958/21414/18680 22931/21308/18679
f 23117/21409/18657 23250/21408/18656 22998/21407/18655 22981/21406/18654
f 23130/21312/18635 23254/21309/18636 22931/21308/18679 22958/21414/18680
f 22923/21419/18741 23030/21454/18721 23171/21455/18721 23172/21418/18741
f 23264/21422/18741 23214/21456/18721 23030/21454/18721 22923/21419/18741
f 23178/21457/18849 23270/21287/18859 22933/21286/18868 23036/21453/18833
f 22968/21458/18832 23036/21453/18833 23146/21439/18803 23148/21438/18763
f 23029/21449/18589 22927/21452/18588 23240/21451/18588 23184/21450/18629
f 22920/21459/18823 22958/21414/18680 23118/21417/18687 23120/21448/18735
f 22958/21414/18680 22920/21459/18823 23251/21313/18639 23130/21312/18635
f 23103/21380/18589 23104/21377/18588 22927/21452/18588 23029/21449/18589
f 23044/21432/18521 22905/21431/18707 23188/21430/18707 23241/21433/18521
f 23101/21441/18707 23106/21402/18521 23079/21398/18521 22897/21442/18707
f 22915/21398/18536 22897/21442/18707 23157/21316/18707 23259/21319/18536
f 23101/21441/18707 23102/21402/18536 22941/21432/18536 22905/21431/18707
f 23062/21350/18757 22987/21403/18694 23097/21344/18549 23238/21351/18931
f 23100/21404/19003 23099/21356/19014 22965/21355/19016 22954/21405/19015
f 22969/21372/18829 22954/21405/19017 23145/21413/19010 23258/21390/19001
f 23100/21404/19003 23098/21373/19004 22980/21362/18695 22987/21403/18694
f 22988/21350/18554 23032/21349/18969 23094/21348/18630 23236/21351/18555
f 23096/21353/18557 23095/21356/18560 22993/21355/18559 22989/21354/18558
f 22965/21355/19018 22989/21354/18558 23147/21386/18597 23255/21387/19011
f 23096/21353/18557 23099/21356/18611 23062/21350/18585 23032/21349/18969
f 22974/21379/18629 22902/21378/18588 23104/21377/18588 23103/21380/18589
f 23159/21339/18589 23260/21338/18588 22902/21378/18588 22974/21379/18629
f 22990/21389/18711 23074/21392/18994 23156/21295/18985 23155/21294/18499
f 22946/21461/18733 22913/21447/18714 23123/21448/18715 23121/21460/18732
f 23267/21462/18850 23178/21457/18849 23036/21453/18833 22968/21458/18851
f 23090/21370/18580 23098/21373/18583 22969/21372/18582 22979/21371/18581
f 23003/21372/18640 22979/21371/18581 23154/21391/18602 23257/21390/18641
f 23090/21370/18580 23092/21373/18738 22977/21362/18663 22947/21361/18662
f 23007/21302/18931 23051/21301/18549 23129/21305/18549 23234/21304/18931
f 23119/21395/18612 23248/21396/18658 22913/21447/18714 22946/21461/18733
f 22915/21398/18628 22974/21379/18629 23103/21380/18589 23102/21402/18628
f 22974/21379/18629 22915/21398/18628 23259/21319/18628 23159/21339/18589
f 23172/21418/18741 23171/21455/18721 23033/21463/18721 22994/21425/18741
f 23154/21391/18602 23258/21390/19001 23038/21389/18600 23074/21392/18994
f 23052/21401/18586 23022/21400/18630 23094/21348/18630 23238/21351/18586
f 23085/21399/18630 23087/21303/18586 23007/21302/18586 23080/21397/18630
f 22951/21332/18908 22972/21301/18506 23136/21305/18506 23231/21333/18908
f 23083/21300/18506 23082/21363/18908 22995/21346/18908 22975/21345/18941
f 22904/21401/18890 22975/21345/18941 23091/21344/18506 23236/21351/18890
f 22982/21447/18734 22946/21461/18733 23121/21460/18732 23120/21448/18735
f 23230/21464/18721 23281/21429/18741 22994/21425/18741 23033/21463/18721
f 23031/21425/18719 23033/21463/18721 23171/21455/18721 23170/21418/18719
f 23033/21463/18721 23031/21425/18719 23276/21429/18719 23230/21464/18721
f 23081/21465/18979 23082/21363/18664 22951/21332/18664 23046/21331/18979
f 23222/21423/18937 23265/21445/18701 23072/21467/18770 23070/21466/18755
f 22904/21401/18555 23022/21400/18630 23085/21399/18630 23084/21303/18555
f 23225/21468/18769 23226/21469/18759 23070/21466/18755 23072/21467/18770
f 23030/21454/18721 23028/21419/18719 23170/21418/18719 23171/21455/18721
f 23279/21324/18579 23224/21471/18766 23066/21472/18767 23065/21470/18768
f 23065/21470/18768 23066/21472/18767 23226/21469/18759 23225/21468/18769
f 23224/21471/18766 23282/21473/18765 23063/21474/18764 23066/21472/18767
f 22947/21361/18662 22980/21362/18566 23098/21373/18583 23090/21370/18580
f 23223/21475/18758 23226/21469/18759 23066/21472/18767 23063/21474/18764
f 23089/21360/18979 23237/21347/18538 22980/21362/18566 22947/21361/18662
f 23264/21422/18689 23222/21423/18937 23070/21466/18755 23058/21476/18689
f 23058/21476/18689 23070/21466/18755 23226/21469/18759 23223/21475/18758
f 23217/21423/18977 23263/21422/19013 23056/21476/18754 23054/21466/18742
f 22988/21350/18691 22997/21403/18645 23093/21404/18647 23095/21356/18692
f 23220/21475/18753 23221/21469/18747 23054/21466/18742 23056/21476/18754
f 22970/21478/18761 22906/21437/18703 23151/21438/18704 23149/21477/19019
f 23275/21473/18751 23219/21471/18749 23050/21472/18750 23049/21474/18752
f 23049/21474/18752 23050/21472/18750 23221/21469/18747 23220/21475/18753
f 23219/21471/18749 23278/21324/18653 23047/21470/18748 23050/21472/18750
f 23022/21400/18630 22904/21401/18555 23236/21351/18555 23094/21348/18630
f 23218/21468/18746 23221/21469/18747 23050/21472/18750 23047/21470/18748
f 23214/21456/18721 23263/21422/18719 23028/21419/18719 23030/21454/18721
f 23266/21445/18744 23217/21423/18977 23054/21466/18742 23042/21467/18745
f 23042/21467/18745 23054/21466/18742 23221/21469/18747 23218/21468/18746
f 23214/21456/18721 23264/21422/18741 23058/21476/18741 23039/21479/18721
f 23147/21386/18597 23256/21387/18678 22906/21437/18703 22970/21478/18761
f 23223/21475/18741 23216/21480/18721 23039/21479/18721 23058/21476/18741
f 22911/21437/18762 22970/21478/18761 23149/21477/19019 23148/21438/18763
f 23282/21473/18773 23215/21481/18772 23035/21482/18721 23063/21474/18741
f 23063/21474/18741 23035/21482/18721 23216/21480/18721 23223/21475/18741
f 23215/21481/18772 23275/21473/18771 23049/21474/18719 23035/21482/18721
f 22939/21444/18701 22991/21420/18982 23173/21421/18980 23175/21434/18701
f 23220/21475/18719 23216/21480/18721 23035/21482/18721 23049/21474/18719
f 23265/21445/18701 23222/21423/18937 22991/21420/18982 22939/21444/18701
f 23263/21422/18719 23214/21456/18721 23039/21479/18721 23056/21476/18719
f 23056/21476/18719 23039/21479/18721 23216/21480/18721 23220/21475/18719
f 23211/21484/18775 23266/21445/18789 23042/21467/18788 23027/21483/18981
f 23097/21344/18549 23237/21347/18903 23057/21346/18903 23055/21345/18550
f 23218/21468/18785 23213/21485/18779 23027/21483/18981 23042/21467/18788
f 23175/21434/18701 23173/21421/18980 23006/21426/18980 22940/21435/18701
f 23278/21324/18528 23212/21325/18783 23023/21486/18782 23047/21470/18784
f 23047/21470/18784 23023/21486/18782 23213/21485/18779 23218/21468/18785
f 23212/21325/18781 23279/21324/18665 23065/21470/18780 23023/21486/18782
f 22970/21478/18761 22911/21437/18762 23255/21387/19011 23147/21386/18597
f 23225/21468/18778 23213/21485/18779 23023/21486/18782 23065/21470/18780
f 22929/21487/18786 22968/21458/18793 23148/21438/18763 23149/21477/19019
f 23265/21445/18776 23211/21484/18775 23027/21483/18981 23072/21467/18777
f 23072/21467/18777 23027/21483/18981 23213/21485/18779 23225/21468/18778
f 23067/21488/18979 22995/21346/18664 23082/21363/18664 23081/21465/18979
f 23089/21360/18979 23235/21347/18664 22995/21346/18664 23067/21488/18979
f 23057/21346/18538 23067/21488/18979 23081/21465/18979 23086/21363/18538
f 23181/21489/18790 23267/21462/18799 22968/21458/18798 22929/21487/18786
f 23067/21488/18979 23057/21346/18538 23237/21347/18538 23089/21360/18979
f 23078/21458/18787 22929/21487/18786 23149/21477/19019 23151/21438/18704
f 23046/21331/18979 23075/21332/18538 23086/21363/18538 23081/21465/18979
f 23140/21330/18979 23233/21333/18538 23075/21332/18538 23046/21331/18979
f 23068/21302/18890 22972/21301/18506 23083/21300/18506 23084/21303/18890
f 22946/21461/18733 22982/21447/18734 23247/21396/18614 23119/21395/18612
f 22972/21301/18506 23068/21302/18890 23232/21304/18890 23136/21305/18506
f 23084/21303/18890 23083/21300/18506 22975/21345/18941 22904/21401/18890
f 23055/21345/18550 23057/21346/18903 23086/21363/18903 23088/21300/18549
f 22997/21403/18645 22988/21350/18691 23236/21351/18890 23091/21344/18506
f 23274/21491/18800 23208/21492/18802 23209/21493/19020 23205/21490/18801
f 23227/21428/18980 23280/21436/18701 22940/21435/18701 23006/21426/18980
f 22929/21487/18786 23078/21458/18792 23268/21462/18791 23181/21489/18790
f 23207/21490/18794 23209/21493/19020 23208/21492/18796 23273/21491/18795
f 23155/21294/18499 23152/21439/18705 22909/21440/18706 22990/21389/18711
f 23080/21397/18630 23068/21302/18555 23084/21303/18555 23085/21399/18630
f 23272/21367/18610 23206/21394/18995 23209/21493/19020 23207/21490/18806
f 23132/21375/18630 23232/21304/18555 23068/21302/18555 23080/21397/18630
f 22994/21425/18689 23006/21426/18980 23173/21421/18980 23172/21418/18689
f 23205/21490/18805 23209/21493/19020 23206/21394/18995 23271/21367/18608
f 23281/21429/18689 23227/21428/18980 23006/21426/18980 22994/21425/18689
f 23029/21449/18589 22941/21432/18628 23102/21402/18628 23103/21380/18589
f 23275/21473/18771 23215/21481/18772 23204/21495/18808 23202/21494/18810
f 23184/21450/18629 23239/21433/18628 22941/21432/18628 23029/21449/18589
f 23249/21408/18710 23126/21443/18708 23001/21341/18546 22936/21342/18547
f 23203/21494/18807 23204/21495/18808 23215/21481/18772 23282/21473/18773
f 23150/21413/18676 23257/21390/18641 22990/21389/18711 22909/21440/18706
f 22964/21496/18812 22920/21459/18823 23120/21448/18735 23121/21460/18732
f 23273/21491/18795 23208/21492/18817 23204/21495/18808 23203/21494/18816
f 23133/21393/18604 23251/21313/18830 22920/21459/18823 22964/21496/18812
f 22967/21449/18544 23044/21432/18590 23241/21433/18590 23177/21450/18726
f 23202/21494/18813 23204/21495/18808 23208/21492/18814 23274/21491/18800
f 22934/21405/19021 22993/21355/18728 23095/21356/18692 23093/21404/18647
f 22957/21452/18609 23020/21497/18820 23105/21498/18820 23107/21377/18609
f 23224/21471/18766 23201/21499/18834 23203/21494/18836 23282/21473/18765
f 22906/21437/18703 22909/21440/18706 23152/21439/18705 23151/21438/18704
f 23075/21332/18903 23051/21301/18549 23088/21300/18549 23086/21363/18903
f 23279/21324/18579 23200/21366/18572 23201/21499/18834 23224/21471/18766
f 23020/21497/18820 22957/21452/18609 23242/21451/18609 23180/21500/18820
f 22932/21459/18727 22964/21496/18812 23121/21460/18732 23123/21448/18715
f 23207/21490/18840 23201/21499/18834 23200/21366/18572 23272/21367/18573
f 23172/21418/18689 23173/21421/18980 22991/21420/18982 22923/21419/18689
f 23150/21413/18676 23256/21387/18678 22993/21355/18677 22934/21405/19022
f 23273/21491/18795 23203/21494/18839 23201/21499/18834 23207/21490/18838
f 23256/21387/18678 23150/21413/18676 22909/21440/18706 22906/21437/18703
f 22936/21342/18547 23001/21341/18546 23128/21340/18545 23127/21343/18548
f 23246/21374/18643 23198/21424/18693 23199/21501/18828 23195/21359/18642
f 22918/21502/18820 23045/21378/18609 23107/21377/18609 23105/21498/18820
f 22934/21405/19023 23003/21372/18729 23257/21390/18641 23150/21413/18676
f 23197/21359/18564 23199/21501/18828 23198/21424/18693 23245/21374/18584
f 23222/21423/18937 23264/21422/18689 22923/21419/18689 22991/21420/18982
f 22964/21496/18812 22932/21459/18727 23252/21313/18815 23133/21393/18604
f 23244/21358/18563 23196/21357/18561 23199/21501/18828 23197/21359/18564
f 23127/21343/18548 23124/21417/18712 22961/21446/18713 22936/21342/18547
f 23151/21438/18704 23152/21439/18705 23025/21453/18717 23078/21458/18725
f 23195/21359/18642 23199/21501/18828 23196/21357/18561 23243/21358/18644
f 23051/21301/18549 23075/21332/18903 23233/21333/18903 23129/21305/18549
f 23162/21385/18820 23262/21338/18609 23045/21378/18609 22918/21502/18820
f 23219/21471/18749 23194/21499/18821 23193/21366/18652 23278/21324/18653
f 22902/21378/18595 22918/21502/18820 23105/21498/18820 23104/21377/18595
f 23003/21372/18649 22934/21405/19024 23093/21404/18647 23092/21373/18650
f 23275/21473/18751 23202/21494/18822 23194/21499/18821 23219/21471/18749
f 22963/21444/18789 23026/21503/18775 23176/21504/18775 23174/21434/18789
f 22981/21406/18654 22998/21407/18655 23114/21326/18616 23109/21329/18617
f 23205/21490/18826 23194/21499/18821 23202/21494/18827 23274/21491/18800
f 23122/21409/18659 23249/21408/18710 22936/21342/18547 22961/21446/18713
f 22918/21502/18820 22902/21378/18595 23260/21338/18595 23162/21385/18820
f 23271/21367/18675 23193/21366/18652 23194/21499/18821 23205/21490/18824
f 23188/21430/18707 23239/21433/18536 22944/21506/18852 22942/21505/18983
f 23026/21503/18775 22963/21444/18789 23266/21445/18789 23211/21484/18775
f 23191/21507/18848 23192/21508/18844 22942/21505/18983 22944/21506/18852
f 22943/21509/18775 22952/21435/18789 23174/21434/18789 23176/21504/18775
f 23269/21287/18492 23190/21288/18493 22938/21511/18846 22937/21510/18847
f 22937/21510/18847 22938/21511/18846 23192/21508/18844 23191/21507/18848
f 23190/21288/18493 23270/21287/18671 22935/21510/18845 22938/21511/18846
f 23126/21443/18708 23250/21408/18656 22898/21342/18809 23001/21341/18546
f 23189/21507/18843 23192/21508/18844 22938/21511/18846 22935/21510/18845
f 23185/21457/18722 23268/21462/18737 23078/21458/18736 23025/21453/18717
f 23241/21433/18521 23188/21430/18707 22942/21505/18983 22930/21506/18842
f 22930/21506/18842 22942/21505/18983 23192/21508/18844 23189/21507/18843
f 23184/21450/18629 23240/21451/18588 22928/21513/18882 22926/21512/18874
f 22913/21447/18714 22961/21446/18713 23124/21417/18712 23123/21448/18715
f 23186/21514/18881 23187/21515/18877 22926/21512/18874 22928/21513/18882
f 22961/21446/18713 22913/21447/18714 23248/21396/18658 23122/21409/18659
f 23268/21462/18737 23185/21457/18722 22922/21517/18879 22921/21516/18880
f 22921/21516/18880 22922/21517/18879 23187/21515/18877 23186/21514/18881
f 23185/21457/18722 23269/21287/18723 22937/21510/18878 22922/21517/18879
f 23228/21518/18775 23277/21436/18789 22952/21435/18789 22943/21509/18775
f 23191/21507/18876 23187/21515/18877 22922/21517/18879 22937/21510/18878
f 23020/21497/18820 22927/21452/18595 23104/21377/18595 23105/21498/18820
f 23239/21433/18628 23184/21450/18629 22926/21512/18874 22944/21506/18875
f 22944/21506/18875 22926/21512/18874 23187/21515/18877 23191/21507/18876
f 23180/21500/18820 23242/21451/18609 22914/21513/18873 22912/21519/18863
f 22978/21286/18716 23025/21453/18717 23152/21439/18705 23155/21294/18499
f 23182/21514/18872 23183/21520/19025 22912/21519/18863 22914/21513/18873
f 23269/21287/18723 23185/21457/18722 23025/21453/18717 22978/21286/18724
f 23267/21462/18799 23181/21489/18790 22908/21521/18984 22907/21516/18871
f 22907/21516/18871 22908/21521/18984 23183/21520/19025 23182/21514/18872
f 23181/21489/18790 23268/21462/18791 22921/21516/18869 22908/21521/18984
f 22940/21435/18776 22943/21509/18775 23176/21504/18775 23175/21434/18776
f 23186/21514/18866 23183/21520/19025 22908/21521/18984 22921/21516/18869
f 23280/21436/18776 23228/21518/18775 22943/21509/18775 22940/21435/18776
f 23240/21451/18595 23180/21500/18820 22912/21519/18863 22928/21513/18864
f 22928/21513/18864 22912/21519/18863 23183/21520/19025 23186/21514/18866
f 23177/21450/18726 23241/21433/18590 22930/21506/18862 22899/21512/18853
f 23180/21500/18820 23240/21451/18595 22927/21452/18595 23020/21497/18820
f 23189/21507/18861 23179/21515/18856 22899/21512/18853 22930/21506/18862
f 23044/21432/18590 22967/21449/18544 23108/21380/18993 23106/21402/18590
f 23270/21287/18859 23178/21457/18849 22901/21517/18858 22935/21510/18860
f 22935/21510/18860 22901/21517/18858 23179/21515/18856 23189/21507/18861
f 23178/21457/18849 23267/21462/18850 22907/21516/18857 22901/21517/18858
f 22960/21414/18718 22932/21459/18727 23123/21448/18715 23124/21417/18712
f 23182/21514/18855 23179/21515/18856 22901/21517/18858 22907/21516/18857
f 23137/21312/18999 23252/21313/18515 22932/21459/18727 22960/21414/18718
f 23242/21451/18543 23177/21450/18726 22899/21512/18853 22914/21513/18854
f 22914/21513/18854 22899/21512/18853 23179/21515/18856 23182/21514/18855
f 23211/21484/18775 23265/21445/18776 22939/21444/18776 23026/21503/18775
f 22966/21379/18544 23045/21378/18543 23262/21338/18543 23165/21339/18544
f 23175/21434/18776 23176/21504/18775 23026/21503/18775 22939/21444/18776
f 23074/21392/18994 23038/21389/18600 23153/21294/18571 23156/21295/18985

usemtl default

